game_id,class_alias,attacker,defender,turn,success,compilable,attempts
223,Complex,haiku,4.1 mini,1,1.0,1,2
223,Complex,haiku,4.1 mini,2,1.0,1,2
223,Complex,haiku,4.1 mini,3,,3,3
223,Complex,haiku,4.1 mini,4,3.0,3,3
223,Complex,haiku,4.1 mini,5,1.0,1,1
223,Complex,haiku,4.1 mini,6,2.0,2,3
223,Complex,haiku,4.1 mini,7,,3,3
223,Complex,haiku,4.1 mini,8,,3,4
223,Complex,haiku,4.1 mini,9,,3,4
223,Complex,haiku,4.1 mini,10,1.0,1,1
223,Complex,haiku,4.1 mini,11,,3,3
223,Complex,haiku,4.1 mini,12,,3,3
223,Complex,haiku,4.1 mini,13,3.0,3,3
223,Complex,haiku,4.1 mini,14,3.0,3,3
223,Complex,haiku,4.1 mini,15,,3,3
223,Complex,haiku,4.1 mini,16,,3,3
223,Complex,haiku,4.1 mini,17,,3,4
223,Complex,haiku,4.1 mini,18,,3,4
223,Complex,haiku,4.1 mini,19,,3,3
223,Complex,haiku,4.1 mini,20,,3,3
227,Complex,4.1 mini,4.1 mini,1,1.0,1,1
227,Complex,4.1 mini,4.1 mini,2,1.0,1,1
227,Complex,4.1 mini,4.1 mini,3,1.0,1,1
227,Complex,4.1 mini,4.1 mini,4,1.0,1,1
227,Complex,4.1 mini,4.1 mini,5,1.0,1,1
227,Complex,4.1 mini,4.1 mini,6,2.0,2,2
227,Complex,4.1 mini,4.1 mini,7,1.0,1,2
227,Complex,4.1 mini,4.1 mini,8,,3,3
227,Complex,4.1 mini,4.1 mini,9,,3,3
227,Complex,4.1 mini,4.1 mini,10,,3,3
227,Complex,4.1 mini,4.1 mini,11,,3,3
227,Complex,4.1 mini,4.1 mini,12,,3,3
227,Complex,4.1 mini,4.1 mini,13,1.0,1,1
227,Complex,4.1 mini,4.1 mini,14,,3,3
227,Complex,4.1 mini,4.1 mini,15,,3,3
227,Complex,4.1 mini,4.1 mini,16,,3,3
227,Complex,4.1 mini,4.1 mini,17,,3,3
227,Complex,4.1 mini,4.1 mini,18,,3,3
227,Complex,4.1 mini,4.1 mini,19,,3,4
227,Complex,4.1 mini,4.1 mini,20,,3,3
229,Complex,4.1,haiku,1,1.0,1,1
229,Complex,4.1,haiku,2,1.0,1,1
229,Complex,4.1,haiku,3,2.0,2,2
229,Complex,4.1,haiku,4,1.0,1,1
229,Complex,4.1,haiku,5,,3,3
229,Complex,4.1,haiku,6,3.0,3,3
229,Complex,4.1,haiku,7,,3,3
229,Complex,4.1,haiku,8,,3,3
229,Complex,4.1,haiku,9,1.0,1,1
229,Complex,4.1,haiku,10,1.0,1,1
229,Complex,4.1,haiku,11,,3,3
229,Complex,4.1,haiku,12,,3,3
229,Complex,4.1,haiku,13,1.0,1,1
229,Complex,4.1,haiku,14,1.0,1,1
229,Complex,4.1,haiku,15,,3,3
229,Complex,4.1,haiku,16,1.0,1,1
229,Complex,4.1,haiku,17,3.0,3,3
229,Complex,4.1,haiku,18,,3,3
229,Complex,4.1,haiku,19,,3,3
229,Complex,4.1,haiku,20,,3,3
230,Complex,4.1 mini,haiku,1,1.0,1,1
230,Complex,4.1 mini,haiku,2,1.0,1,1
230,Complex,4.1 mini,haiku,3,1.0,1,2
230,Complex,4.1 mini,haiku,4,1.0,1,1
230,Complex,4.1 mini,haiku,5,2.0,2,2
230,Complex,4.1 mini,haiku,6,1.0,1,1
230,Complex,4.1 mini,haiku,7,1.0,1,1
230,Complex,4.1 mini,haiku,8,1.0,1,1
230,Complex,4.1 mini,haiku,9,,3,3
230,Complex,4.1 mini,haiku,10,1.0,1,1
230,Complex,4.1 mini,haiku,11,3.0,3,3
230,Complex,4.1 mini,haiku,12,3.0,3,3
230,Complex,4.1 mini,haiku,13,3.0,3,3
230,Complex,4.1 mini,haiku,14,3.0,3,3
230,Complex,4.1 mini,haiku,15,,3,3
230,Complex,4.1 mini,haiku,16,,3,3
230,Complex,4.1 mini,haiku,17,,3,3
230,Complex,4.1 mini,haiku,18,,3,3
230,Complex,4.1 mini,haiku,19,,3,3
230,Complex,4.1 mini,haiku,20,,3,3
231,Complex,haiku,sonnet,1,1.0,1,1
231,Complex,haiku,sonnet,2,1.0,1,1
231,Complex,haiku,sonnet,3,3.0,3,3
231,Complex,haiku,sonnet,4,1.0,1,1
231,Complex,haiku,sonnet,5,,3,4
231,Complex,haiku,sonnet,6,,3,4
231,Complex,haiku,sonnet,7,3.0,3,3
231,Complex,haiku,sonnet,8,,3,3
231,Complex,haiku,sonnet,9,,3,3
231,Complex,haiku,sonnet,10,,3,3
231,Complex,haiku,sonnet,11,,3,3
231,Complex,haiku,sonnet,12,,3,4
231,Complex,haiku,sonnet,13,,3,4
231,Complex,haiku,sonnet,14,,3,3
231,Complex,haiku,sonnet,15,,3,3
231,Complex,haiku,sonnet,16,,3,5
231,Complex,haiku,sonnet,17,,3,4
231,Complex,haiku,sonnet,18,,3,3
231,Complex,haiku,sonnet,19,,3,3
231,Complex,haiku,sonnet,20,,3,3
235,Complex,4.1,4.1,1,1.0,1,1
235,Complex,4.1,4.1,2,1.0,1,1
235,Complex,4.1,4.1,3,1.0,1,1
235,Complex,4.1,4.1,4,1.0,1,1
235,Complex,4.1,4.1,5,1.0,1,1
235,Complex,4.1,4.1,6,3.0,3,3
235,Complex,4.1,4.1,7,2.0,2,2
235,Complex,4.1,4.1,8,,3,3
235,Complex,4.1,4.1,9,,3,3
235,Complex,4.1,4.1,10,,3,3
235,Complex,4.1,4.1,11,1.0,1,1
235,Complex,4.1,4.1,12,1.0,1,1
235,Complex,4.1,4.1,13,,3,3
235,Complex,4.1,4.1,14,,3,3
235,Complex,4.1,4.1,15,,3,3
235,Complex,4.1,4.1,16,,3,3
235,Complex,4.1,4.1,17,3.0,3,3
235,Complex,4.1,4.1,18,3.0,3,3
235,Complex,4.1,4.1,19,,3,3
235,Complex,4.1,4.1,20,,3,3
236,Complex,4.1 mini,4.1,1,1.0,1,1
236,Complex,4.1 mini,4.1,2,2.0,2,2
236,Complex,4.1 mini,4.1,3,2.0,2,2
236,Complex,4.1 mini,4.1,4,2.0,2,2
236,Complex,4.1 mini,4.1,5,,3,3
236,Complex,4.1 mini,4.1,6,,3,3
236,Complex,4.1 mini,4.1,7,,3,3
236,Complex,4.1 mini,4.1,8,2.0,2,2
236,Complex,4.1 mini,4.1,9,1.0,1,1
236,Complex,4.1 mini,4.1,10,1.0,1,1
236,Complex,4.1 mini,4.1,11,3.0,3,3
236,Complex,4.1 mini,4.1,12,,3,3
236,Complex,4.1 mini,4.1,13,1.0,1,1
236,Complex,4.1 mini,4.1,14,2.0,2,2
236,Complex,4.1 mini,4.1,15,1.0,1,1
236,Complex,4.1 mini,4.1,16,2.0,2,2
236,Complex,4.1 mini,4.1,17,,3,3
236,Complex,4.1 mini,4.1,18,3.0,3,3
236,Complex,4.1 mini,4.1,19,,3,3
236,Complex,4.1 mini,4.1,20,3.0,3,3
237,Complex,haiku,haiku,1,1.0,1,1
237,Complex,haiku,haiku,2,2.0,2,2
237,Complex,haiku,haiku,3,3.0,3,4
237,Complex,haiku,haiku,4,,3,3
237,Complex,haiku,haiku,5,1.0,1,1
237,Complex,haiku,haiku,6,,3,3
237,Complex,haiku,haiku,7,,3,4
237,Complex,haiku,haiku,8,,3,3
237,Complex,haiku,haiku,9,,3,4
237,Complex,haiku,haiku,10,,3,4
237,Complex,haiku,haiku,11,,3,4
237,Complex,haiku,haiku,12,1.0,1,2
237,Complex,haiku,haiku,13,,3,3
237,Complex,haiku,haiku,14,,3,3
237,Complex,haiku,haiku,15,,3,3
237,Complex,haiku,haiku,16,,3,3
237,Complex,haiku,haiku,17,,3,3
237,Complex,haiku,haiku,18,,3,3
237,Complex,haiku,haiku,19,,3,3
237,Complex,haiku,haiku,20,,3,3
238,Complex,4.1 mini,sonnet,1,1.0,1,1
238,Complex,4.1 mini,sonnet,2,1.0,1,1
238,Complex,4.1 mini,sonnet,3,1.0,1,1
238,Complex,4.1 mini,sonnet,4,1.0,1,1
238,Complex,4.1 mini,sonnet,5,1.0,1,1
238,Complex,4.1 mini,sonnet,6,1.0,1,1
238,Complex,4.1 mini,sonnet,7,1.0,1,1
238,Complex,4.1 mini,sonnet,8,3.0,3,4
238,Complex,4.1 mini,sonnet,9,,3,3
238,Complex,4.1 mini,sonnet,10,,3,3
238,Complex,4.1 mini,sonnet,11,2.0,2,2
238,Complex,4.1 mini,sonnet,12,2.0,2,2
238,Complex,4.1 mini,sonnet,13,,3,3
238,Complex,4.1 mini,sonnet,14,,3,3
238,Complex,4.1 mini,sonnet,15,1.0,1,1
238,Complex,4.1 mini,sonnet,16,,3,3
238,Complex,4.1 mini,sonnet,17,,3,3
238,Complex,4.1 mini,sonnet,18,,3,3
238,Complex,4.1 mini,sonnet,19,2.0,2,2
238,Complex,4.1 mini,sonnet,20,,3,3
240,Complex,4.1,sonnet,1,1.0,1,1
240,Complex,4.1,sonnet,2,,3,3
240,Complex,4.1,sonnet,3,2.0,2,2
240,Complex,4.1,sonnet,4,1.0,1,1
240,Complex,4.1,sonnet,5,1.0,1,1
240,Complex,4.1,sonnet,6,1.0,1,1
240,Complex,4.1,sonnet,7,,3,3
240,Complex,4.1,sonnet,8,1.0,1,1
240,Complex,4.1,sonnet,9,3.0,3,3
240,Complex,4.1,sonnet,10,,3,3
240,Complex,4.1,sonnet,11,,3,3
240,Complex,4.1,sonnet,12,2.0,2,2
240,Complex,4.1,sonnet,13,,3,3
240,Complex,4.1,sonnet,14,2.0,2,2
240,Complex,4.1,sonnet,15,1.0,1,1
240,Complex,4.1,sonnet,16,,3,3
240,Complex,4.1,sonnet,17,,3,3
240,Complex,4.1,sonnet,18,,3,3
240,Complex,4.1,sonnet,19,,3,3
240,Complex,4.1,sonnet,20,,3,3
241,Complex,4.1,4.1 mini,1,1.0,1,1
241,Complex,4.1,4.1 mini,2,1.0,1,1
241,Complex,4.1,4.1 mini,3,1.0,1,1
241,Complex,4.1,4.1 mini,4,,3,3
241,Complex,4.1,4.1 mini,5,2.0,2,2
241,Complex,4.1,4.1 mini,6,,3,3
241,Complex,4.1,4.1 mini,7,,3,3
241,Complex,4.1,4.1 mini,8,3.0,3,3
241,Complex,4.1,4.1 mini,9,,3,3
241,Complex,4.1,4.1 mini,10,,3,3
241,Complex,4.1,4.1 mini,11,,3,3
241,Complex,4.1,4.1 mini,12,,3,3
241,Complex,4.1,4.1 mini,13,,3,3
241,Complex,4.1,4.1 mini,14,,3,3
241,Complex,4.1,4.1 mini,15,,3,3
241,Complex,4.1,4.1 mini,16,,3,3
241,Complex,4.1,4.1 mini,17,,3,3
241,Complex,4.1,4.1 mini,18,2.0,2,2
241,Complex,4.1,4.1 mini,19,,3,3
241,Complex,4.1,4.1 mini,20,,3,3
242,Complex,haiku,4.1,1,1.0,1,1
242,Complex,haiku,4.1,2,1.0,1,1
242,Complex,haiku,4.1,3,,3,4
242,Complex,haiku,4.1,4,2.0,2,2
242,Complex,haiku,4.1,5,,3,3
242,Complex,haiku,4.1,6,,3,3
242,Complex,haiku,4.1,7,,3,3
242,Complex,haiku,4.1,8,,3,4
242,Complex,haiku,4.1,9,1.0,1,1
242,Complex,haiku,4.1,10,,3,3
242,Complex,haiku,4.1,11,,3,3
242,Complex,haiku,4.1,12,,3,3
242,Complex,haiku,4.1,13,,3,3
242,Complex,haiku,4.1,14,,3,3
242,Complex,haiku,4.1,15,,3,3
242,Complex,haiku,4.1,16,,3,4
242,Complex,haiku,4.1,17,,3,3
242,Complex,haiku,4.1,18,,3,3
242,Complex,haiku,4.1,19,1.0,1,1
242,Complex,haiku,4.1,20,3.0,3,3
243,Complex,sonnet,haiku,1,1.0,1,1
243,Complex,sonnet,haiku,2,1.0,1,1
243,Complex,sonnet,haiku,3,,3,4
243,Complex,sonnet,haiku,4,,3,5
243,Complex,sonnet,haiku,5,,3,3
243,Complex,sonnet,haiku,6,1.0,1,1
243,Complex,sonnet,haiku,7,,3,3
243,Complex,sonnet,haiku,8,1.0,1,1
243,Complex,sonnet,haiku,9,,3,4
243,Complex,sonnet,haiku,10,,3,6
243,Complex,sonnet,haiku,11,,3,3
243,Complex,sonnet,haiku,12,,3,5
243,Complex,sonnet,haiku,13,,3,3
243,Complex,sonnet,haiku,14,,3,6
243,Complex,sonnet,haiku,15,,3,4
243,Complex,sonnet,haiku,16,,3,6
243,Complex,sonnet,haiku,17,,3,4
243,Complex,sonnet,haiku,18,,3,4
243,Complex,sonnet,haiku,19,,3,5
243,Complex,sonnet,haiku,20,,3,3
374,SparseIntArray,4.1 mini,4.1,1,1.0,1,1
374,SparseIntArray,4.1 mini,4.1,2,1.0,1,1
374,SparseIntArray,4.1 mini,4.1,3,2.0,2,3
374,SparseIntArray,4.1 mini,4.1,4,,3,4
374,SparseIntArray,4.1 mini,4.1,5,2.0,2,4
374,SparseIntArray,4.1 mini,4.1,6,,3,5
374,SparseIntArray,4.1 mini,4.1,7,3.0,3,5
374,SparseIntArray,4.1 mini,4.1,8,1.0,1,3
374,SparseIntArray,4.1 mini,4.1,9,3.0,3,4
374,SparseIntArray,4.1 mini,4.1,10,,3,8
374,SparseIntArray,4.1 mini,4.1,11,1.0,1,2
374,SparseIntArray,4.1 mini,4.1,12,2.0,2,3
374,SparseIntArray,4.1 mini,4.1,13,1.0,1,1
374,SparseIntArray,4.1 mini,4.1,14,,3,6
374,SparseIntArray,4.1 mini,4.1,15,3.0,3,4
374,SparseIntArray,4.1 mini,4.1,16,,3,5
374,SparseIntArray,4.1 mini,4.1,17,3.0,3,5
374,SparseIntArray,4.1 mini,4.1,18,3.0,3,5
374,SparseIntArray,4.1 mini,4.1,19,,3,4
374,SparseIntArray,4.1 mini,4.1,20,,3,5
375,SparseIntArray,sonnet,4.1,1,1.0,1,1
375,SparseIntArray,sonnet,4.1,2,2.0,2,2
375,SparseIntArray,sonnet,4.1,3,,3,3
375,SparseIntArray,sonnet,4.1,4,,3,3
375,SparseIntArray,sonnet,4.1,5,,3,3
375,SparseIntArray,sonnet,4.1,6,,3,3
375,SparseIntArray,sonnet,4.1,7,,3,3
375,SparseIntArray,sonnet,4.1,8,,3,3
375,SparseIntArray,sonnet,4.1,9,,3,3
375,SparseIntArray,sonnet,4.1,10,,3,3
375,SparseIntArray,sonnet,4.1,11,,3,3
375,SparseIntArray,sonnet,4.1,12,,3,3
375,SparseIntArray,sonnet,4.1,13,,3,3
375,SparseIntArray,sonnet,4.1,14,,3,3
375,SparseIntArray,sonnet,4.1,15,,3,3
375,SparseIntArray,sonnet,4.1,16,,3,3
375,SparseIntArray,sonnet,4.1,17,,3,3
375,SparseIntArray,sonnet,4.1,18,,3,3
375,SparseIntArray,sonnet,4.1,19,,3,3
375,SparseIntArray,sonnet,4.1,20,,3,3
376,SparseIntArray,4.1 mini,4.1 mini,1,1.0,1,1
376,SparseIntArray,4.1 mini,4.1 mini,2,1.0,1,1
376,SparseIntArray,4.1 mini,4.1 mini,3,1.0,1,1
376,SparseIntArray,4.1 mini,4.1 mini,4,2.0,2,3
376,SparseIntArray,4.1 mini,4.1 mini,5,1.0,1,1
376,SparseIntArray,4.1 mini,4.1 mini,6,3.0,3,5
376,SparseIntArray,4.1 mini,4.1 mini,7,,3,4
376,SparseIntArray,4.1 mini,4.1 mini,8,3.0,3,4
376,SparseIntArray,4.1 mini,4.1 mini,9,3.0,3,7
376,SparseIntArray,4.1 mini,4.1 mini,10,3.0,3,5
376,SparseIntArray,4.1 mini,4.1 mini,11,3.0,3,6
376,SparseIntArray,4.1 mini,4.1 mini,12,3.0,3,5
376,SparseIntArray,4.1 mini,4.1 mini,13,1.0,1,4
376,SparseIntArray,4.1 mini,4.1 mini,14,1.0,1,1
376,SparseIntArray,4.1 mini,4.1 mini,15,,3,7
376,SparseIntArray,4.1 mini,4.1 mini,16,2.0,2,2
376,SparseIntArray,4.1 mini,4.1 mini,17,,3,8
376,SparseIntArray,4.1 mini,4.1 mini,18,1.0,1,1
376,SparseIntArray,4.1 mini,4.1 mini,19,,3,5
376,SparseIntArray,4.1 mini,4.1 mini,20,,3,4
377,SparseIntArray,4.1 mini,haiku,1,1.0,1,1
377,SparseIntArray,4.1 mini,haiku,2,1.0,1,2
377,SparseIntArray,4.1 mini,haiku,3,1.0,1,1
377,SparseIntArray,4.1 mini,haiku,4,1.0,1,1
377,SparseIntArray,4.1 mini,haiku,5,3.0,3,5
377,SparseIntArray,4.1 mini,haiku,6,1.0,1,1
377,SparseIntArray,4.1 mini,haiku,7,,3,5
377,SparseIntArray,4.1 mini,haiku,8,,3,3
377,SparseIntArray,4.1 mini,haiku,9,2.0,2,2
377,SparseIntArray,4.1 mini,haiku,10,1.0,1,1
377,SparseIntArray,4.1 mini,haiku,11,1.0,1,1
377,SparseIntArray,4.1 mini,haiku,12,,3,5
377,SparseIntArray,4.1 mini,haiku,13,1.0,1,1
377,SparseIntArray,4.1 mini,haiku,14,2.0,2,2
377,SparseIntArray,4.1 mini,haiku,15,,3,3
377,SparseIntArray,4.1 mini,haiku,16,,3,5
377,SparseIntArray,4.1 mini,haiku,17,1.0,1,1
377,SparseIntArray,4.1 mini,haiku,18,3.0,3,10
377,SparseIntArray,4.1 mini,haiku,19,3.0,3,4
377,SparseIntArray,4.1 mini,haiku,20,,3,5
379,SparseIntArray,sonnet,haiku,1,1.0,1,1
379,SparseIntArray,sonnet,haiku,2,1.0,1,1
379,SparseIntArray,sonnet,haiku,3,,3,3
379,SparseIntArray,sonnet,haiku,4,,3,3
379,SparseIntArray,sonnet,haiku,5,,3,3
379,SparseIntArray,sonnet,haiku,6,,3,3
379,SparseIntArray,sonnet,haiku,7,,3,3
379,SparseIntArray,sonnet,haiku,8,,3,3
379,SparseIntArray,sonnet,haiku,9,,3,3
379,SparseIntArray,sonnet,haiku,10,,3,3
379,SparseIntArray,sonnet,haiku,11,,3,3
379,SparseIntArray,sonnet,haiku,12,,3,3
379,SparseIntArray,sonnet,haiku,13,,3,3
379,SparseIntArray,sonnet,haiku,14,,3,3
379,SparseIntArray,sonnet,haiku,15,,3,3
379,SparseIntArray,sonnet,haiku,16,,3,3
379,SparseIntArray,sonnet,haiku,17,,3,3
379,SparseIntArray,sonnet,haiku,18,,3,3
379,SparseIntArray,sonnet,haiku,19,,3,3
379,SparseIntArray,sonnet,haiku,20,,3,3
380,SparseIntArray,4.1,4.1,1,1.0,1,1
380,SparseIntArray,4.1,4.1,2,1.0,1,1
380,SparseIntArray,4.1,4.1,3,2.0,2,2
380,SparseIntArray,4.1,4.1,4,2.0,2,2
380,SparseIntArray,4.1,4.1,5,,3,3
380,SparseIntArray,4.1,4.1,6,,3,3
380,SparseIntArray,4.1,4.1,7,,3,3
380,SparseIntArray,4.1,4.1,8,,3,3
380,SparseIntArray,4.1,4.1,9,,3,3
380,SparseIntArray,4.1,4.1,10,,3,3
380,SparseIntArray,4.1,4.1,11,,3,3
380,SparseIntArray,4.1,4.1,12,,3,3
380,SparseIntArray,4.1,4.1,13,,3,3
380,SparseIntArray,4.1,4.1,14,,3,3
380,SparseIntArray,4.1,4.1,15,,3,4
380,SparseIntArray,4.1,4.1,16,,3,3
380,SparseIntArray,4.1,4.1,17,,3,3
380,SparseIntArray,4.1,4.1,18,2.0,2,2
380,SparseIntArray,4.1,4.1,19,,3,3
380,SparseIntArray,4.1,4.1,20,1.0,1,1
383,SparseIntArray,4.1,4.1 mini,1,1.0,1,1
383,SparseIntArray,4.1,4.1 mini,2,1.0,1,1
383,SparseIntArray,4.1,4.1 mini,3,,3,3
383,SparseIntArray,4.1,4.1 mini,4,1.0,1,1
383,SparseIntArray,4.1,4.1 mini,5,3.0,3,3
383,SparseIntArray,4.1,4.1 mini,6,1.0,1,2
383,SparseIntArray,4.1,4.1 mini,7,,3,3
383,SparseIntArray,4.1,4.1 mini,8,,3,3
383,SparseIntArray,4.1,4.1 mini,9,,3,3
383,SparseIntArray,4.1,4.1 mini,10,,3,3
383,SparseIntArray,4.1,4.1 mini,11,2.0,2,2
383,SparseIntArray,4.1,4.1 mini,12,1.0,1,1
383,SparseIntArray,4.1,4.1 mini,13,,3,3
383,SparseIntArray,4.1,4.1 mini,14,2.0,2,2
383,SparseIntArray,4.1,4.1 mini,15,,3,3
383,SparseIntArray,4.1,4.1 mini,16,,3,3
383,SparseIntArray,4.1,4.1 mini,17,,3,3
383,SparseIntArray,4.1,4.1 mini,18,,3,3
383,SparseIntArray,4.1,4.1 mini,19,2.0,2,2
383,SparseIntArray,4.1,4.1 mini,20,,3,3
384,SparseIntArray,sonnet,sonnet,1,1.0,1,1
384,SparseIntArray,sonnet,sonnet,2,1.0,1,1
384,SparseIntArray,sonnet,sonnet,3,,3,3
384,SparseIntArray,sonnet,sonnet,4,,3,3
384,SparseIntArray,sonnet,sonnet,5,,3,3
384,SparseIntArray,sonnet,sonnet,6,,3,3
384,SparseIntArray,sonnet,sonnet,7,,3,3
384,SparseIntArray,sonnet,sonnet,8,,3,3
384,SparseIntArray,sonnet,sonnet,9,,3,3
384,SparseIntArray,sonnet,sonnet,10,,3,3
384,SparseIntArray,sonnet,sonnet,11,,3,3
384,SparseIntArray,sonnet,sonnet,12,,3,3
384,SparseIntArray,sonnet,sonnet,13,,3,3
384,SparseIntArray,sonnet,sonnet,14,,3,3
384,SparseIntArray,sonnet,sonnet,15,,3,3
384,SparseIntArray,sonnet,sonnet,16,,3,3
384,SparseIntArray,sonnet,sonnet,17,,3,3
384,SparseIntArray,sonnet,sonnet,18,,3,3
384,SparseIntArray,sonnet,sonnet,19,,3,3
384,SparseIntArray,sonnet,sonnet,20,,3,3
387,SparseIntArray,sonnet,4.1 mini,1,1.0,1,1
387,SparseIntArray,sonnet,4.1 mini,2,1.0,1,1
387,SparseIntArray,sonnet,4.1 mini,3,,3,3
387,SparseIntArray,sonnet,4.1 mini,4,,3,3
387,SparseIntArray,sonnet,4.1 mini,5,,3,3
387,SparseIntArray,sonnet,4.1 mini,6,,3,3
387,SparseIntArray,sonnet,4.1 mini,7,,3,3
387,SparseIntArray,sonnet,4.1 mini,8,,3,3
387,SparseIntArray,sonnet,4.1 mini,9,,3,3
387,SparseIntArray,sonnet,4.1 mini,10,,3,3
387,SparseIntArray,sonnet,4.1 mini,11,,3,3
387,SparseIntArray,sonnet,4.1 mini,12,,3,3
387,SparseIntArray,sonnet,4.1 mini,13,,3,3
387,SparseIntArray,sonnet,4.1 mini,14,,3,3
387,SparseIntArray,sonnet,4.1 mini,15,,3,3
387,SparseIntArray,sonnet,4.1 mini,16,,3,3
387,SparseIntArray,sonnet,4.1 mini,17,,3,3
387,SparseIntArray,sonnet,4.1 mini,18,,3,3
387,SparseIntArray,sonnet,4.1 mini,19,,3,3
387,SparseIntArray,sonnet,4.1 mini,20,,3,3
390,SparseIntArray,4.1,sonnet,1,1.0,1,1
390,SparseIntArray,4.1,sonnet,2,1.0,1,1
390,SparseIntArray,4.1,sonnet,3,2.0,2,2
390,SparseIntArray,4.1,sonnet,4,,3,3
390,SparseIntArray,4.1,sonnet,5,3.0,3,3
390,SparseIntArray,4.1,sonnet,6,,3,3
390,SparseIntArray,4.1,sonnet,7,,3,3
390,SparseIntArray,4.1,sonnet,8,,3,3
390,SparseIntArray,4.1,sonnet,9,,3,3
390,SparseIntArray,4.1,sonnet,10,,3,3
390,SparseIntArray,4.1,sonnet,11,3.0,3,3
390,SparseIntArray,4.1,sonnet,12,,3,3
390,SparseIntArray,4.1,sonnet,13,,3,3
390,SparseIntArray,4.1,sonnet,14,,3,3
390,SparseIntArray,4.1,sonnet,15,,3,3
390,SparseIntArray,4.1,sonnet,16,,3,3
390,SparseIntArray,4.1,sonnet,17,3.0,3,3
390,SparseIntArray,4.1,sonnet,18,,3,3
390,SparseIntArray,4.1,sonnet,19,,3,3
390,SparseIntArray,4.1,sonnet,20,,3,3
394,SparseIntArray,4.1,haiku,1,1.0,1,1
394,SparseIntArray,4.1,haiku,2,2.0,2,3
394,SparseIntArray,4.1,haiku,3,2.0,2,2
394,SparseIntArray,4.1,haiku,4,1.0,1,1
394,SparseIntArray,4.1,haiku,5,2.0,2,2
394,SparseIntArray,4.1,haiku,6,,3,3
394,SparseIntArray,4.1,haiku,7,1.0,1,1
394,SparseIntArray,4.1,haiku,8,,3,3
394,SparseIntArray,4.1,haiku,9,,3,3
394,SparseIntArray,4.1,haiku,10,1.0,1,1
394,SparseIntArray,4.1,haiku,11,2.0,2,2
394,SparseIntArray,4.1,haiku,12,,3,3
394,SparseIntArray,4.1,haiku,13,2.0,2,2
394,SparseIntArray,4.1,haiku,14,1.0,1,1
394,SparseIntArray,4.1,haiku,15,2.0,2,2
394,SparseIntArray,4.1,haiku,16,1.0,1,1
394,SparseIntArray,4.1,haiku,17,3.0,3,3
394,SparseIntArray,4.1,haiku,18,1.0,1,1
394,SparseIntArray,4.1,haiku,19,3.0,3,3
394,SparseIntArray,4.1,haiku,20,2.0,2,2
413,IntHashMap,4.1 mini,4.1 mini,1,1.0,1,1
413,IntHashMap,4.1 mini,4.1 mini,2,1.0,1,1
413,IntHashMap,4.1 mini,4.1 mini,3,3.0,3,3
413,IntHashMap,4.1 mini,4.1 mini,4,1.0,1,1
413,IntHashMap,4.1 mini,4.1 mini,5,1.0,1,1
413,IntHashMap,4.1 mini,4.1 mini,6,2.0,2,2
413,IntHashMap,4.1 mini,4.1 mini,7,1.0,1,1
413,IntHashMap,4.1 mini,4.1 mini,8,1.0,1,1
413,IntHashMap,4.1 mini,4.1 mini,9,1.0,1,1
413,IntHashMap,4.1 mini,4.1 mini,10,1.0,1,1
413,IntHashMap,4.1 mini,4.1 mini,11,1.0,1,1
413,IntHashMap,4.1 mini,4.1 mini,12,,3,5
413,IntHashMap,4.1 mini,4.1 mini,13,,3,3
413,IntHashMap,4.1 mini,4.1 mini,14,3.0,3,3
413,IntHashMap,4.1 mini,4.1 mini,15,2.0,2,2
413,IntHashMap,4.1 mini,4.1 mini,16,1.0,1,1
413,IntHashMap,4.1 mini,4.1 mini,17,,3,4
413,IntHashMap,4.1 mini,4.1 mini,18,2.0,2,2
413,IntHashMap,4.1 mini,4.1 mini,19,,3,4
413,IntHashMap,4.1 mini,4.1 mini,20,2.0,2,2
414,IntHashMap,4.1 mini,4.1,1,1.0,1,1
414,IntHashMap,4.1 mini,4.1,2,1.0,1,1
414,IntHashMap,4.1 mini,4.1,3,2.0,2,6
414,IntHashMap,4.1 mini,4.1,4,1.0,1,1
414,IntHashMap,4.1 mini,4.1,5,,3,3
414,IntHashMap,4.1 mini,4.1,6,1.0,1,1
414,IntHashMap,4.1 mini,4.1,7,1.0,1,1
414,IntHashMap,4.1 mini,4.1,8,1.0,1,1
414,IntHashMap,4.1 mini,4.1,9,1.0,1,1
414,IntHashMap,4.1 mini,4.1,10,1.0,1,1
414,IntHashMap,4.1 mini,4.1,11,2.0,2,2
414,IntHashMap,4.1 mini,4.1,12,2.0,2,2
414,IntHashMap,4.1 mini,4.1,13,1.0,1,1
414,IntHashMap,4.1 mini,4.1,14,2.0,2,2
414,IntHashMap,4.1 mini,4.1,15,,3,3
414,IntHashMap,4.1 mini,4.1,16,,3,3
414,IntHashMap,4.1 mini,4.1,17,,3,3
414,IntHashMap,4.1 mini,4.1,18,,3,3
414,IntHashMap,4.1 mini,4.1,19,3.0,3,3
414,IntHashMap,4.1 mini,4.1,20,1.0,1,1
418,IntHashMap,4.1,4.1 mini,1,1.0,1,1
418,IntHashMap,4.1,4.1 mini,2,1.0,1,1
418,IntHashMap,4.1,4.1 mini,3,1.0,1,1
418,IntHashMap,4.1,4.1 mini,4,1.0,1,1
418,IntHashMap,4.1,4.1 mini,5,1.0,1,1
418,IntHashMap,4.1,4.1 mini,6,1.0,1,1
418,IntHashMap,4.1,4.1 mini,7,1.0,1,1
418,IntHashMap,4.1,4.1 mini,8,2.0,2,2
418,IntHashMap,4.1,4.1 mini,9,2.0,2,2
418,IntHashMap,4.1,4.1 mini,10,2.0,2,2
418,IntHashMap,4.1,4.1 mini,11,1.0,1,1
418,IntHashMap,4.1,4.1 mini,12,2.0,2,4
418,IntHashMap,4.1,4.1 mini,13,2.0,2,2
418,IntHashMap,4.1,4.1 mini,14,1.0,1,1
418,IntHashMap,4.1,4.1 mini,15,1.0,1,1
418,IntHashMap,4.1,4.1 mini,16,,3,8
418,IntHashMap,4.1,4.1 mini,17,1.0,1,1
418,IntHashMap,4.1,4.1 mini,18,3.0,3,3
418,IntHashMap,4.1,4.1 mini,19,3.0,3,4
418,IntHashMap,4.1,4.1 mini,20,3.0,3,3
419,IntHashMap,4.1,4.1,1,1.0,1,1
419,IntHashMap,4.1,4.1,2,1.0,1,1
419,IntHashMap,4.1,4.1,3,1.0,1,1
419,IntHashMap,4.1,4.1,4,1.0,1,1
419,IntHashMap,4.1,4.1,5,1.0,1,1
419,IntHashMap,4.1,4.1,6,1.0,1,1
419,IntHashMap,4.1,4.1,7,2.0,2,2
419,IntHashMap,4.1,4.1,8,,3,3
419,IntHashMap,4.1,4.1,9,1.0,1,1
419,IntHashMap,4.1,4.1,10,1.0,1,1
419,IntHashMap,4.1,4.1,11,1.0,1,1
419,IntHashMap,4.1,4.1,12,1.0,1,1
419,IntHashMap,4.1,4.1,13,1.0,1,1
419,IntHashMap,4.1,4.1,14,1.0,1,1
419,IntHashMap,4.1,4.1,15,3.0,3,4
419,IntHashMap,4.1,4.1,16,1.0,1,1
419,IntHashMap,4.1,4.1,17,2.0,2,3
419,IntHashMap,4.1,4.1,18,,3,3
419,IntHashMap,4.1,4.1,19,1.0,1,2
419,IntHashMap,4.1,4.1,20,,3,3
438,Rational,4.1 mini,4.1 mini,1,1.0,1,1
438,Rational,4.1 mini,4.1 mini,2,1.0,1,1
438,Rational,4.1 mini,4.1 mini,3,1.0,1,1
438,Rational,4.1 mini,4.1 mini,4,1.0,1,1
438,Rational,4.1 mini,4.1 mini,5,2.0,2,2
438,Rational,4.1 mini,4.1 mini,6,1.0,1,1
438,Rational,4.1 mini,4.1 mini,7,1.0,1,1
438,Rational,4.1 mini,4.1 mini,8,,3,3
438,Rational,4.1 mini,4.1 mini,9,1.0,1,1
438,Rational,4.1 mini,4.1 mini,10,,3,3
438,Rational,4.1 mini,4.1 mini,11,3.0,3,3
438,Rational,4.1 mini,4.1 mini,12,2.0,2,2
438,Rational,4.1 mini,4.1 mini,13,,3,3
438,Rational,4.1 mini,4.1 mini,14,,3,3
438,Rational,4.1 mini,4.1 mini,15,,3,3
438,Rational,4.1 mini,4.1 mini,16,,3,3
438,Rational,4.1 mini,4.1 mini,17,,3,3
438,Rational,4.1 mini,4.1 mini,18,3.0,3,3
438,Rational,4.1 mini,4.1 mini,19,1.0,1,1
438,Rational,4.1 mini,4.1 mini,20,,3,4
439,Rational,4.1 mini,4.1,1,1.0,1,1
439,Rational,4.1 mini,4.1,2,1.0,1,1
439,Rational,4.1 mini,4.1,3,1.0,1,1
439,Rational,4.1 mini,4.1,4,1.0,1,1
439,Rational,4.1 mini,4.1,5,1.0,1,1
439,Rational,4.1 mini,4.1,6,2.0,2,2
439,Rational,4.1 mini,4.1,7,1.0,1,1
439,Rational,4.1 mini,4.1,8,3.0,3,3
439,Rational,4.1 mini,4.1,9,1.0,1,1
439,Rational,4.1 mini,4.1,10,1.0,1,1
439,Rational,4.1 mini,4.1,11,1.0,1,1
439,Rational,4.1 mini,4.1,12,1.0,1,1
439,Rational,4.1 mini,4.1,13,,3,3
439,Rational,4.1 mini,4.1,14,2.0,2,2
439,Rational,4.1 mini,4.1,15,1.0,1,1
439,Rational,4.1 mini,4.1,16,2.0,2,2
439,Rational,4.1 mini,4.1,17,,3,3
439,Rational,4.1 mini,4.1,18,,3,3
439,Rational,4.1 mini,4.1,19,,3,3
439,Rational,4.1 mini,4.1,20,1.0,1,1
443,Rational,4.1,4.1 mini,1,1.0,1,1
443,Rational,4.1,4.1 mini,2,3.0,3,3
443,Rational,4.1,4.1 mini,3,,3,3
443,Rational,4.1,4.1 mini,4,,3,3
443,Rational,4.1,4.1 mini,5,,3,3
443,Rational,4.1,4.1 mini,6,1.0,1,1
443,Rational,4.1,4.1 mini,7,,3,3
443,Rational,4.1,4.1 mini,8,1.0,1,1
443,Rational,4.1,4.1 mini,9,2.0,2,2
443,Rational,4.1,4.1 mini,10,,3,3
443,Rational,4.1,4.1 mini,11,,3,3
443,Rational,4.1,4.1 mini,12,,3,3
443,Rational,4.1,4.1 mini,13,,3,3
443,Rational,4.1,4.1 mini,14,,3,3
443,Rational,4.1,4.1 mini,15,,3,3
443,Rational,4.1,4.1 mini,16,2.0,2,2
443,Rational,4.1,4.1 mini,17,,3,3
443,Rational,4.1,4.1 mini,18,,3,3
443,Rational,4.1,4.1 mini,19,,3,3
443,Rational,4.1,4.1 mini,20,,3,3
444,Rational,4.1,4.1,1,1.0,1,1
444,Rational,4.1,4.1,2,1.0,1,1
444,Rational,4.1,4.1,3,1.0,1,1
444,Rational,4.1,4.1,4,1.0,1,1
444,Rational,4.1,4.1,5,1.0,1,1
444,Rational,4.1,4.1,6,,3,3
444,Rational,4.1,4.1,7,,3,3
444,Rational,4.1,4.1,8,1.0,1,1
444,Rational,4.1,4.1,9,2.0,2,2
444,Rational,4.1,4.1,10,,3,3
444,Rational,4.1,4.1,11,,3,3
444,Rational,4.1,4.1,12,1.0,1,1
444,Rational,4.1,4.1,13,2.0,2,3
444,Rational,4.1,4.1,14,,3,3
444,Rational,4.1,4.1,15,2.0,2,2
444,Rational,4.1,4.1,16,1.0,1,1
444,Rational,4.1,4.1,17,,3,3
444,Rational,4.1,4.1,18,1.0,1,1
444,Rational,4.1,4.1,19,,3,3
444,Rational,4.1,4.1,20,,3,3
460,Option,4.1 mini,haiku,1,1.0,1,1
460,Option,4.1 mini,haiku,2,1.0,1,1
460,Option,4.1 mini,haiku,3,1.0,1,1
460,Option,4.1 mini,haiku,4,1.0,1,1
460,Option,4.1 mini,haiku,5,2.0,2,2
460,Option,4.1 mini,haiku,6,1.0,1,1
460,Option,4.1 mini,haiku,7,1.0,1,1
460,Option,4.1 mini,haiku,8,2.0,2,2
460,Option,4.1 mini,haiku,9,1.0,1,1
460,Option,4.1 mini,haiku,10,2.0,2,2
460,Option,4.1 mini,haiku,11,1.0,1,1
460,Option,4.1 mini,haiku,12,2.0,2,2
460,Option,4.1 mini,haiku,13,1.0,1,1
460,Option,4.1 mini,haiku,14,2.0,2,2
460,Option,4.1 mini,haiku,15,1.0,1,1
460,Option,4.1 mini,haiku,16,1.0,1,1
460,Option,4.1 mini,haiku,17,2.0,2,2
460,Option,4.1 mini,haiku,18,,3,3
460,Option,4.1 mini,haiku,19,,3,3
460,Option,4.1 mini,haiku,20,,3,3
463,Option,4.1 mini,4.1 mini,1,1.0,1,1
463,Option,4.1 mini,4.1 mini,2,1.0,1,1
463,Option,4.1 mini,4.1 mini,3,,3,3
463,Option,4.1 mini,4.1 mini,4,2.0,2,2
463,Option,4.1 mini,4.1 mini,5,1.0,1,1
463,Option,4.1 mini,4.1 mini,6,2.0,2,2
463,Option,4.1 mini,4.1 mini,7,,3,3
463,Option,4.1 mini,4.1 mini,8,1.0,1,1
463,Option,4.1 mini,4.1 mini,9,,3,3
463,Option,4.1 mini,4.1 mini,10,,3,3
463,Option,4.1 mini,4.1 mini,11,1.0,1,1
463,Option,4.1 mini,4.1 mini,12,,3,3
463,Option,4.1 mini,4.1 mini,13,,3,3
463,Option,4.1 mini,4.1 mini,14,,3,3
463,Option,4.1 mini,4.1 mini,15,3.0,3,3
463,Option,4.1 mini,4.1 mini,16,,3,3
463,Option,4.1 mini,4.1 mini,17,,3,3
463,Option,4.1 mini,4.1 mini,18,1.0,1,1
463,Option,4.1 mini,4.1 mini,19,1.0,1,1
463,Option,4.1 mini,4.1 mini,20,,3,3
464,Option,4.1 mini,4.1,1,1.0,1,1
464,Option,4.1 mini,4.1,2,1.0,1,1
464,Option,4.1 mini,4.1,3,2.0,2,2
464,Option,4.1 mini,4.1,4,,3,3
464,Option,4.1 mini,4.1,5,,3,4
464,Option,4.1 mini,4.1,6,1.0,1,1
464,Option,4.1 mini,4.1,7,3.0,3,3
464,Option,4.1 mini,4.1,8,1.0,1,1
464,Option,4.1 mini,4.1,9,3.0,3,3
464,Option,4.1 mini,4.1,10,,3,3
464,Option,4.1 mini,4.1,11,1.0,1,1
464,Option,4.1 mini,4.1,12,3.0,3,3
464,Option,4.1 mini,4.1,13,3.0,3,3
464,Option,4.1 mini,4.1,14,1.0,1,1
464,Option,4.1 mini,4.1,15,1.0,1,1
464,Option,4.1 mini,4.1,16,,3,3
464,Option,4.1 mini,4.1,17,1.0,1,1
464,Option,4.1 mini,4.1,18,,3,3
464,Option,4.1 mini,4.1,19,,3,3
464,Option,4.1 mini,4.1,20,,3,3
465,Option,4.1,haiku,1,1.0,1,1
465,Option,4.1,haiku,2,1.0,1,1
465,Option,4.1,haiku,3,1.0,1,1
465,Option,4.1,haiku,4,1.0,1,1
465,Option,4.1,haiku,5,1.0,1,1
465,Option,4.1,haiku,6,1.0,1,1
465,Option,4.1,haiku,7,1.0,1,1
465,Option,4.1,haiku,8,1.0,1,1
465,Option,4.1,haiku,9,1.0,1,1
465,Option,4.1,haiku,10,1.0,1,1
465,Option,4.1,haiku,11,1.0,1,1
465,Option,4.1,haiku,12,1.0,1,1
465,Option,4.1,haiku,13,1.0,1,1
465,Option,4.1,haiku,14,1.0,1,1
465,Option,4.1,haiku,15,1.0,1,1
465,Option,4.1,haiku,16,1.0,1,1
465,Option,4.1,haiku,17,1.0,1,1
465,Option,4.1,haiku,18,1.0,1,1
465,Option,4.1,haiku,19,1.0,1,1
465,Option,4.1,haiku,20,1.0,1,1
466,Option,4.1,sonnet,1,1.0,1,1
466,Option,4.1,sonnet,2,1.0,1,1
466,Option,4.1,sonnet,3,1.0,1,1
466,Option,4.1,sonnet,4,1.0,1,1
466,Option,4.1,sonnet,5,1.0,1,1
466,Option,4.1,sonnet,6,1.0,1,1
466,Option,4.1,sonnet,7,1.0,1,1
466,Option,4.1,sonnet,8,1.0,1,1
466,Option,4.1,sonnet,9,1.0,1,1
466,Option,4.1,sonnet,10,1.0,1,1
466,Option,4.1,sonnet,11,1.0,1,1
466,Option,4.1,sonnet,12,1.0,1,1
466,Option,4.1,sonnet,13,1.0,1,1
466,Option,4.1,sonnet,14,1.0,1,1
466,Option,4.1,sonnet,15,1.0,1,1
466,Option,4.1,sonnet,16,1.0,1,1
466,Option,4.1,sonnet,17,1.0,1,1
466,Option,4.1,sonnet,18,1.0,1,2
466,Option,4.1,sonnet,19,1.0,1,1
466,Option,4.1,sonnet,20,1.0,1,1
470,XmlElement,haiku,haiku,1,1.0,1,1
470,XmlElement,haiku,haiku,2,1.0,1,1
470,XmlElement,haiku,haiku,3,1.0,1,1
470,XmlElement,haiku,haiku,4,2.0,2,2
470,XmlElement,haiku,haiku,5,1.0,1,1
470,XmlElement,haiku,haiku,6,1.0,1,2
470,XmlElement,haiku,haiku,7,1.0,1,1
470,XmlElement,haiku,haiku,8,1.0,1,1
470,XmlElement,haiku,haiku,9,3.0,3,3
470,XmlElement,haiku,haiku,10,2.0,2,2
470,XmlElement,haiku,haiku,11,,3,3
470,XmlElement,haiku,haiku,12,2.0,2,2
470,XmlElement,haiku,haiku,13,1.0,1,1
470,XmlElement,haiku,haiku,14,,3,3
470,XmlElement,haiku,haiku,15,1.0,1,1
470,XmlElement,haiku,haiku,16,3.0,3,3
470,XmlElement,haiku,haiku,17,1.0,1,1
470,XmlElement,haiku,haiku,18,3.0,3,3
470,XmlElement,haiku,haiku,19,3.0,3,3
470,XmlElement,haiku,haiku,20,1.0,1,1
471,XmlElement,haiku,sonnet,1,1.0,1,1
471,XmlElement,haiku,sonnet,2,1.0,1,1
471,XmlElement,haiku,sonnet,3,1.0,1,1
471,XmlElement,haiku,sonnet,4,1.0,1,1
471,XmlElement,haiku,sonnet,5,1.0,1,1
471,XmlElement,haiku,sonnet,6,1.0,1,1
471,XmlElement,haiku,sonnet,7,1.0,1,1
471,XmlElement,haiku,sonnet,8,2.0,2,2
471,XmlElement,haiku,sonnet,9,1.0,1,1
471,XmlElement,haiku,sonnet,10,1.0,1,1
471,XmlElement,haiku,sonnet,11,1.0,1,1
471,XmlElement,haiku,sonnet,12,1.0,1,1
471,XmlElement,haiku,sonnet,13,3.0,3,4
471,XmlElement,haiku,sonnet,14,1.0,1,1
471,XmlElement,haiku,sonnet,15,2.0,2,2
471,XmlElement,haiku,sonnet,16,1.0,1,1
471,XmlElement,haiku,sonnet,17,1.0,1,1
471,XmlElement,haiku,sonnet,18,2.0,2,2
471,XmlElement,haiku,sonnet,19,1.0,1,1
471,XmlElement,haiku,sonnet,20,3.0,3,3
473,XmlElement,haiku,4.1 mini,1,1.0,1,1
473,XmlElement,haiku,4.1 mini,2,2.0,2,2
473,XmlElement,haiku,4.1 mini,3,2.0,2,2
473,XmlElement,haiku,4.1 mini,4,,3,3
473,XmlElement,haiku,4.1 mini,5,,3,3
473,XmlElement,haiku,4.1 mini,6,1.0,1,1
473,XmlElement,haiku,4.1 mini,7,,3,3
473,XmlElement,haiku,4.1 mini,8,,3,3
473,XmlElement,haiku,4.1 mini,9,1.0,1,1
473,XmlElement,haiku,4.1 mini,10,,3,3
473,XmlElement,haiku,4.1 mini,11,,3,3
473,XmlElement,haiku,4.1 mini,12,,3,3
473,XmlElement,haiku,4.1 mini,13,,3,3
473,XmlElement,haiku,4.1 mini,14,1.0,1,1
473,XmlElement,haiku,4.1 mini,15,1.0,1,1
473,XmlElement,haiku,4.1 mini,16,,3,3
473,XmlElement,haiku,4.1 mini,17,,3,3
473,XmlElement,haiku,4.1 mini,18,2.0,2,2
473,XmlElement,haiku,4.1 mini,19,,3,3
473,XmlElement,haiku,4.1 mini,20,,3,3
474,XmlElement,haiku,4.1,1,1.0,1,1
474,XmlElement,haiku,4.1,2,1.0,1,1
474,XmlElement,haiku,4.1,3,1.0,1,1
474,XmlElement,haiku,4.1,4,1.0,1,1
474,XmlElement,haiku,4.1,5,1.0,1,1
474,XmlElement,haiku,4.1,6,2.0,2,2
474,XmlElement,haiku,4.1,7,1.0,1,1
474,XmlElement,haiku,4.1,8,1.0,1,1
474,XmlElement,haiku,4.1,9,,3,3
474,XmlElement,haiku,4.1,10,2.0,2,2
474,XmlElement,haiku,4.1,11,1.0,1,1
474,XmlElement,haiku,4.1,12,3.0,3,3
474,XmlElement,haiku,4.1,13,,3,3
474,XmlElement,haiku,4.1,14,3.0,3,3
474,XmlElement,haiku,4.1,15,3.0,3,3
474,XmlElement,haiku,4.1,16,,3,3
474,XmlElement,haiku,4.1,17,2.0,2,2
474,XmlElement,haiku,4.1,18,1.0,1,1
474,XmlElement,haiku,4.1,19,1.0,1,1
474,XmlElement,haiku,4.1,20,1.0,1,1
475,XmlElement,sonnet,haiku,1,1.0,1,2
475,XmlElement,sonnet,haiku,2,,2,10
475,XmlElement,sonnet,haiku,3,,3,8
475,XmlElement,sonnet,haiku,4,,3,4
475,XmlElement,sonnet,haiku,5,,3,11
475,XmlElement,sonnet,haiku,6,,2,8
475,XmlElement,sonnet,haiku,7,,3,6
475,XmlElement,sonnet,haiku,8,,1,13
475,XmlElement,sonnet,haiku,9,,3,14
475,XmlElement,sonnet,haiku,10,,3,7
475,XmlElement,sonnet,haiku,11,,3,5
475,XmlElement,sonnet,haiku,12,,2,8
475,XmlElement,sonnet,haiku,13,,3,12
475,XmlElement,sonnet,haiku,14,,3,9
475,XmlElement,sonnet,haiku,15,,3,5
475,XmlElement,sonnet,haiku,16,,3,7
475,XmlElement,sonnet,haiku,17,,3,4
475,XmlElement,sonnet,haiku,18,,1,11
475,XmlElement,sonnet,haiku,19,,3,6
475,XmlElement,sonnet,haiku,20,,3,5
476,XmlElement,sonnet,sonnet,1,,0,15
476,XmlElement,sonnet,sonnet,2,1.0,1,2
476,XmlElement,sonnet,sonnet,3,1.0,1,4
476,XmlElement,sonnet,sonnet,4,1.0,1,4
476,XmlElement,sonnet,sonnet,5,1.0,1,3
476,XmlElement,sonnet,sonnet,6,,3,10
476,XmlElement,sonnet,sonnet,7,,1,13
476,XmlElement,sonnet,sonnet,8,,3,6
476,XmlElement,sonnet,sonnet,9,,2,7
476,XmlElement,sonnet,sonnet,10,,1,12
476,XmlElement,sonnet,sonnet,11,2.0,1,7
476,XmlElement,sonnet,sonnet,12,1.0,1,3
476,XmlElement,sonnet,sonnet,13,,1,12
476,XmlElement,sonnet,sonnet,14,,2,7
476,XmlElement,sonnet,sonnet,15,,3,7
476,XmlElement,sonnet,sonnet,16,,3,8
476,XmlElement,sonnet,sonnet,17,,3,5
476,XmlElement,sonnet,sonnet,18,3.0,3,7
476,XmlElement,sonnet,sonnet,19,,2,11
476,XmlElement,sonnet,sonnet,20,,2,11
478,XmlElement,sonnet,4.1 mini,1,1.0,1,3
478,XmlElement,sonnet,4.1 mini,2,,2,9
478,XmlElement,sonnet,4.1 mini,3,,3,4
478,XmlElement,sonnet,4.1 mini,4,,3,8
478,XmlElement,sonnet,4.1 mini,5,,2,7
478,XmlElement,sonnet,4.1 mini,6,,3,8
478,XmlElement,sonnet,4.1 mini,7,,2,12
478,XmlElement,sonnet,4.1 mini,8,,2,10
478,XmlElement,sonnet,4.1 mini,9,,3,7
478,XmlElement,sonnet,4.1 mini,10,,2,9
478,XmlElement,sonnet,4.1 mini,11,,3,6
478,XmlElement,sonnet,4.1 mini,12,,3,7
478,XmlElement,sonnet,4.1 mini,13,,1,12
478,XmlElement,sonnet,4.1 mini,14,,0,15
478,XmlElement,sonnet,4.1 mini,15,,2,8
478,XmlElement,sonnet,4.1 mini,16,,2,12
478,XmlElement,sonnet,4.1 mini,17,,3,3
478,XmlElement,sonnet,4.1 mini,18,,2,10
478,XmlElement,sonnet,4.1 mini,19,,2,11
478,XmlElement,sonnet,4.1 mini,20,,3,10
479,XmlElement,sonnet,4.1,1,1.0,1,1
479,XmlElement,sonnet,4.1,2,,0,15
479,XmlElement,sonnet,4.1,3,1.0,1,1
479,XmlElement,sonnet,4.1,4,,2,8
479,XmlElement,sonnet,4.1,5,1.0,1,1
479,XmlElement,sonnet,4.1,6,,3,13
479,XmlElement,sonnet,4.1,7,3.0,3,6
479,XmlElement,sonnet,4.1,8,,1,11
479,XmlElement,sonnet,4.1,9,,3,4
479,XmlElement,sonnet,4.1,10,2.0,1,7
479,XmlElement,sonnet,4.1,11,,3,9
479,XmlElement,sonnet,4.1,12,1.0,1,1
479,XmlElement,sonnet,4.1,13,2.0,2,5
479,XmlElement,sonnet,4.1,14,,2,9
479,XmlElement,sonnet,4.1,15,,3,4
479,XmlElement,sonnet,4.1,16,,1,11
479,XmlElement,sonnet,4.1,17,,2,9
479,XmlElement,sonnet,4.1,18,,1,11
479,XmlElement,sonnet,4.1,19,,3,3
479,XmlElement,sonnet,4.1,20,,3,6
485,XmlElement,4.1 mini,haiku,1,1.0,1,1
485,XmlElement,4.1 mini,haiku,2,1.0,1,1
485,XmlElement,4.1 mini,haiku,3,2.0,2,3
485,XmlElement,4.1 mini,haiku,4,1.0,1,1
485,XmlElement,4.1 mini,haiku,5,,3,3
485,XmlElement,4.1 mini,haiku,6,1.0,1,2
485,XmlElement,4.1 mini,haiku,7,2.0,2,3
485,XmlElement,4.1 mini,haiku,8,2.0,2,3
485,XmlElement,4.1 mini,haiku,9,,3,3
485,XmlElement,4.1 mini,haiku,10,1.0,1,1
485,XmlElement,4.1 mini,haiku,11,2.0,2,2
485,XmlElement,4.1 mini,haiku,12,1.0,1,1
485,XmlElement,4.1 mini,haiku,13,,3,3
485,XmlElement,4.1 mini,haiku,14,1.0,1,1
485,XmlElement,4.1 mini,haiku,15,3.0,3,4
485,XmlElement,4.1 mini,haiku,16,,3,3
485,XmlElement,4.1 mini,haiku,17,1.0,1,1
485,XmlElement,4.1 mini,haiku,18,1.0,1,1
485,XmlElement,4.1 mini,haiku,19,2.0,2,2
485,XmlElement,4.1 mini,haiku,20,2.0,2,2
486,XmlElement,4.1 mini,sonnet,1,1.0,1,1
486,XmlElement,4.1 mini,sonnet,2,1.0,1,1
486,XmlElement,4.1 mini,sonnet,3,1.0,1,1
486,XmlElement,4.1 mini,sonnet,4,1.0,1,1
486,XmlElement,4.1 mini,sonnet,5,1.0,1,1
486,XmlElement,4.1 mini,sonnet,6,1.0,1,1
486,XmlElement,4.1 mini,sonnet,7,1.0,1,2
486,XmlElement,4.1 mini,sonnet,8,1.0,1,1
486,XmlElement,4.1 mini,sonnet,9,1.0,1,1
486,XmlElement,4.1 mini,sonnet,10,1.0,1,1
486,XmlElement,4.1 mini,sonnet,11,3.0,3,6
486,XmlElement,4.1 mini,sonnet,12,1.0,1,1
486,XmlElement,4.1 mini,sonnet,13,1.0,1,1
486,XmlElement,4.1 mini,sonnet,14,1.0,1,1
486,XmlElement,4.1 mini,sonnet,15,1.0,1,1
486,XmlElement,4.1 mini,sonnet,16,1.0,1,1
486,XmlElement,4.1 mini,sonnet,17,,3,5
486,XmlElement,4.1 mini,sonnet,18,2.0,2,2
486,XmlElement,4.1 mini,sonnet,19,1.0,1,1
486,XmlElement,4.1 mini,sonnet,20,2.0,2,2
488,XmlElement,4.1 mini,4.1 mini,1,1.0,1,1
488,XmlElement,4.1 mini,4.1 mini,2,1.0,1,1
488,XmlElement,4.1 mini,4.1 mini,3,1.0,1,1
488,XmlElement,4.1 mini,4.1 mini,4,3.0,3,3
488,XmlElement,4.1 mini,4.1 mini,5,1.0,1,1
488,XmlElement,4.1 mini,4.1 mini,6,1.0,1,1
488,XmlElement,4.1 mini,4.1 mini,7,1.0,1,1
488,XmlElement,4.1 mini,4.1 mini,8,2.0,2,2
488,XmlElement,4.1 mini,4.1 mini,9,,3,3
488,XmlElement,4.1 mini,4.1 mini,10,1.0,1,1
488,XmlElement,4.1 mini,4.1 mini,11,1.0,1,1
488,XmlElement,4.1 mini,4.1 mini,12,,3,3
488,XmlElement,4.1 mini,4.1 mini,13,2.0,2,2
488,XmlElement,4.1 mini,4.1 mini,14,,3,3
488,XmlElement,4.1 mini,4.1 mini,15,,3,4
488,XmlElement,4.1 mini,4.1 mini,16,,3,3
488,XmlElement,4.1 mini,4.1 mini,17,3.0,3,3
488,XmlElement,4.1 mini,4.1 mini,18,,3,3
488,XmlElement,4.1 mini,4.1 mini,19,,3,3
488,XmlElement,4.1 mini,4.1 mini,20,,3,3
489,XmlElement,4.1 mini,4.1,1,1.0,1,1
489,XmlElement,4.1 mini,4.1,2,1.0,1,1
489,XmlElement,4.1 mini,4.1,3,1.0,1,1
489,XmlElement,4.1 mini,4.1,4,3.0,3,3
489,XmlElement,4.1 mini,4.1,5,1.0,1,1
489,XmlElement,4.1 mini,4.1,6,3.0,3,3
489,XmlElement,4.1 mini,4.1,7,1.0,1,1
489,XmlElement,4.1 mini,4.1,8,1.0,1,1
489,XmlElement,4.1 mini,4.1,9,1.0,1,1
489,XmlElement,4.1 mini,4.1,10,2.0,2,2
489,XmlElement,4.1 mini,4.1,11,1.0,1,1
489,XmlElement,4.1 mini,4.1,12,1.0,1,1
489,XmlElement,4.1 mini,4.1,13,,3,3
489,XmlElement,4.1 mini,4.1,14,,3,5
489,XmlElement,4.1 mini,4.1,15,,3,3
489,XmlElement,4.1 mini,4.1,16,,3,4
489,XmlElement,4.1 mini,4.1,17,,3,3
489,XmlElement,4.1 mini,4.1,18,,3,5
489,XmlElement,4.1 mini,4.1,19,2.0,2,2
489,XmlElement,4.1 mini,4.1,20,3.0,3,3
490,XmlElement,4.1,haiku,1,1.0,1,1
490,XmlElement,4.1,haiku,2,1.0,1,1
490,XmlElement,4.1,haiku,3,2.0,2,2
490,XmlElement,4.1,haiku,4,1.0,1,1
490,XmlElement,4.1,haiku,5,3.0,3,3
490,XmlElement,4.1,haiku,6,1.0,1,1
490,XmlElement,4.1,haiku,7,2.0,2,2
490,XmlElement,4.1,haiku,8,1.0,1,1
490,XmlElement,4.1,haiku,9,2.0,2,2
490,XmlElement,4.1,haiku,10,1.0,1,1
490,XmlElement,4.1,haiku,11,2.0,2,2
490,XmlElement,4.1,haiku,12,2.0,2,2
490,XmlElement,4.1,haiku,13,2.0,2,2
490,XmlElement,4.1,haiku,14,2.0,2,2
490,XmlElement,4.1,haiku,15,,3,3
490,XmlElement,4.1,haiku,16,2.0,2,2
490,XmlElement,4.1,haiku,17,,3,3
490,XmlElement,4.1,haiku,18,3.0,3,3
490,XmlElement,4.1,haiku,19,2.0,2,2
490,XmlElement,4.1,haiku,20,1.0,1,1
491,XmlElement,4.1,sonnet,1,1.0,1,1
491,XmlElement,4.1,sonnet,2,1.0,1,1
491,XmlElement,4.1,sonnet,3,2.0,2,2
491,XmlElement,4.1,sonnet,4,1.0,1,1
491,XmlElement,4.1,sonnet,5,1.0,1,1
491,XmlElement,4.1,sonnet,6,1.0,1,1
491,XmlElement,4.1,sonnet,7,2.0,2,2
491,XmlElement,4.1,sonnet,8,2.0,2,2
491,XmlElement,4.1,sonnet,9,,3,3
491,XmlElement,4.1,sonnet,10,2.0,2,2
491,XmlElement,4.1,sonnet,11,1.0,1,1
491,XmlElement,4.1,sonnet,12,3.0,3,3
491,XmlElement,4.1,sonnet,13,2.0,2,2
491,XmlElement,4.1,sonnet,14,2.0,2,2
491,XmlElement,4.1,sonnet,15,1.0,1,1
491,XmlElement,4.1,sonnet,16,3.0,3,3
491,XmlElement,4.1,sonnet,17,1.0,1,1
491,XmlElement,4.1,sonnet,18,1.0,1,1
491,XmlElement,4.1,sonnet,19,2.0,2,2
491,XmlElement,4.1,sonnet,20,1.0,1,1
493,XmlElement,4.1,4.1 mini,1,1.0,1,1
493,XmlElement,4.1,4.1 mini,2,1.0,1,1
493,XmlElement,4.1,4.1 mini,3,1.0,1,1
493,XmlElement,4.1,4.1 mini,4,3.0,3,3
493,XmlElement,4.1,4.1 mini,5,1.0,1,1
493,XmlElement,4.1,4.1 mini,6,2.0,2,2
493,XmlElement,4.1,4.1 mini,7,1.0,1,1
493,XmlElement,4.1,4.1 mini,8,2.0,2,2
493,XmlElement,4.1,4.1 mini,9,1.0,1,1
493,XmlElement,4.1,4.1 mini,10,2.0,2,2
493,XmlElement,4.1,4.1 mini,11,1.0,1,1
493,XmlElement,4.1,4.1 mini,12,3.0,3,3
493,XmlElement,4.1,4.1 mini,13,1.0,1,1
493,XmlElement,4.1,4.1 mini,14,1.0,1,1
493,XmlElement,4.1,4.1 mini,15,3.0,3,3
493,XmlElement,4.1,4.1 mini,16,2.0,2,2
493,XmlElement,4.1,4.1 mini,17,1.0,1,1
493,XmlElement,4.1,4.1 mini,18,2.0,2,2
493,XmlElement,4.1,4.1 mini,19,,3,3
493,XmlElement,4.1,4.1 mini,20,,3,3
494,XmlElement,4.1,4.1,1,1.0,1,1
494,XmlElement,4.1,4.1,2,1.0,1,1
494,XmlElement,4.1,4.1,3,1.0,1,1
494,XmlElement,4.1,4.1,4,2.0,2,2
494,XmlElement,4.1,4.1,5,2.0,2,2
494,XmlElement,4.1,4.1,6,1.0,1,1
494,XmlElement,4.1,4.1,7,1.0,1,1
494,XmlElement,4.1,4.1,8,1.0,1,1
494,XmlElement,4.1,4.1,9,1.0,1,1
494,XmlElement,4.1,4.1,10,2.0,2,2
494,XmlElement,4.1,4.1,11,1.0,1,1
494,XmlElement,4.1,4.1,12,,3,3
494,XmlElement,4.1,4.1,13,1.0,1,1
494,XmlElement,4.1,4.1,14,3.0,3,3
494,XmlElement,4.1,4.1,15,,3,3
494,XmlElement,4.1,4.1,16,1.0,1,1
494,XmlElement,4.1,4.1,17,2.0,2,2
494,XmlElement,4.1,4.1,18,2.0,2,2
494,XmlElement,4.1,4.1,19,1.0,1,1
494,XmlElement,4.1,4.1,20,,3,3
496,ByteVector,4.1,haiku,1,1.0,1,1
496,ByteVector,4.1,haiku,2,1.0,1,1
496,ByteVector,4.1,haiku,3,1.0,1,1
496,ByteVector,4.1,haiku,4,1.0,1,1
496,ByteVector,4.1,haiku,5,,3,4
496,ByteVector,4.1,haiku,6,,3,3
496,ByteVector,4.1,haiku,7,,3,3
496,ByteVector,4.1,haiku,8,,3,3
496,ByteVector,4.1,haiku,9,,3,3
496,ByteVector,4.1,haiku,10,,3,3
496,ByteVector,4.1,haiku,11,,3,6
496,ByteVector,4.1,haiku,12,,3,4
496,ByteVector,4.1,haiku,13,,3,4
496,ByteVector,4.1,haiku,14,,3,6
496,ByteVector,4.1,haiku,15,,3,4
496,ByteVector,4.1,haiku,16,,3,8
496,ByteVector,4.1,haiku,17,,1,12
496,ByteVector,4.1,haiku,18,,2,7
496,ByteVector,4.1,haiku,19,,3,8
496,ByteVector,4.1,haiku,20,,2,11
497,ByteVector,4.1 mini,haiku,1,1.0,1,3
497,ByteVector,4.1 mini,haiku,2,1.0,1,1
497,ByteVector,4.1 mini,haiku,3,1.0,1,1
497,ByteVector,4.1 mini,haiku,4,3.0,3,3
497,ByteVector,4.1 mini,haiku,5,2.0,2,2
497,ByteVector,4.1 mini,haiku,6,,3,3
497,ByteVector,4.1 mini,haiku,7,2.0,2,2
497,ByteVector,4.1 mini,haiku,8,1.0,1,1
497,ByteVector,4.1 mini,haiku,9,1.0,1,1
497,ByteVector,4.1 mini,haiku,10,1.0,1,1
497,ByteVector,4.1 mini,haiku,11,3.0,3,3
497,ByteVector,4.1 mini,haiku,12,3.0,3,3
497,ByteVector,4.1 mini,haiku,13,1.0,1,1
497,ByteVector,4.1 mini,haiku,14,2.0,2,2
497,ByteVector,4.1 mini,haiku,15,,3,3
497,ByteVector,4.1 mini,haiku,16,,3,4
497,ByteVector,4.1 mini,haiku,17,,3,3
497,ByteVector,4.1 mini,haiku,18,,3,3
497,ByteVector,4.1 mini,haiku,19,2.0,2,2
497,ByteVector,4.1 mini,haiku,20,,3,3
505,ByteVector,sonnet,4.1,1,1.0,1,1
505,ByteVector,sonnet,4.1,2,1.0,1,1
505,ByteVector,sonnet,4.1,3,1.0,1,2
505,ByteVector,sonnet,4.1,4,1.0,1,1
505,ByteVector,sonnet,4.1,5,,3,5
505,ByteVector,sonnet,4.1,6,2.0,2,2
505,ByteVector,sonnet,4.1,7,1.0,1,3
505,ByteVector,sonnet,4.1,8,,3,5
505,ByteVector,sonnet,4.1,9,1.0,1,1
505,ByteVector,sonnet,4.1,10,1.0,1,1
505,ByteVector,sonnet,4.1,11,1.0,1,1
505,ByteVector,sonnet,4.1,12,,2,10
505,ByteVector,sonnet,4.1,13,,3,12
505,ByteVector,sonnet,4.1,14,,1,12
505,ByteVector,sonnet,4.1,15,,1,12
505,ByteVector,sonnet,4.1,16,1.0,1,1
505,ByteVector,sonnet,4.1,17,1.0,1,1
505,ByteVector,sonnet,4.1,18,1.0,1,2
505,ByteVector,sonnet,4.1,19,,3,4
505,ByteVector,sonnet,4.1,20,,3,4
508,ByteVector,4.1,4.1,1,1.0,1,1
508,ByteVector,4.1,4.1,2,1.0,1,1
508,ByteVector,4.1,4.1,3,1.0,1,1
508,ByteVector,4.1,4.1,4,1.0,1,1
508,ByteVector,4.1,4.1,5,1.0,1,1
508,ByteVector,4.1,4.1,6,1.0,1,1
508,ByteVector,4.1,4.1,7,1.0,1,1
508,ByteVector,4.1,4.1,8,1.0,1,1
508,ByteVector,4.1,4.1,9,1.0,1,2
508,ByteVector,4.1,4.1,10,1.0,1,2
508,ByteVector,4.1,4.1,11,,3,7
508,ByteVector,4.1,4.1,12,1.0,1,2
508,ByteVector,4.1,4.1,13,,3,3
508,ByteVector,4.1,4.1,14,,3,4
508,ByteVector,4.1,4.1,15,3.0,3,3
508,ByteVector,4.1,4.1,16,,3,3
508,ByteVector,4.1,4.1,17,2.0,2,2
508,ByteVector,4.1,4.1,18,3.0,3,4
508,ByteVector,4.1,4.1,19,1.0,1,1
508,ByteVector,4.1,4.1,20,1.0,1,2
510,ByteVector,4.1 mini,4.1,1,1.0,1,2
510,ByteVector,4.1 mini,4.1,2,1.0,1,1
510,ByteVector,4.1 mini,4.1,3,,3,3
510,ByteVector,4.1 mini,4.1,4,2.0,2,2
510,ByteVector,4.1 mini,4.1,5,,3,3
510,ByteVector,4.1 mini,4.1,6,2.0,2,2
510,ByteVector,4.1 mini,4.1,7,,3,3
510,ByteVector,4.1 mini,4.1,8,2.0,2,4
510,ByteVector,4.1 mini,4.1,9,,3,3
510,ByteVector,4.1 mini,4.1,10,,3,4
510,ByteVector,4.1 mini,4.1,11,,3,4
510,ByteVector,4.1 mini,4.1,12,,3,3
510,ByteVector,4.1 mini,4.1,13,,3,3
510,ByteVector,4.1 mini,4.1,14,,3,3
510,ByteVector,4.1 mini,4.1,15,1.0,1,1
510,ByteVector,4.1 mini,4.1,16,3.0,3,3
510,ByteVector,4.1 mini,4.1,17,3.0,3,3
510,ByteVector,4.1 mini,4.1,18,3.0,3,3
510,ByteVector,4.1 mini,4.1,19,,3,3
510,ByteVector,4.1 mini,4.1,20,1.0,1,1
511,ByteVector,haiku,4.1 mini,1,1.0,1,1
511,ByteVector,haiku,4.1 mini,2,1.0,1,1
511,ByteVector,haiku,4.1 mini,3,3.0,3,3
511,ByteVector,haiku,4.1 mini,4,2.0,2,2
511,ByteVector,haiku,4.1 mini,5,,3,3
511,ByteVector,haiku,4.1 mini,6,1.0,1,1
511,ByteVector,haiku,4.1 mini,7,2.0,2,2
511,ByteVector,haiku,4.1 mini,8,2.0,2,2
511,ByteVector,haiku,4.1 mini,9,,3,3
511,ByteVector,haiku,4.1 mini,10,2.0,2,2
511,ByteVector,haiku,4.1 mini,11,1.0,1,1
511,ByteVector,haiku,4.1 mini,12,3.0,3,3
511,ByteVector,haiku,4.1 mini,13,1.0,1,1
511,ByteVector,haiku,4.1 mini,14,1.0,1,1
511,ByteVector,haiku,4.1 mini,15,,3,3
511,ByteVector,haiku,4.1 mini,16,1.0,1,1
511,ByteVector,haiku,4.1 mini,17,1.0,1,1
511,ByteVector,haiku,4.1 mini,18,2.0,2,2
511,ByteVector,haiku,4.1 mini,19,,3,3
511,ByteVector,haiku,4.1 mini,20,3.0,3,3
517,ByteVector,4.1 mini,4.1 mini,1,1.0,1,3
517,ByteVector,4.1 mini,4.1 mini,2,2.0,2,2
517,ByteVector,4.1 mini,4.1 mini,3,2.0,2,2
517,ByteVector,4.1 mini,4.1 mini,4,3.0,3,3
517,ByteVector,4.1 mini,4.1 mini,5,,3,3
517,ByteVector,4.1 mini,4.1 mini,6,,3,3
517,ByteVector,4.1 mini,4.1 mini,7,1.0,1,1
517,ByteVector,4.1 mini,4.1 mini,8,,3,3
517,ByteVector,4.1 mini,4.1 mini,9,1.0,1,1
517,ByteVector,4.1 mini,4.1 mini,10,,3,3
517,ByteVector,4.1 mini,4.1 mini,11,2.0,2,2
517,ByteVector,4.1 mini,4.1 mini,12,2.0,2,2
517,ByteVector,4.1 mini,4.1 mini,13,2.0,2,2
517,ByteVector,4.1 mini,4.1 mini,14,1.0,1,1
517,ByteVector,4.1 mini,4.1 mini,15,2.0,2,2
517,ByteVector,4.1 mini,4.1 mini,16,,3,3
517,ByteVector,4.1 mini,4.1 mini,17,2.0,2,2
517,ByteVector,4.1 mini,4.1 mini,18,,3,3
517,ByteVector,4.1 mini,4.1 mini,19,1.0,1,1
517,ByteVector,4.1 mini,4.1 mini,20,1.0,1,1
520,CharRange,haiku,haiku,1,1.0,1,1
520,CharRange,haiku,haiku,2,1.0,1,1
520,CharRange,haiku,haiku,3,2.0,2,2
520,CharRange,haiku,haiku,4,,3,4
520,CharRange,haiku,haiku,5,1.0,1,1
520,CharRange,haiku,haiku,6,3.0,3,4
520,CharRange,haiku,haiku,7,2.0,2,2
520,CharRange,haiku,haiku,8,1.0,1,1
520,CharRange,haiku,haiku,9,1.0,1,1
520,CharRange,haiku,haiku,10,,3,4
520,CharRange,haiku,haiku,11,,3,3
520,CharRange,haiku,haiku,12,,3,3
520,CharRange,haiku,haiku,13,2.0,2,2
520,CharRange,haiku,haiku,14,,3,4
520,CharRange,haiku,haiku,15,3.0,3,5
520,CharRange,haiku,haiku,16,1.0,1,2
520,CharRange,haiku,haiku,17,2.0,2,2
520,CharRange,haiku,haiku,18,2.0,2,4
520,CharRange,haiku,haiku,19,2.0,2,2
520,CharRange,haiku,haiku,20,,3,3
538,CharRange,4.1 mini,4.1 mini,1,1.0,1,1
538,CharRange,4.1 mini,4.1 mini,2,,3,3
538,CharRange,4.1 mini,4.1 mini,3,,3,3
538,CharRange,4.1 mini,4.1 mini,4,1.0,1,1
538,CharRange,4.1 mini,4.1 mini,5,2.0,2,2
538,CharRange,4.1 mini,4.1 mini,6,,3,3
538,CharRange,4.1 mini,4.1 mini,7,,3,3
538,CharRange,4.1 mini,4.1 mini,8,3.0,3,3
538,CharRange,4.1 mini,4.1 mini,9,,3,3
538,CharRange,4.1 mini,4.1 mini,10,1.0,1,1
538,CharRange,4.1 mini,4.1 mini,11,,3,3
538,CharRange,4.1 mini,4.1 mini,12,,3,3
538,CharRange,4.1 mini,4.1 mini,13,1.0,1,1
538,CharRange,4.1 mini,4.1 mini,14,,3,3
538,CharRange,4.1 mini,4.1 mini,15,,3,3
538,CharRange,4.1 mini,4.1 mini,16,,3,3
538,CharRange,4.1 mini,4.1 mini,17,,3,3
538,CharRange,4.1 mini,4.1 mini,18,,3,3
538,CharRange,4.1 mini,4.1 mini,19,,3,3
538,CharRange,4.1 mini,4.1 mini,20,,3,3
539,CharRange,4.1 mini,4.1,1,1.0,1,1
539,CharRange,4.1 mini,4.1,2,,3,3
539,CharRange,4.1 mini,4.1,3,1.0,1,1
539,CharRange,4.1 mini,4.1,4,,3,3
539,CharRange,4.1 mini,4.1,5,2.0,2,2
539,CharRange,4.1 mini,4.1,6,,3,3
539,CharRange,4.1 mini,4.1,7,,3,3
539,CharRange,4.1 mini,4.1,8,,3,3
539,CharRange,4.1 mini,4.1,9,,3,3
539,CharRange,4.1 mini,4.1,10,,3,3
539,CharRange,4.1 mini,4.1,11,,3,3
539,CharRange,4.1 mini,4.1,12,,3,3
539,CharRange,4.1 mini,4.1,13,3.0,3,3
539,CharRange,4.1 mini,4.1,14,,3,3
539,CharRange,4.1 mini,4.1,15,,3,3
539,CharRange,4.1 mini,4.1,16,,3,3
539,CharRange,4.1 mini,4.1,17,,3,3
539,CharRange,4.1 mini,4.1,18,,3,3
539,CharRange,4.1 mini,4.1,19,,3,3
539,CharRange,4.1 mini,4.1,20,,3,3
540,CharRange,4.1,haiku,1,1.0,1,1
540,CharRange,4.1,haiku,2,,3,3
540,CharRange,4.1,haiku,3,,3,3
540,CharRange,4.1,haiku,4,,3,3
540,CharRange,4.1,haiku,5,,3,3
540,CharRange,4.1,haiku,6,,3,3
540,CharRange,4.1,haiku,7,,3,3
540,CharRange,4.1,haiku,8,,3,3
540,CharRange,4.1,haiku,9,,3,3
540,CharRange,4.1,haiku,10,,3,3
540,CharRange,4.1,haiku,11,,3,3
540,CharRange,4.1,haiku,12,,3,3
540,CharRange,4.1,haiku,13,,3,3
540,CharRange,4.1,haiku,14,,3,3
540,CharRange,4.1,haiku,15,,3,3
540,CharRange,4.1,haiku,16,,3,3
540,CharRange,4.1,haiku,17,,3,3
540,CharRange,4.1,haiku,18,,3,3
540,CharRange,4.1,haiku,19,,3,3
540,CharRange,4.1,haiku,20,,3,4
543,CharRange,4.1,4.1 mini,1,1.0,1,1
543,CharRange,4.1,4.1 mini,2,,3,3
543,CharRange,4.1,4.1 mini,3,,3,3
543,CharRange,4.1,4.1 mini,4,,3,3
543,CharRange,4.1,4.1 mini,5,,3,3
543,CharRange,4.1,4.1 mini,6,,3,3
543,CharRange,4.1,4.1 mini,7,,3,3
543,CharRange,4.1,4.1 mini,8,,3,3
543,CharRange,4.1,4.1 mini,9,,3,3
543,CharRange,4.1,4.1 mini,10,,3,3
543,CharRange,4.1,4.1 mini,11,3.0,3,3
543,CharRange,4.1,4.1 mini,12,,3,3
543,CharRange,4.1,4.1 mini,13,2.0,2,2
543,CharRange,4.1,4.1 mini,14,,3,3
543,CharRange,4.1,4.1 mini,15,,3,3
543,CharRange,4.1,4.1 mini,16,,3,3
543,CharRange,4.1,4.1 mini,17,,3,3
543,CharRange,4.1,4.1 mini,18,,3,3
543,CharRange,4.1,4.1 mini,19,,3,3
543,CharRange,4.1,4.1 mini,20,,3,3
544,CharRange,4.1,4.1,1,1.0,1,1
544,CharRange,4.1,4.1,2,,3,3
544,CharRange,4.1,4.1,3,,3,3
544,CharRange,4.1,4.1,4,,3,3
544,CharRange,4.1,4.1,5,,3,3
544,CharRange,4.1,4.1,6,,3,4
544,CharRange,4.1,4.1,7,,3,3
544,CharRange,4.1,4.1,8,,3,3
544,CharRange,4.1,4.1,9,,3,3
544,CharRange,4.1,4.1,10,,3,3
544,CharRange,4.1,4.1,11,,3,3
544,CharRange,4.1,4.1,12,,3,3
544,CharRange,4.1,4.1,13,,3,3
544,CharRange,4.1,4.1,14,,3,3
544,CharRange,4.1,4.1,15,,3,3
544,CharRange,4.1,4.1,16,,3,3
544,CharRange,4.1,4.1,17,,3,3
544,CharRange,4.1,4.1,18,,3,3
544,CharRange,4.1,4.1,19,1.0,1,1
544,CharRange,4.1,4.1,20,,3,3
563,CaseInsensitiveString,4.1 mini,4.1 mini,1,1.0,1,1
563,CaseInsensitiveString,4.1 mini,4.1 mini,2,1.0,1,1
563,CaseInsensitiveString,4.1 mini,4.1 mini,3,2.0,2,2
563,CaseInsensitiveString,4.1 mini,4.1 mini,4,1.0,1,1
563,CaseInsensitiveString,4.1 mini,4.1 mini,5,,3,3
563,CaseInsensitiveString,4.1 mini,4.1 mini,6,1.0,1,1
563,CaseInsensitiveString,4.1 mini,4.1 mini,7,,3,3
563,CaseInsensitiveString,4.1 mini,4.1 mini,8,,3,3
563,CaseInsensitiveString,4.1 mini,4.1 mini,9,1.0,1,1
563,CaseInsensitiveString,4.1 mini,4.1 mini,10,3.0,3,3
563,CaseInsensitiveString,4.1 mini,4.1 mini,11,,3,3
563,CaseInsensitiveString,4.1 mini,4.1 mini,12,2.0,2,2
563,CaseInsensitiveString,4.1 mini,4.1 mini,13,2.0,2,2
563,CaseInsensitiveString,4.1 mini,4.1 mini,14,,3,3
563,CaseInsensitiveString,4.1 mini,4.1 mini,15,,3,3
563,CaseInsensitiveString,4.1 mini,4.1 mini,16,2.0,2,2
563,CaseInsensitiveString,4.1 mini,4.1 mini,17,3.0,3,3
563,CaseInsensitiveString,4.1 mini,4.1 mini,18,,3,3
563,CaseInsensitiveString,4.1 mini,4.1 mini,19,1.0,1,1
563,CaseInsensitiveString,4.1 mini,4.1 mini,20,2.0,2,2
568,CaseInsensitiveString,4.1,4.1 mini,1,1.0,1,1
568,CaseInsensitiveString,4.1,4.1 mini,2,1.0,1,1
568,CaseInsensitiveString,4.1,4.1 mini,3,1.0,1,1
568,CaseInsensitiveString,4.1,4.1 mini,4,1.0,1,1
568,CaseInsensitiveString,4.1,4.1 mini,5,1.0,1,1
568,CaseInsensitiveString,4.1,4.1 mini,6,2.0,2,2
568,CaseInsensitiveString,4.1,4.1 mini,7,1.0,1,1
568,CaseInsensitiveString,4.1,4.1 mini,8,1.0,1,1
568,CaseInsensitiveString,4.1,4.1 mini,9,2.0,2,2
568,CaseInsensitiveString,4.1,4.1 mini,10,1.0,1,1
568,CaseInsensitiveString,4.1,4.1 mini,11,1.0,1,1
568,CaseInsensitiveString,4.1,4.1 mini,12,1.0,1,1
568,CaseInsensitiveString,4.1,4.1 mini,13,1.0,1,1
568,CaseInsensitiveString,4.1,4.1 mini,14,3.0,3,3
568,CaseInsensitiveString,4.1,4.1 mini,15,1.0,1,1
568,CaseInsensitiveString,4.1,4.1 mini,16,1.0,1,1
568,CaseInsensitiveString,4.1,4.1 mini,17,,3,3
568,CaseInsensitiveString,4.1,4.1 mini,18,,3,4
568,CaseInsensitiveString,4.1,4.1 mini,19,2.0,2,2
568,CaseInsensitiveString,4.1,4.1 mini,20,3.0,3,3
569,CaseInsensitiveString,4.1,4.1,1,1.0,1,1
569,CaseInsensitiveString,4.1,4.1,2,1.0,1,1
569,CaseInsensitiveString,4.1,4.1,3,1.0,1,1
569,CaseInsensitiveString,4.1,4.1,4,1.0,1,1
569,CaseInsensitiveString,4.1,4.1,5,1.0,1,1
569,CaseInsensitiveString,4.1,4.1,6,1.0,1,1
569,CaseInsensitiveString,4.1,4.1,7,3.0,3,3
569,CaseInsensitiveString,4.1,4.1,8,2.0,2,2
569,CaseInsensitiveString,4.1,4.1,9,3.0,3,3
569,CaseInsensitiveString,4.1,4.1,10,2.0,2,2
569,CaseInsensitiveString,4.1,4.1,11,2.0,2,2
569,CaseInsensitiveString,4.1,4.1,12,1.0,1,1
569,CaseInsensitiveString,4.1,4.1,13,1.0,1,1
569,CaseInsensitiveString,4.1,4.1,14,,3,4
569,CaseInsensitiveString,4.1,4.1,15,,3,3
569,CaseInsensitiveString,4.1,4.1,16,2.0,2,2
569,CaseInsensitiveString,4.1,4.1,17,2.0,2,2
569,CaseInsensitiveString,4.1,4.1,18,,3,8
569,CaseInsensitiveString,4.1,4.1,19,,2,14
569,CaseInsensitiveString,4.1,4.1,20,1.0,1,1
588,Document,4.1 mini,4.1 mini,1,1.0,1,1
588,Document,4.1 mini,4.1 mini,2,1.0,1,1
588,Document,4.1 mini,4.1 mini,3,1.0,1,1
588,Document,4.1 mini,4.1 mini,4,1.0,1,1
588,Document,4.1 mini,4.1 mini,5,2.0,2,2
588,Document,4.1 mini,4.1 mini,6,2.0,2,2
588,Document,4.1 mini,4.1 mini,7,1.0,1,1
588,Document,4.1 mini,4.1 mini,8,3.0,3,4
588,Document,4.1 mini,4.1 mini,9,1.0,1,1
588,Document,4.1 mini,4.1 mini,10,1.0,1,1
588,Document,4.1 mini,4.1 mini,11,2.0,2,2
588,Document,4.1 mini,4.1 mini,12,1.0,1,1
588,Document,4.1 mini,4.1 mini,13,2.0,2,2
588,Document,4.1 mini,4.1 mini,14,1.0,1,1
588,Document,4.1 mini,4.1 mini,15,3.0,3,3
588,Document,4.1 mini,4.1 mini,16,3.0,3,3
588,Document,4.1 mini,4.1 mini,17,1.0,1,1
588,Document,4.1 mini,4.1 mini,18,2.0,2,2
588,Document,4.1 mini,4.1 mini,19,,3,3
588,Document,4.1 mini,4.1 mini,20,,3,3
589,Document,4.1 mini,4.1,1,1.0,1,1
589,Document,4.1 mini,4.1,2,1.0,1,1
589,Document,4.1 mini,4.1,3,1.0,1,1
589,Document,4.1 mini,4.1,4,2.0,2,2
589,Document,4.1 mini,4.1,5,2.0,2,2
589,Document,4.1 mini,4.1,6,1.0,1,1
589,Document,4.1 mini,4.1,7,1.0,1,1
589,Document,4.1 mini,4.1,8,1.0,1,1
589,Document,4.1 mini,4.1,9,2.0,2,2
589,Document,4.1 mini,4.1,10,,3,3
589,Document,4.1 mini,4.1,11,2.0,2,2
589,Document,4.1 mini,4.1,12,2.0,2,2
589,Document,4.1 mini,4.1,13,1.0,1,1
589,Document,4.1 mini,4.1,14,2.0,2,2
589,Document,4.1 mini,4.1,15,1.0,1,1
589,Document,4.1 mini,4.1,16,1.0,1,1
589,Document,4.1 mini,4.1,17,1.0,1,1
589,Document,4.1 mini,4.1,18,3.0,3,3
589,Document,4.1 mini,4.1,19,3.0,3,3
589,Document,4.1 mini,4.1,20,1.0,1,1
593,Document,4.1,4.1 mini,1,1.0,1,1
593,Document,4.1,4.1 mini,2,1.0,1,1
593,Document,4.1,4.1 mini,3,1.0,1,1
593,Document,4.1,4.1 mini,4,,3,3
593,Document,4.1,4.1 mini,5,2.0,2,2
593,Document,4.1,4.1 mini,6,,3,3
593,Document,4.1,4.1 mini,7,2.0,2,2
593,Document,4.1,4.1 mini,8,2.0,2,2
593,Document,4.1,4.1 mini,9,1.0,1,1
593,Document,4.1,4.1 mini,10,1.0,1,1
593,Document,4.1,4.1 mini,11,,3,3
593,Document,4.1,4.1 mini,12,,3,3
593,Document,4.1,4.1 mini,13,3.0,3,3
593,Document,4.1,4.1 mini,14,,3,3
593,Document,4.1,4.1 mini,15,,3,3
593,Document,4.1,4.1 mini,16,3.0,3,3
593,Document,4.1,4.1 mini,17,,3,3
593,Document,4.1,4.1 mini,18,,3,3
593,Document,4.1,4.1 mini,19,1.0,1,1
593,Document,4.1,4.1 mini,20,2.0,2,2
594,Document,4.1,4.1,1,1.0,1,1
594,Document,4.1,4.1,2,1.0,1,1
594,Document,4.1,4.1,3,3.0,3,3
594,Document,4.1,4.1,4,,3,3
594,Document,4.1,4.1,5,3.0,3,3
594,Document,4.1,4.1,6,,3,3
594,Document,4.1,4.1,7,,3,3
594,Document,4.1,4.1,8,,3,3
594,Document,4.1,4.1,9,,3,3
594,Document,4.1,4.1,10,1.0,1,1
594,Document,4.1,4.1,11,,3,3
594,Document,4.1,4.1,12,,3,3
594,Document,4.1,4.1,13,1.0,1,1
594,Document,4.1,4.1,14,,3,3
594,Document,4.1,4.1,15,1.0,1,1
594,Document,4.1,4.1,16,,3,3
594,Document,4.1,4.1,17,3.0,3,3
594,Document,4.1,4.1,18,,3,3
594,Document,4.1,4.1,19,,3,3
594,Document,4.1,4.1,20,,3,3
595,IntHashMap,4.1,haiku,1,1.0,1,1
595,IntHashMap,4.1,haiku,2,1.0,1,1
595,IntHashMap,4.1,haiku,3,1.0,1,2
595,IntHashMap,4.1,haiku,4,1.0,1,2
595,IntHashMap,4.1,haiku,5,1.0,1,1
595,IntHashMap,4.1,haiku,6,1.0,1,1
595,IntHashMap,4.1,haiku,7,2.0,2,2
595,IntHashMap,4.1,haiku,8,3.0,3,5
595,IntHashMap,4.1,haiku,9,1.0,1,2
595,IntHashMap,4.1,haiku,10,1.0,1,1
595,IntHashMap,4.1,haiku,11,1.0,1,1
595,IntHashMap,4.1,haiku,12,1.0,1,1
595,IntHashMap,4.1,haiku,13,1.0,1,1
595,IntHashMap,4.1,haiku,14,,3,3
595,IntHashMap,4.1,haiku,15,2.0,2,2
595,IntHashMap,4.1,haiku,16,,3,3
595,IntHashMap,4.1,haiku,17,3.0,3,3
595,IntHashMap,4.1,haiku,18,2.0,2,2
595,IntHashMap,4.1,haiku,19,,3,3
595,IntHashMap,4.1,haiku,20,2.0,2,2
596,SparseIntArray,haiku,4.1 mini,1,1.0,1,4
596,SparseIntArray,haiku,4.1 mini,2,3.0,1,15
596,SparseIntArray,haiku,4.1 mini,3,1.0,1,1
596,SparseIntArray,haiku,4.1 mini,4,,2,8
596,SparseIntArray,haiku,4.1 mini,5,,2,12
596,SparseIntArray,haiku,4.1 mini,6,2.0,2,4
596,SparseIntArray,haiku,4.1 mini,7,1.0,1,3
596,SparseIntArray,haiku,4.1 mini,8,3.0,1,13
596,SparseIntArray,haiku,4.1 mini,9,,1,12
596,SparseIntArray,haiku,4.1 mini,10,1.0,1,3
596,SparseIntArray,haiku,4.1 mini,11,,1,12
596,SparseIntArray,haiku,4.1 mini,12,1.0,1,1
596,SparseIntArray,haiku,4.1 mini,13,,1,11
596,SparseIntArray,haiku,4.1 mini,14,1.0,1,5
596,SparseIntArray,haiku,4.1 mini,15,2.0,1,6
596,SparseIntArray,haiku,4.1 mini,16,1.0,1,1
596,SparseIntArray,haiku,4.1 mini,17,3.0,2,8
596,SparseIntArray,haiku,4.1 mini,18,3.0,3,15
596,SparseIntArray,haiku,4.1 mini,19,1.0,1,2
596,SparseIntArray,haiku,4.1 mini,20,3.0,1,14
597,SparseIntArray,haiku,haiku,1,,0,15
597,SparseIntArray,haiku,haiku,2,2.0,1,7
597,SparseIntArray,haiku,haiku,3,1.0,1,2
597,SparseIntArray,haiku,haiku,4,2.0,2,7
597,SparseIntArray,haiku,haiku,5,1.0,1,4
597,SparseIntArray,haiku,haiku,6,1.0,1,2
597,SparseIntArray,haiku,haiku,7,3.0,1,14
597,SparseIntArray,haiku,haiku,8,2.0,1,6
597,SparseIntArray,haiku,haiku,9,2.0,2,7
597,SparseIntArray,haiku,haiku,10,1.0,1,2
597,SparseIntArray,haiku,haiku,11,1.0,1,5
597,SparseIntArray,haiku,haiku,12,1.0,1,1
597,SparseIntArray,haiku,haiku,13,,1,12
597,SparseIntArray,haiku,haiku,14,2.0,1,10
597,SparseIntArray,haiku,haiku,15,1.0,1,5
597,SparseIntArray,haiku,haiku,16,3.0,2,8
597,SparseIntArray,haiku,haiku,17,1.0,1,1
597,SparseIntArray,haiku,haiku,18,,2,9
597,SparseIntArray,haiku,haiku,19,,1,15
597,SparseIntArray,haiku,haiku,20,1.0,1,5
598,IntHashMap,haiku,4.1,1,2.0,1,7
598,IntHashMap,haiku,4.1,2,1.0,1,1
598,IntHashMap,haiku,4.1,3,1.0,1,3
598,IntHashMap,haiku,4.1,4,1.0,1,1
598,IntHashMap,haiku,4.1,5,3.0,3,3
598,IntHashMap,haiku,4.1,6,1.0,1,1
598,IntHashMap,haiku,4.1,7,,3,4
598,IntHashMap,haiku,4.1,8,3.0,3,3
598,IntHashMap,haiku,4.1,9,3.0,3,3
598,IntHashMap,haiku,4.1,10,,3,3
598,IntHashMap,haiku,4.1,11,,3,3
598,IntHashMap,haiku,4.1,12,1.0,1,1
598,IntHashMap,haiku,4.1,13,1.0,1,1
598,IntHashMap,haiku,4.1,14,3.0,3,3
598,IntHashMap,haiku,4.1,15,1.0,1,2
598,IntHashMap,haiku,4.1,16,3.0,3,4
598,IntHashMap,haiku,4.1,17,1.0,1,2
598,IntHashMap,haiku,4.1,18,2.0,2,2
598,IntHashMap,haiku,4.1,19,,3,4
598,IntHashMap,haiku,4.1,20,1.0,1,2
599,IntHashMap,4.1,sonnet,1,1.0,1,1
599,IntHashMap,4.1,sonnet,2,1.0,1,1
599,IntHashMap,4.1,sonnet,3,1.0,1,1
599,IntHashMap,4.1,sonnet,4,1.0,1,1
599,IntHashMap,4.1,sonnet,5,2.0,2,2
599,IntHashMap,4.1,sonnet,6,2.0,2,2
599,IntHashMap,4.1,sonnet,7,1.0,1,1
599,IntHashMap,4.1,sonnet,8,1.0,1,1
599,IntHashMap,4.1,sonnet,9,2.0,2,2
599,IntHashMap,4.1,sonnet,10,1.0,1,1
599,IntHashMap,4.1,sonnet,11,1.0,1,1
599,IntHashMap,4.1,sonnet,12,2.0,2,2
599,IntHashMap,4.1,sonnet,13,2.0,2,3
599,IntHashMap,4.1,sonnet,14,,3,7
599,IntHashMap,4.1,sonnet,15,2.0,2,2
599,IntHashMap,4.1,sonnet,16,2.0,2,5
599,IntHashMap,4.1,sonnet,17,,3,3
599,IntHashMap,4.1,sonnet,18,3.0,3,3
599,IntHashMap,4.1,sonnet,19,3.0,3,3
599,IntHashMap,4.1,sonnet,20,,3,3
600,IntHashMap,4.1 mini,haiku,1,1.0,1,1
600,IntHashMap,4.1 mini,haiku,2,1.0,1,1
600,IntHashMap,4.1 mini,haiku,3,1.0,1,1
600,IntHashMap,4.1 mini,haiku,4,1.0,1,1
600,IntHashMap,4.1 mini,haiku,5,1.0,1,1
600,IntHashMap,4.1 mini,haiku,6,1.0,1,1
600,IntHashMap,4.1 mini,haiku,7,1.0,1,1
600,IntHashMap,4.1 mini,haiku,8,2.0,2,2
600,IntHashMap,4.1 mini,haiku,9,1.0,1,1
600,IntHashMap,4.1 mini,haiku,10,3.0,3,5
600,IntHashMap,4.1 mini,haiku,11,1.0,1,2
600,IntHashMap,4.1 mini,haiku,12,1.0,1,1
600,IntHashMap,4.1 mini,haiku,13,2.0,2,3
600,IntHashMap,4.1 mini,haiku,14,2.0,2,2
600,IntHashMap,4.1 mini,haiku,15,2.0,2,2
600,IntHashMap,4.1 mini,haiku,16,1.0,1,1
600,IntHashMap,4.1 mini,haiku,17,1.0,1,1
600,IntHashMap,4.1 mini,haiku,18,1.0,1,1
600,IntHashMap,4.1 mini,haiku,19,1.0,1,1
600,IntHashMap,4.1 mini,haiku,20,1.0,1,1
601,ByteVector,sonnet,haiku,1,1.0,1,1
601,ByteVector,sonnet,haiku,2,1.0,1,1
601,ByteVector,sonnet,haiku,3,1.0,1,1
601,ByteVector,sonnet,haiku,4,1.0,1,1
601,ByteVector,sonnet,haiku,5,1.0,1,2
601,ByteVector,sonnet,haiku,6,1.0,1,3
601,ByteVector,sonnet,haiku,7,2.0,2,3
601,ByteVector,sonnet,haiku,8,,0,15
601,ByteVector,sonnet,haiku,9,,0,15
601,ByteVector,sonnet,haiku,10,,1,14
601,ByteVector,sonnet,haiku,11,,0,15
601,ByteVector,sonnet,haiku,12,,0,15
601,ByteVector,sonnet,haiku,13,,0,15
601,ByteVector,sonnet,haiku,14,,1,13
601,ByteVector,sonnet,haiku,15,,1,13
601,ByteVector,sonnet,haiku,16,,0,15
601,ByteVector,sonnet,haiku,17,,1,12
601,ByteVector,sonnet,haiku,18,,0,15
601,ByteVector,sonnet,haiku,19,,0,15
601,ByteVector,sonnet,haiku,20,,0,15
602,IntHashMap,sonnet,4.1 mini,1,1.0,1,1
602,IntHashMap,sonnet,4.1 mini,2,1.0,1,1
602,IntHashMap,sonnet,4.1 mini,3,1.0,1,1
602,IntHashMap,sonnet,4.1 mini,4,1.0,1,1
602,IntHashMap,sonnet,4.1 mini,5,1.0,1,1
602,IntHashMap,sonnet,4.1 mini,6,3.0,3,3
602,IntHashMap,sonnet,4.1 mini,7,,3,3
602,IntHashMap,sonnet,4.1 mini,8,,3,3
602,IntHashMap,sonnet,4.1 mini,9,2.0,2,2
602,IntHashMap,sonnet,4.1 mini,10,1.0,1,1
602,IntHashMap,sonnet,4.1 mini,11,1.0,1,1
602,IntHashMap,sonnet,4.1 mini,12,,3,3
602,IntHashMap,sonnet,4.1 mini,13,,3,3
602,IntHashMap,sonnet,4.1 mini,14,3.0,3,3
602,IntHashMap,sonnet,4.1 mini,15,2.0,2,2
602,IntHashMap,sonnet,4.1 mini,16,,3,3
602,IntHashMap,sonnet,4.1 mini,17,,3,3
602,IntHashMap,sonnet,4.1 mini,18,,3,3
602,IntHashMap,sonnet,4.1 mini,19,,3,3
602,IntHashMap,sonnet,4.1 mini,20,,3,3
603,SparseIntArray,haiku,4.1,1,3.0,1,14
603,SparseIntArray,haiku,4.1,2,2.0,1,6
603,SparseIntArray,haiku,4.1,3,1.0,1,2
603,SparseIntArray,haiku,4.1,4,1.0,1,1
603,SparseIntArray,haiku,4.1,5,1.0,1,1
603,SparseIntArray,haiku,4.1,6,1.0,1,3
603,SparseIntArray,haiku,4.1,7,,2,10
603,SparseIntArray,haiku,4.1,8,,2,7
603,SparseIntArray,haiku,4.1,9,1.0,1,3
603,SparseIntArray,haiku,4.1,10,1.0,1,2
603,SparseIntArray,haiku,4.1,11,3.0,3,6
603,SparseIntArray,haiku,4.1,12,3.0,3,6
603,SparseIntArray,haiku,4.1,13,2.0,1,7
603,SparseIntArray,haiku,4.1,14,1.0,1,3
603,SparseIntArray,haiku,4.1,15,1.0,1,2
603,SparseIntArray,haiku,4.1,16,,1,12
603,SparseIntArray,haiku,4.1,17,,3,4
603,SparseIntArray,haiku,4.1,18,3.0,2,13
603,SparseIntArray,haiku,4.1,19,,3,12
603,SparseIntArray,haiku,4.1,20,2.0,2,6
604,IntHashMap,sonnet,haiku,1,1.0,1,1
604,IntHashMap,sonnet,haiku,2,1.0,1,1
604,IntHashMap,sonnet,haiku,3,2.0,2,3
604,IntHashMap,sonnet,haiku,4,1.0,1,1
604,IntHashMap,sonnet,haiku,5,1.0,1,1
604,IntHashMap,sonnet,haiku,6,1.0,1,1
604,IntHashMap,sonnet,haiku,7,,3,3
604,IntHashMap,sonnet,haiku,8,,3,3
604,IntHashMap,sonnet,haiku,9,1.0,1,1
604,IntHashMap,sonnet,haiku,10,1.0,1,1
604,IntHashMap,sonnet,haiku,11,1.0,1,1
604,IntHashMap,sonnet,haiku,12,,3,3
604,IntHashMap,sonnet,haiku,13,,3,3
604,IntHashMap,sonnet,haiku,14,,3,3
604,IntHashMap,sonnet,haiku,15,,3,3
604,IntHashMap,sonnet,haiku,16,,3,3
604,IntHashMap,sonnet,haiku,17,,3,3
604,IntHashMap,sonnet,haiku,18,2.0,2,2
604,IntHashMap,sonnet,haiku,19,,3,3
604,IntHashMap,sonnet,haiku,20,,3,3
605,IntHashMap,sonnet,4.1,1,1.0,1,1
605,IntHashMap,sonnet,4.1,2,1.0,1,1
605,IntHashMap,sonnet,4.1,3,1.0,1,1
605,IntHashMap,sonnet,4.1,4,2.0,2,2
605,IntHashMap,sonnet,4.1,5,1.0,1,1
605,IntHashMap,sonnet,4.1,6,,3,3
605,IntHashMap,sonnet,4.1,7,,3,3
605,IntHashMap,sonnet,4.1,8,,3,3
605,IntHashMap,sonnet,4.1,9,,3,3
605,IntHashMap,sonnet,4.1,10,,3,3
605,IntHashMap,sonnet,4.1,11,,3,3
605,IntHashMap,sonnet,4.1,12,,3,3
605,IntHashMap,sonnet,4.1,13,,3,3
605,IntHashMap,sonnet,4.1,14,,3,4
605,IntHashMap,sonnet,4.1,15,,3,3
605,IntHashMap,sonnet,4.1,16,,3,3
605,IntHashMap,sonnet,4.1,17,3.0,3,3
605,IntHashMap,sonnet,4.1,18,1.0,1,1
605,IntHashMap,sonnet,4.1,19,1.0,1,1
605,IntHashMap,sonnet,4.1,20,1.0,1,1
606,Complex,sonnet,4.1,1,1.0,1,1
606,Complex,sonnet,4.1,2,,3,3
606,Complex,sonnet,4.1,3,3.0,3,5
606,Complex,sonnet,4.1,4,,3,6
606,Complex,sonnet,4.1,5,2.0,2,2
606,Complex,sonnet,4.1,6,,3,4
606,Complex,sonnet,4.1,7,1.0,1,1
606,Complex,sonnet,4.1,8,,3,3
606,Complex,sonnet,4.1,9,1.0,1,1
606,Complex,sonnet,4.1,10,,3,4
606,Complex,sonnet,4.1,11,,3,4
606,Complex,sonnet,4.1,12,,3,4
606,Complex,sonnet,4.1,13,,3,3
606,Complex,sonnet,4.1,14,,3,4
606,Complex,sonnet,4.1,15,,3,5
606,Complex,sonnet,4.1,16,,3,4
606,Complex,sonnet,4.1,17,2.0,2,3
606,Complex,sonnet,4.1,18,,3,4
606,Complex,sonnet,4.1,19,,3,3
606,Complex,sonnet,4.1,20,,3,3
607,Complex,sonnet,sonnet,1,1.0,1,1
607,Complex,sonnet,sonnet,2,1.0,1,1
607,Complex,sonnet,sonnet,3,3.0,3,3
607,Complex,sonnet,sonnet,4,,3,4
607,Complex,sonnet,sonnet,5,,3,4
607,Complex,sonnet,sonnet,6,,3,5
607,Complex,sonnet,sonnet,7,,3,4
607,Complex,sonnet,sonnet,8,,3,3
607,Complex,sonnet,sonnet,9,,3,4
607,Complex,sonnet,sonnet,10,,3,3
607,Complex,sonnet,sonnet,11,,3,3
607,Complex,sonnet,sonnet,12,,3,5
607,Complex,sonnet,sonnet,13,1.0,1,1
607,Complex,sonnet,sonnet,14,,3,3
607,Complex,sonnet,sonnet,15,,3,4
607,Complex,sonnet,sonnet,16,,3,3
607,Complex,sonnet,sonnet,17,,3,3
607,Complex,sonnet,sonnet,18,,3,3
607,Complex,sonnet,sonnet,19,,3,3
607,Complex,sonnet,sonnet,20,,3,3
608,IntHashMap,4.1 mini,sonnet,1,1.0,1,1
608,IntHashMap,4.1 mini,sonnet,2,1.0,1,3
608,IntHashMap,4.1 mini,sonnet,3,,3,3
608,IntHashMap,4.1 mini,sonnet,4,1.0,1,1
608,IntHashMap,4.1 mini,sonnet,5,3.0,3,3
608,IntHashMap,4.1 mini,sonnet,6,1.0,1,1
608,IntHashMap,4.1 mini,sonnet,7,3.0,3,3
608,IntHashMap,4.1 mini,sonnet,8,,3,3
608,IntHashMap,4.1 mini,sonnet,9,2.0,2,2
608,IntHashMap,4.1 mini,sonnet,10,2.0,2,2
608,IntHashMap,4.1 mini,sonnet,11,2.0,2,2
608,IntHashMap,4.1 mini,sonnet,12,1.0,1,1
608,IntHashMap,4.1 mini,sonnet,13,1.0,1,1
608,IntHashMap,4.1 mini,sonnet,14,1.0,1,1
608,IntHashMap,4.1 mini,sonnet,15,2.0,2,2
608,IntHashMap,4.1 mini,sonnet,16,1.0,1,1
608,IntHashMap,4.1 mini,sonnet,17,1.0,1,1
608,IntHashMap,4.1 mini,sonnet,18,2.0,2,2
608,IntHashMap,4.1 mini,sonnet,19,2.0,2,2
608,IntHashMap,4.1 mini,sonnet,20,3.0,3,4
609,SparseIntArray,4.1 mini,sonnet,1,1.0,1,1
609,SparseIntArray,4.1 mini,sonnet,2,1.0,1,1
609,SparseIntArray,4.1 mini,sonnet,3,1.0,1,1
609,SparseIntArray,4.1 mini,sonnet,4,1.0,1,2
609,SparseIntArray,4.1 mini,sonnet,5,1.0,1,1
609,SparseIntArray,4.1 mini,sonnet,6,1.0,1,1
609,SparseIntArray,4.1 mini,sonnet,7,2.0,2,3
609,SparseIntArray,4.1 mini,sonnet,8,1.0,1,2
609,SparseIntArray,4.1 mini,sonnet,9,3.0,3,4
609,SparseIntArray,4.1 mini,sonnet,10,3.0,3,6
609,SparseIntArray,4.1 mini,sonnet,11,1.0,1,1
609,SparseIntArray,4.1 mini,sonnet,12,1.0,1,1
609,SparseIntArray,4.1 mini,sonnet,13,1.0,1,1
609,SparseIntArray,4.1 mini,sonnet,14,1.0,1,1
609,SparseIntArray,4.1 mini,sonnet,15,3.0,3,4
609,SparseIntArray,4.1 mini,sonnet,16,,3,3
609,SparseIntArray,4.1 mini,sonnet,17,2.0,2,2
609,SparseIntArray,4.1 mini,sonnet,18,2.0,2,2
609,SparseIntArray,4.1 mini,sonnet,19,3.0,3,4
609,SparseIntArray,4.1 mini,sonnet,20,3.0,3,3
610,Complex,sonnet,4.1 mini,1,1.0,1,1
610,Complex,sonnet,4.1 mini,2,,3,3
610,Complex,sonnet,4.1 mini,3,,3,4
610,Complex,sonnet,4.1 mini,4,,3,3
610,Complex,sonnet,4.1 mini,5,,3,3
610,Complex,sonnet,4.1 mini,6,3.0,3,4
610,Complex,sonnet,4.1 mini,7,1.0,1,1
610,Complex,sonnet,4.1 mini,8,,3,4
610,Complex,sonnet,4.1 mini,9,,3,5
610,Complex,sonnet,4.1 mini,10,,3,3
610,Complex,sonnet,4.1 mini,11,,3,5
610,Complex,sonnet,4.1 mini,12,,3,4
610,Complex,sonnet,4.1 mini,13,,3,3
610,Complex,sonnet,4.1 mini,14,1.0,1,1
610,Complex,sonnet,4.1 mini,15,,3,3
610,Complex,sonnet,4.1 mini,16,,3,3
610,Complex,sonnet,4.1 mini,17,,3,4
610,Complex,sonnet,4.1 mini,18,,3,3
610,Complex,sonnet,4.1 mini,19,,3,3
610,Complex,sonnet,4.1 mini,20,,3,3
611,IntHashMap,sonnet,sonnet,1,1.0,1,1
611,IntHashMap,sonnet,sonnet,2,1.0,1,1
611,IntHashMap,sonnet,sonnet,3,1.0,1,1
611,IntHashMap,sonnet,sonnet,4,1.0,1,1
611,IntHashMap,sonnet,sonnet,5,1.0,1,1
611,IntHashMap,sonnet,sonnet,6,1.0,1,1
611,IntHashMap,sonnet,sonnet,7,3.0,3,3
611,IntHashMap,sonnet,sonnet,8,1.0,1,1
611,IntHashMap,sonnet,sonnet,9,1.0,1,1
611,IntHashMap,sonnet,sonnet,10,1.0,1,1
611,IntHashMap,sonnet,sonnet,11,1.0,1,1
611,IntHashMap,sonnet,sonnet,12,1.0,1,1
611,IntHashMap,sonnet,sonnet,13,1.0,1,1
611,IntHashMap,sonnet,sonnet,14,,3,3
611,IntHashMap,sonnet,sonnet,15,,3,3
611,IntHashMap,sonnet,sonnet,16,,3,3
611,IntHashMap,sonnet,sonnet,17,1.0,1,1
611,IntHashMap,sonnet,sonnet,18,1.0,1,1
611,IntHashMap,sonnet,sonnet,19,2.0,2,2
611,IntHashMap,sonnet,sonnet,20,2.0,2,2
613,IntHashMap,haiku,sonnet,1,,0,15
613,IntHashMap,haiku,sonnet,2,,0,15
613,IntHashMap,haiku,sonnet,3,3.0,1,11
613,IntHashMap,haiku,sonnet,4,1.0,1,2
613,IntHashMap,haiku,sonnet,5,1.0,1,1
613,IntHashMap,haiku,sonnet,6,2.0,2,2
613,IntHashMap,haiku,sonnet,7,1.0,1,1
613,IntHashMap,haiku,sonnet,8,3.0,3,3
613,IntHashMap,haiku,sonnet,9,1.0,1,1
613,IntHashMap,haiku,sonnet,10,1.0,1,1
613,IntHashMap,haiku,sonnet,11,,3,4
613,IntHashMap,haiku,sonnet,12,2.0,2,2
613,IntHashMap,haiku,sonnet,13,,3,3
613,IntHashMap,haiku,sonnet,14,1.0,1,1
613,IntHashMap,haiku,sonnet,15,1.0,1,1
613,IntHashMap,haiku,sonnet,16,,3,3
613,IntHashMap,haiku,sonnet,17,1.0,1,1
613,IntHashMap,haiku,sonnet,18,1.0,1,1
613,IntHashMap,haiku,sonnet,19,2.0,2,2
613,IntHashMap,haiku,sonnet,20,,3,3
614,ByteVector,haiku,4.1,1,1.0,1,1
614,ByteVector,haiku,4.1,2,1.0,1,1
614,ByteVector,haiku,4.1,3,1.0,1,1
614,ByteVector,haiku,4.1,4,,3,3
614,ByteVector,haiku,4.1,5,,3,3
614,ByteVector,haiku,4.1,6,2.0,2,2
614,ByteVector,haiku,4.1,7,1.0,1,1
614,ByteVector,haiku,4.1,8,2.0,2,2
614,ByteVector,haiku,4.1,9,,3,4
614,ByteVector,haiku,4.1,10,,3,3
614,ByteVector,haiku,4.1,11,,3,5
614,ByteVector,haiku,4.1,12,,3,3
614,ByteVector,haiku,4.1,13,3.0,3,3
614,ByteVector,haiku,4.1,14,2.0,2,2
614,ByteVector,haiku,4.1,15,1.0,1,3
614,ByteVector,haiku,4.1,16,2.0,2,2
614,ByteVector,haiku,4.1,17,3.0,3,3
614,ByteVector,haiku,4.1,18,1.0,1,1
614,ByteVector,haiku,4.1,19,2.0,2,2
614,ByteVector,haiku,4.1,20,2.0,2,2
616,IntHashMap,haiku,4.1 mini,1,3.0,1,11
616,IntHashMap,haiku,4.1 mini,2,1.0,1,1
616,IntHashMap,haiku,4.1 mini,3,1.0,1,1
616,IntHashMap,haiku,4.1 mini,4,3.0,3,3
616,IntHashMap,haiku,4.1 mini,5,1.0,1,1
616,IntHashMap,haiku,4.1 mini,6,,3,4
616,IntHashMap,haiku,4.1 mini,7,1.0,1,1
616,IntHashMap,haiku,4.1 mini,8,1.0,1,1
616,IntHashMap,haiku,4.1 mini,9,,3,3
616,IntHashMap,haiku,4.1 mini,10,2.0,2,2
616,IntHashMap,haiku,4.1 mini,11,,3,3
616,IntHashMap,haiku,4.1 mini,12,,3,4
616,IntHashMap,haiku,4.1 mini,13,2.0,2,3
616,IntHashMap,haiku,4.1 mini,14,2.0,2,2
616,IntHashMap,haiku,4.1 mini,15,,3,5
616,IntHashMap,haiku,4.1 mini,16,,3,4
616,IntHashMap,haiku,4.1 mini,17,2.0,2,3
616,IntHashMap,haiku,4.1 mini,18,3.0,3,5
616,IntHashMap,haiku,4.1 mini,19,1.0,1,1
616,IntHashMap,haiku,4.1 mini,20,,3,3
617,IntHashMap,haiku,haiku,1,,0,15
617,IntHashMap,haiku,haiku,2,,0,15
617,IntHashMap,haiku,haiku,3,,0,15
617,IntHashMap,haiku,haiku,4,,0,15
617,IntHashMap,haiku,haiku,5,2.0,1,6
617,IntHashMap,haiku,haiku,6,1.0,1,1
617,IntHashMap,haiku,haiku,7,1.0,1,1
617,IntHashMap,haiku,haiku,8,1.0,1,1
617,IntHashMap,haiku,haiku,9,1.0,1,2
617,IntHashMap,haiku,haiku,10,1.0,1,1
617,IntHashMap,haiku,haiku,11,2.0,2,2
617,IntHashMap,haiku,haiku,12,3.0,3,3
617,IntHashMap,haiku,haiku,13,3.0,3,3
617,IntHashMap,haiku,haiku,14,1.0,1,1
617,IntHashMap,haiku,haiku,15,,3,3
617,IntHashMap,haiku,haiku,16,2.0,2,2
617,IntHashMap,haiku,haiku,17,1.0,1,1
617,IntHashMap,haiku,haiku,18,,3,4
617,IntHashMap,haiku,haiku,19,,3,3
617,IntHashMap,haiku,haiku,20,1.0,1,1
618,ByteVector,sonnet,sonnet,1,1.0,1,1
618,ByteVector,sonnet,sonnet,2,1.0,1,1
618,ByteVector,sonnet,sonnet,3,1.0,1,1
618,ByteVector,sonnet,sonnet,4,1.0,1,2
618,ByteVector,sonnet,sonnet,5,2.0,1,8
618,ByteVector,sonnet,sonnet,6,2.0,2,3
618,ByteVector,sonnet,sonnet,7,,0,15
618,ByteVector,sonnet,sonnet,8,,0,15
618,ByteVector,sonnet,sonnet,9,,0,15
618,ByteVector,sonnet,sonnet,10,,0,15
618,ByteVector,sonnet,sonnet,11,,0,15
618,ByteVector,sonnet,sonnet,12,,0,15
618,ByteVector,sonnet,sonnet,13,,0,15
618,ByteVector,sonnet,sonnet,14,,1,14
618,ByteVector,sonnet,sonnet,15,,0,15
618,ByteVector,sonnet,sonnet,16,,0,15
618,ByteVector,sonnet,sonnet,17,,0,15
618,ByteVector,sonnet,sonnet,18,,0,15
618,ByteVector,sonnet,sonnet,19,,0,15
618,ByteVector,sonnet,sonnet,20,,0,15
619,SparseIntArray,haiku,sonnet,1,,0,15
619,SparseIntArray,haiku,sonnet,2,,0,15
619,SparseIntArray,haiku,sonnet,3,2.0,1,9
619,SparseIntArray,haiku,sonnet,4,3.0,2,9
619,SparseIntArray,haiku,sonnet,5,1.0,1,2
619,SparseIntArray,haiku,sonnet,6,2.0,1,9
619,SparseIntArray,haiku,sonnet,7,2.0,2,7
619,SparseIntArray,haiku,sonnet,8,,2,7
619,SparseIntArray,haiku,sonnet,9,2.0,1,6
619,SparseIntArray,haiku,sonnet,10,,2,7
619,SparseIntArray,haiku,sonnet,11,,1,13
619,SparseIntArray,haiku,sonnet,12,,2,10
619,SparseIntArray,haiku,sonnet,13,2.0,2,3
619,SparseIntArray,haiku,sonnet,14,1.0,1,2
619,SparseIntArray,haiku,sonnet,15,,1,12
619,SparseIntArray,haiku,sonnet,16,,2,10
619,SparseIntArray,haiku,sonnet,17,,1,12
619,SparseIntArray,haiku,sonnet,18,3.0,3,7
619,SparseIntArray,haiku,sonnet,19,2.0,1,7
619,SparseIntArray,haiku,sonnet,20,2.0,1,6
620,ByteVector,sonnet,4.1 mini,1,1.0,1,1
620,ByteVector,sonnet,4.1 mini,2,1.0,1,1
620,ByteVector,sonnet,4.1 mini,3,1.0,1,2
620,ByteVector,sonnet,4.1 mini,4,1.0,1,3
620,ByteVector,sonnet,4.1 mini,5,,0,15
620,ByteVector,sonnet,4.1 mini,6,,0,15
620,ByteVector,sonnet,4.1 mini,7,,0,15
620,ByteVector,sonnet,4.1 mini,8,,0,15
620,ByteVector,sonnet,4.1 mini,9,1.0,1,5
620,ByteVector,sonnet,4.1 mini,10,1.0,1,2
620,ByteVector,sonnet,4.1 mini,11,,3,7
620,ByteVector,sonnet,4.1 mini,12,,3,4
620,ByteVector,sonnet,4.1 mini,13,2.0,2,5
620,ByteVector,sonnet,4.1 mini,14,1.0,1,1
620,ByteVector,sonnet,4.1 mini,15,1.0,1,1
620,ByteVector,sonnet,4.1 mini,16,1.0,1,2
620,ByteVector,sonnet,4.1 mini,17,,3,6
620,ByteVector,sonnet,4.1 mini,18,,2,9
620,ByteVector,sonnet,4.1 mini,19,,2,8
620,ByteVector,sonnet,4.1 mini,20,,2,9
621,ByteVector,4.1 mini,sonnet,1,1.0,1,1
621,ByteVector,4.1 mini,sonnet,2,1.0,1,1
621,ByteVector,4.1 mini,sonnet,3,1.0,1,1
621,ByteVector,4.1 mini,sonnet,4,1.0,1,1
621,ByteVector,4.1 mini,sonnet,5,1.0,1,1
621,ByteVector,4.1 mini,sonnet,6,1.0,1,1
621,ByteVector,4.1 mini,sonnet,7,1.0,1,1
621,ByteVector,4.1 mini,sonnet,8,1.0,1,1
621,ByteVector,4.1 mini,sonnet,9,3.0,3,3
621,ByteVector,4.1 mini,sonnet,10,3.0,3,3
621,ByteVector,4.1 mini,sonnet,11,1.0,1,1
621,ByteVector,4.1 mini,sonnet,12,3.0,3,3
621,ByteVector,4.1 mini,sonnet,13,,3,3
621,ByteVector,4.1 mini,sonnet,14,2.0,2,2
621,ByteVector,4.1 mini,sonnet,15,2.0,2,2
621,ByteVector,4.1 mini,sonnet,16,3.0,3,3
621,ByteVector,4.1 mini,sonnet,17,1.0,1,1
621,ByteVector,4.1 mini,sonnet,18,1.0,1,1
621,ByteVector,4.1 mini,sonnet,19,2.0,2,2
621,ByteVector,4.1 mini,sonnet,20,2.0,2,2
622,ByteVector,4.1,sonnet,1,1.0,1,1
622,ByteVector,4.1,sonnet,2,1.0,1,1
622,ByteVector,4.1,sonnet,3,,2,10
622,ByteVector,4.1,sonnet,4,,1,12
622,ByteVector,4.1,sonnet,5,,3,9
622,ByteVector,4.1,sonnet,6,,3,3
622,ByteVector,4.1,sonnet,7,,1,12
622,ByteVector,4.1,sonnet,8,,2,12
622,ByteVector,4.1,sonnet,9,,3,4
622,ByteVector,4.1,sonnet,10,,3,4
622,ByteVector,4.1,sonnet,11,,3,6
622,ByteVector,4.1,sonnet,12,,2,9
622,ByteVector,4.1,sonnet,13,,2,7
622,ByteVector,4.1,sonnet,14,,3,10
622,ByteVector,4.1,sonnet,15,,2,8
622,ByteVector,4.1,sonnet,16,,3,6
622,ByteVector,4.1,sonnet,17,,3,4
622,ByteVector,4.1,sonnet,18,,3,3
622,ByteVector,4.1,sonnet,19,,3,3
622,ByteVector,4.1,sonnet,20,,3,7
623,ByteVector,4.1,4.1 mini,1,1.0,1,1
623,ByteVector,4.1,4.1 mini,2,1.0,1,1
623,ByteVector,4.1,4.1 mini,3,1.0,1,3
623,ByteVector,4.1,4.1 mini,4,1.0,1,1
623,ByteVector,4.1,4.1 mini,5,2.0,1,6
623,ByteVector,4.1,4.1 mini,6,1.0,1,1
623,ByteVector,4.1,4.1 mini,7,2.0,1,6
623,ByteVector,4.1,4.1 mini,8,1.0,1,2
623,ByteVector,4.1,4.1 mini,9,,3,7
623,ByteVector,4.1,4.1 mini,10,3.0,3,7
623,ByteVector,4.1,4.1 mini,11,3.0,2,7
623,ByteVector,4.1,4.1 mini,12,,3,9
623,ByteVector,4.1,4.1 mini,13,,1,11
623,ByteVector,4.1,4.1 mini,14,1.0,1,3
623,ByteVector,4.1,4.1 mini,15,1.0,1,1
623,ByteVector,4.1,4.1 mini,16,1.0,1,1
623,ByteVector,4.1,4.1 mini,17,2.0,2,4
623,ByteVector,4.1,4.1 mini,18,2.0,2,4
623,ByteVector,4.1,4.1 mini,19,3.0,3,4
623,ByteVector,4.1,4.1 mini,20,1.0,1,1
626,CharRange,sonnet,haiku,1,,0,15
626,CharRange,sonnet,haiku,2,,0,15
626,CharRange,sonnet,haiku,3,,0,15
626,CharRange,sonnet,haiku,4,,0,15
626,CharRange,sonnet,haiku,5,,0,15
626,CharRange,sonnet,haiku,6,,0,15
626,CharRange,sonnet,haiku,7,,0,15
626,CharRange,sonnet,haiku,8,,0,15
626,CharRange,sonnet,haiku,9,,0,15
626,CharRange,sonnet,haiku,10,,0,15
626,CharRange,sonnet,haiku,11,,0,15
626,CharRange,sonnet,haiku,12,,0,15
626,CharRange,sonnet,haiku,13,,0,15
626,CharRange,sonnet,haiku,14,,0,15
626,CharRange,sonnet,haiku,15,,0,15
626,CharRange,sonnet,haiku,16,,0,15
626,CharRange,sonnet,haiku,17,,0,15
626,CharRange,sonnet,haiku,18,,0,15
626,CharRange,sonnet,haiku,19,,0,15
626,CharRange,sonnet,haiku,20,,0,15
627,CharRange,sonnet,sonnet,1,,0,15
627,CharRange,sonnet,sonnet,2,,0,15
627,CharRange,sonnet,sonnet,3,,0,15
627,CharRange,sonnet,sonnet,4,,0,15
627,CharRange,sonnet,sonnet,5,,0,15
627,CharRange,sonnet,sonnet,6,,0,15
627,CharRange,sonnet,sonnet,7,,0,15
627,CharRange,sonnet,sonnet,8,,0,15
627,CharRange,sonnet,sonnet,9,,0,15
627,CharRange,sonnet,sonnet,10,,0,15
627,CharRange,sonnet,sonnet,11,,0,15
627,CharRange,sonnet,sonnet,12,,0,15
627,CharRange,sonnet,sonnet,13,,0,15
627,CharRange,sonnet,sonnet,14,,0,15
627,CharRange,sonnet,sonnet,15,,0,15
627,CharRange,sonnet,sonnet,16,,0,15
627,CharRange,sonnet,sonnet,17,,0,15
627,CharRange,sonnet,sonnet,18,,0,15
627,CharRange,sonnet,sonnet,19,,0,15
627,CharRange,sonnet,sonnet,20,,0,15
628,CharRange,sonnet,4.1 mini,1,,0,15
628,CharRange,sonnet,4.1 mini,2,,0,15
628,CharRange,sonnet,4.1 mini,3,,0,15
628,CharRange,sonnet,4.1 mini,4,,0,15
628,CharRange,sonnet,4.1 mini,5,,0,15
628,CharRange,sonnet,4.1 mini,6,,0,15
628,CharRange,sonnet,4.1 mini,7,,0,15
628,CharRange,sonnet,4.1 mini,8,,0,15
628,CharRange,sonnet,4.1 mini,9,,0,15
628,CharRange,sonnet,4.1 mini,10,,0,15
628,CharRange,sonnet,4.1 mini,11,,0,15
628,CharRange,sonnet,4.1 mini,12,,0,15
628,CharRange,sonnet,4.1 mini,13,,0,15
628,CharRange,sonnet,4.1 mini,14,,0,15
628,CharRange,sonnet,4.1 mini,15,,0,15
628,CharRange,sonnet,4.1 mini,16,,0,15
628,CharRange,sonnet,4.1 mini,17,,0,15
628,CharRange,sonnet,4.1 mini,18,,0,15
628,CharRange,sonnet,4.1 mini,19,,0,15
628,CharRange,sonnet,4.1 mini,20,,0,15
629,CharRange,sonnet,4.1,1,,0,15
629,CharRange,sonnet,4.1,2,,0,15
629,CharRange,sonnet,4.1,3,,0,15
629,CharRange,sonnet,4.1,4,,0,15
629,CharRange,sonnet,4.1,5,,0,15
629,CharRange,sonnet,4.1,6,,0,15
629,CharRange,sonnet,4.1,7,,0,15
629,CharRange,sonnet,4.1,8,,0,15
629,CharRange,sonnet,4.1,9,,0,15
629,CharRange,sonnet,4.1,10,,0,15
629,CharRange,sonnet,4.1,11,,0,15
629,CharRange,sonnet,4.1,12,,0,15
629,CharRange,sonnet,4.1,13,,0,15
629,CharRange,sonnet,4.1,14,,0,15
629,CharRange,sonnet,4.1,15,,0,15
629,CharRange,sonnet,4.1,16,,0,15
629,CharRange,sonnet,4.1,17,,0,15
629,CharRange,sonnet,4.1,18,,0,15
629,CharRange,sonnet,4.1,19,,0,15
629,CharRange,sonnet,4.1,20,,0,15
630,CharRange,4.1 mini,haiku,1,1.0,1,1
630,CharRange,4.1 mini,haiku,2,,3,3
630,CharRange,4.1 mini,haiku,3,,3,3
630,CharRange,4.1 mini,haiku,4,2.0,2,2
630,CharRange,4.1 mini,haiku,5,2.0,2,2
630,CharRange,4.1 mini,haiku,6,3.0,3,3
630,CharRange,4.1 mini,haiku,7,,3,3
630,CharRange,4.1 mini,haiku,8,,3,3
630,CharRange,4.1 mini,haiku,9,,3,3
630,CharRange,4.1 mini,haiku,10,1.0,1,1
630,CharRange,4.1 mini,haiku,11,1.0,1,1
630,CharRange,4.1 mini,haiku,12,,3,3
630,CharRange,4.1 mini,haiku,13,,3,3
630,CharRange,4.1 mini,haiku,14,,3,3
630,CharRange,4.1 mini,haiku,15,,3,3
630,CharRange,4.1 mini,haiku,16,2.0,2,2
630,CharRange,4.1 mini,haiku,17,,3,3
630,CharRange,4.1 mini,haiku,18,,3,3
630,CharRange,4.1 mini,haiku,19,,3,3
630,CharRange,4.1 mini,haiku,20,,3,3
631,CharRange,4.1 mini,sonnet,1,1.0,1,1
631,CharRange,4.1 mini,sonnet,2,,3,3
631,CharRange,4.1 mini,sonnet,3,3.0,3,3
631,CharRange,4.1 mini,sonnet,4,,3,3
631,CharRange,4.1 mini,sonnet,5,3.0,3,3
631,CharRange,4.1 mini,sonnet,6,,3,3
631,CharRange,4.1 mini,sonnet,7,,3,3
631,CharRange,4.1 mini,sonnet,8,,3,3
631,CharRange,4.1 mini,sonnet,9,2.0,2,2
631,CharRange,4.1 mini,sonnet,10,,3,3
631,CharRange,4.1 mini,sonnet,11,,3,3
631,CharRange,4.1 mini,sonnet,12,,3,3
631,CharRange,4.1 mini,sonnet,13,,3,3
631,CharRange,4.1 mini,sonnet,14,,3,3
631,CharRange,4.1 mini,sonnet,15,,3,3
631,CharRange,4.1 mini,sonnet,16,,3,3
631,CharRange,4.1 mini,sonnet,17,,3,3
631,CharRange,4.1 mini,sonnet,18,,3,3
631,CharRange,4.1 mini,sonnet,19,,3,3
631,CharRange,4.1 mini,sonnet,20,,3,3
632,CharRange,4.1,sonnet,1,1.0,1,1
632,CharRange,4.1,sonnet,2,,3,3
632,CharRange,4.1,sonnet,3,,3,3
632,CharRange,4.1,sonnet,4,,3,3
632,CharRange,4.1,sonnet,5,,3,3
632,CharRange,4.1,sonnet,6,,3,3
632,CharRange,4.1,sonnet,7,3.0,3,3
632,CharRange,4.1,sonnet,8,,3,3
632,CharRange,4.1,sonnet,9,,3,3
632,CharRange,4.1,sonnet,10,,3,3
632,CharRange,4.1,sonnet,11,,3,3
632,CharRange,4.1,sonnet,12,,3,3
632,CharRange,4.1,sonnet,13,,3,3
632,CharRange,4.1,sonnet,14,,3,3
632,CharRange,4.1,sonnet,15,,3,3
632,CharRange,4.1,sonnet,16,,3,3
632,CharRange,4.1,sonnet,17,,3,3
632,CharRange,4.1,sonnet,18,,3,3
632,CharRange,4.1,sonnet,19,,3,3
632,CharRange,4.1,sonnet,20,,3,3
633,CaseInsensitiveString,haiku,haiku,1,1.0,1,1
633,CaseInsensitiveString,haiku,haiku,2,1.0,1,1
633,CaseInsensitiveString,haiku,haiku,3,1.0,1,1
633,CaseInsensitiveString,haiku,haiku,4,1.0,1,1
633,CaseInsensitiveString,haiku,haiku,5,1.0,1,1
633,CaseInsensitiveString,haiku,haiku,6,1.0,1,1
633,CaseInsensitiveString,haiku,haiku,7,2.0,2,4
633,CaseInsensitiveString,haiku,haiku,8,3.0,3,3
633,CaseInsensitiveString,haiku,haiku,9,1.0,1,1
633,CaseInsensitiveString,haiku,haiku,10,2.0,2,2
633,CaseInsensitiveString,haiku,haiku,11,2.0,2,2
633,CaseInsensitiveString,haiku,haiku,12,1.0,1,1
633,CaseInsensitiveString,haiku,haiku,13,2.0,2,2
633,CaseInsensitiveString,haiku,haiku,14,1.0,1,1
633,CaseInsensitiveString,haiku,haiku,15,2.0,2,2
633,CaseInsensitiveString,haiku,haiku,16,2.0,2,2
633,CaseInsensitiveString,haiku,haiku,17,1.0,1,1
633,CaseInsensitiveString,haiku,haiku,18,1.0,1,1
633,CaseInsensitiveString,haiku,haiku,19,2.0,2,2
633,CaseInsensitiveString,haiku,haiku,20,3.0,3,3
634,CaseInsensitiveString,haiku,sonnet,1,1.0,1,1
634,CaseInsensitiveString,haiku,sonnet,2,1.0,1,1
634,CaseInsensitiveString,haiku,sonnet,3,1.0,1,1
634,CaseInsensitiveString,haiku,sonnet,4,1.0,1,2
634,CaseInsensitiveString,haiku,sonnet,5,1.0,1,1
634,CaseInsensitiveString,haiku,sonnet,6,1.0,1,1
634,CaseInsensitiveString,haiku,sonnet,7,2.0,2,2
634,CaseInsensitiveString,haiku,sonnet,8,1.0,1,1
634,CaseInsensitiveString,haiku,sonnet,9,1.0,1,1
634,CaseInsensitiveString,haiku,sonnet,10,1.0,1,1
634,CaseInsensitiveString,haiku,sonnet,11,2.0,2,2
634,CaseInsensitiveString,haiku,sonnet,12,2.0,2,2
634,CaseInsensitiveString,haiku,sonnet,13,1.0,1,1
634,CaseInsensitiveString,haiku,sonnet,14,2.0,2,2
634,CaseInsensitiveString,haiku,sonnet,15,1.0,1,1
634,CaseInsensitiveString,haiku,sonnet,16,2.0,2,2
634,CaseInsensitiveString,haiku,sonnet,17,1.0,1,1
634,CaseInsensitiveString,haiku,sonnet,18,1.0,1,1
634,CaseInsensitiveString,haiku,sonnet,19,1.0,1,1
634,CaseInsensitiveString,haiku,sonnet,20,2.0,2,2
635,CaseInsensitiveString,haiku,4.1 mini,1,1.0,1,1
635,CaseInsensitiveString,haiku,4.1 mini,2,1.0,1,1
635,CaseInsensitiveString,haiku,4.1 mini,3,2.0,2,2
635,CaseInsensitiveString,haiku,4.1 mini,4,1.0,1,1
635,CaseInsensitiveString,haiku,4.1 mini,5,1.0,1,1
635,CaseInsensitiveString,haiku,4.1 mini,6,1.0,1,1
635,CaseInsensitiveString,haiku,4.1 mini,7,1.0,1,1
635,CaseInsensitiveString,haiku,4.1 mini,8,1.0,1,1
635,CaseInsensitiveString,haiku,4.1 mini,9,1.0,1,1
635,CaseInsensitiveString,haiku,4.1 mini,10,1.0,1,1
635,CaseInsensitiveString,haiku,4.1 mini,11,2.0,2,2
635,CaseInsensitiveString,haiku,4.1 mini,12,1.0,1,1
635,CaseInsensitiveString,haiku,4.1 mini,13,1.0,1,1
635,CaseInsensitiveString,haiku,4.1 mini,14,2.0,2,2
635,CaseInsensitiveString,haiku,4.1 mini,15,1.0,1,2
635,CaseInsensitiveString,haiku,4.1 mini,16,2.0,2,2
635,CaseInsensitiveString,haiku,4.1 mini,17,1.0,1,1
635,CaseInsensitiveString,haiku,4.1 mini,18,1.0,1,1
635,CaseInsensitiveString,haiku,4.1 mini,19,1.0,1,1
635,CaseInsensitiveString,haiku,4.1 mini,20,,3,3
637,CaseInsensitiveString,sonnet,haiku,1,1.0,1,2
637,CaseInsensitiveString,sonnet,haiku,2,2.0,1,7
637,CaseInsensitiveString,sonnet,haiku,3,1.0,1,1
637,CaseInsensitiveString,sonnet,haiku,4,,1,15
637,CaseInsensitiveString,sonnet,haiku,5,,0,15
637,CaseInsensitiveString,sonnet,haiku,6,,1,12
637,CaseInsensitiveString,sonnet,haiku,7,3.0,1,14
637,CaseInsensitiveString,sonnet,haiku,8,1.0,1,3
637,CaseInsensitiveString,sonnet,haiku,9,,2,9
637,CaseInsensitiveString,sonnet,haiku,10,,3,3
637,CaseInsensitiveString,sonnet,haiku,11,2.0,2,2
637,CaseInsensitiveString,sonnet,haiku,12,,2,11
637,CaseInsensitiveString,sonnet,haiku,13,,1,14
637,CaseInsensitiveString,sonnet,haiku,14,,1,15
637,CaseInsensitiveString,sonnet,haiku,15,,2,11
637,CaseInsensitiveString,sonnet,haiku,16,,0,15
637,CaseInsensitiveString,sonnet,haiku,17,,1,11
637,CaseInsensitiveString,sonnet,haiku,18,,1,15
637,CaseInsensitiveString,sonnet,haiku,19,,2,14
637,CaseInsensitiveString,sonnet,haiku,20,,2,8
639,CaseInsensitiveString,sonnet,4.1 mini,1,1.0,1,1
639,CaseInsensitiveString,sonnet,4.1 mini,2,1.0,1,4
639,CaseInsensitiveString,sonnet,4.1 mini,3,2.0,2,2
639,CaseInsensitiveString,sonnet,4.1 mini,4,,0,15
639,CaseInsensitiveString,sonnet,4.1 mini,5,2.0,1,8
639,CaseInsensitiveString,sonnet,4.1 mini,6,1.0,1,1
639,CaseInsensitiveString,sonnet,4.1 mini,7,,3,4
639,CaseInsensitiveString,sonnet,4.1 mini,8,,3,3
639,CaseInsensitiveString,sonnet,4.1 mini,9,2.0,2,4
639,CaseInsensitiveString,sonnet,4.1 mini,10,1.0,1,5
639,CaseInsensitiveString,sonnet,4.1 mini,11,2.0,1,6
639,CaseInsensitiveString,sonnet,4.1 mini,12,,3,3
639,CaseInsensitiveString,sonnet,4.1 mini,13,,3,7
639,CaseInsensitiveString,sonnet,4.1 mini,14,,3,4
639,CaseInsensitiveString,sonnet,4.1 mini,15,3.0,3,4
639,CaseInsensitiveString,sonnet,4.1 mini,16,1.0,1,1
639,CaseInsensitiveString,sonnet,4.1 mini,17,,3,3
639,CaseInsensitiveString,sonnet,4.1 mini,18,3.0,2,10
639,CaseInsensitiveString,sonnet,4.1 mini,19,1.0,1,2
639,CaseInsensitiveString,sonnet,4.1 mini,20,,3,3
640,CaseInsensitiveString,sonnet,4.1,1,1.0,1,1
640,CaseInsensitiveString,sonnet,4.1,2,1.0,1,5
640,CaseInsensitiveString,sonnet,4.1,3,1.0,1,1
640,CaseInsensitiveString,sonnet,4.1,4,1.0,1,2
640,CaseInsensitiveString,sonnet,4.1,5,,0,15
640,CaseInsensitiveString,sonnet,4.1,6,,0,15
640,CaseInsensitiveString,sonnet,4.1,7,3.0,2,10
640,CaseInsensitiveString,sonnet,4.1,8,1.0,1,1
640,CaseInsensitiveString,sonnet,4.1,9,2.0,2,2
640,CaseInsensitiveString,sonnet,4.1,10,1.0,1,5
640,CaseInsensitiveString,sonnet,4.1,11,2.0,2,7
640,CaseInsensitiveString,sonnet,4.1,12,3.0,3,3
640,CaseInsensitiveString,sonnet,4.1,13,1.0,1,1
640,CaseInsensitiveString,sonnet,4.1,14,1.0,1,1
640,CaseInsensitiveString,sonnet,4.1,15,1.0,1,1
640,CaseInsensitiveString,sonnet,4.1,16,1.0,1,1
640,CaseInsensitiveString,sonnet,4.1,17,,3,3
640,CaseInsensitiveString,sonnet,4.1,18,2.0,2,2
640,CaseInsensitiveString,sonnet,4.1,19,,3,3
640,CaseInsensitiveString,sonnet,4.1,20,3.0,3,3
641,CaseInsensitiveString,4.1 mini,haiku,1,1.0,1,1
641,CaseInsensitiveString,4.1 mini,haiku,2,1.0,1,1
641,CaseInsensitiveString,4.1 mini,haiku,3,1.0,1,1
641,CaseInsensitiveString,4.1 mini,haiku,4,1.0,1,1
641,CaseInsensitiveString,4.1 mini,haiku,5,,3,3
641,CaseInsensitiveString,4.1 mini,haiku,6,,3,3
641,CaseInsensitiveString,4.1 mini,haiku,7,,3,3
641,CaseInsensitiveString,4.1 mini,haiku,8,,3,3
641,CaseInsensitiveString,4.1 mini,haiku,9,3.0,3,3
641,CaseInsensitiveString,4.1 mini,haiku,10,2.0,2,2
641,CaseInsensitiveString,4.1 mini,haiku,11,,3,3
641,CaseInsensitiveString,4.1 mini,haiku,12,,3,3
641,CaseInsensitiveString,4.1 mini,haiku,13,1.0,1,1
641,CaseInsensitiveString,4.1 mini,haiku,14,,3,3
641,CaseInsensitiveString,4.1 mini,haiku,15,2.0,2,2
641,CaseInsensitiveString,4.1 mini,haiku,16,,3,3
641,CaseInsensitiveString,4.1 mini,haiku,17,,3,3
641,CaseInsensitiveString,4.1 mini,haiku,18,,3,3
641,CaseInsensitiveString,4.1 mini,haiku,19,,3,3
641,CaseInsensitiveString,4.1 mini,haiku,20,,3,3
642,CaseInsensitiveString,4.1 mini,sonnet,1,1.0,1,1
642,CaseInsensitiveString,4.1 mini,sonnet,2,1.0,1,1
642,CaseInsensitiveString,4.1 mini,sonnet,3,1.0,1,1
642,CaseInsensitiveString,4.1 mini,sonnet,4,1.0,1,1
642,CaseInsensitiveString,4.1 mini,sonnet,5,,3,3
642,CaseInsensitiveString,4.1 mini,sonnet,6,,3,3
642,CaseInsensitiveString,4.1 mini,sonnet,7,1.0,1,1
642,CaseInsensitiveString,4.1 mini,sonnet,8,,3,3
642,CaseInsensitiveString,4.1 mini,sonnet,9,,3,3
642,CaseInsensitiveString,4.1 mini,sonnet,10,,3,3
642,CaseInsensitiveString,4.1 mini,sonnet,11,,3,3
642,CaseInsensitiveString,4.1 mini,sonnet,12,2.0,2,2
642,CaseInsensitiveString,4.1 mini,sonnet,13,,3,3
642,CaseInsensitiveString,4.1 mini,sonnet,14,,3,3
642,CaseInsensitiveString,4.1 mini,sonnet,15,,3,3
642,CaseInsensitiveString,4.1 mini,sonnet,16,,3,3
642,CaseInsensitiveString,4.1 mini,sonnet,17,2.0,2,2
642,CaseInsensitiveString,4.1 mini,sonnet,18,1.0,1,1
642,CaseInsensitiveString,4.1 mini,sonnet,19,,3,3
642,CaseInsensitiveString,4.1 mini,sonnet,20,,3,3
643,CaseInsensitiveString,4.1 mini,4.1,1,1.0,1,1
643,CaseInsensitiveString,4.1 mini,4.1,2,1.0,1,1
643,CaseInsensitiveString,4.1 mini,4.1,3,,3,3
643,CaseInsensitiveString,4.1 mini,4.1,4,,3,3
643,CaseInsensitiveString,4.1 mini,4.1,5,,3,3
643,CaseInsensitiveString,4.1 mini,4.1,6,,3,3
643,CaseInsensitiveString,4.1 mini,4.1,7,2.0,2,2
643,CaseInsensitiveString,4.1 mini,4.1,8,,3,3
643,CaseInsensitiveString,4.1 mini,4.1,9,,3,3
643,CaseInsensitiveString,4.1 mini,4.1,10,2.0,2,2
643,CaseInsensitiveString,4.1 mini,4.1,11,3.0,3,3
643,CaseInsensitiveString,4.1 mini,4.1,12,3.0,3,3
643,CaseInsensitiveString,4.1 mini,4.1,13,,3,3
643,CaseInsensitiveString,4.1 mini,4.1,14,,3,3
643,CaseInsensitiveString,4.1 mini,4.1,15,,3,3
643,CaseInsensitiveString,4.1 mini,4.1,16,1.0,1,1
643,CaseInsensitiveString,4.1 mini,4.1,17,,3,3
643,CaseInsensitiveString,4.1 mini,4.1,18,,3,3
643,CaseInsensitiveString,4.1 mini,4.1,19,,3,3
643,CaseInsensitiveString,4.1 mini,4.1,20,,3,3
644,CaseInsensitiveString,4.1,haiku,1,1.0,1,1
644,CaseInsensitiveString,4.1,haiku,2,1.0,1,1
644,CaseInsensitiveString,4.1,haiku,3,1.0,1,1
644,CaseInsensitiveString,4.1,haiku,4,1.0,1,1
644,CaseInsensitiveString,4.1,haiku,5,2.0,2,2
644,CaseInsensitiveString,4.1,haiku,6,1.0,1,1
644,CaseInsensitiveString,4.1,haiku,7,2.0,2,3
644,CaseInsensitiveString,4.1,haiku,8,2.0,2,2
644,CaseInsensitiveString,4.1,haiku,9,,3,5
644,CaseInsensitiveString,4.1,haiku,10,1.0,1,2
644,CaseInsensitiveString,4.1,haiku,11,1.0,1,1
644,CaseInsensitiveString,4.1,haiku,12,1.0,1,1
644,CaseInsensitiveString,4.1,haiku,13,3.0,3,6
644,CaseInsensitiveString,4.1,haiku,14,2.0,2,2
644,CaseInsensitiveString,4.1,haiku,15,2.0,2,4
644,CaseInsensitiveString,4.1,haiku,16,3.0,3,9
644,CaseInsensitiveString,4.1,haiku,17,2.0,2,2
644,CaseInsensitiveString,4.1,haiku,18,2.0,2,2
644,CaseInsensitiveString,4.1,haiku,19,1.0,1,2
644,CaseInsensitiveString,4.1,haiku,20,2.0,2,4
645,CaseInsensitiveString,4.1,sonnet,1,1.0,1,1
645,CaseInsensitiveString,4.1,sonnet,2,1.0,1,1
645,CaseInsensitiveString,4.1,sonnet,3,1.0,1,1
645,CaseInsensitiveString,4.1,sonnet,4,1.0,1,1
645,CaseInsensitiveString,4.1,sonnet,5,1.0,1,1
645,CaseInsensitiveString,4.1,sonnet,6,1.0,1,1
645,CaseInsensitiveString,4.1,sonnet,7,1.0,1,1
645,CaseInsensitiveString,4.1,sonnet,8,1.0,1,1
645,CaseInsensitiveString,4.1,sonnet,9,1.0,1,1
645,CaseInsensitiveString,4.1,sonnet,10,1.0,1,1
645,CaseInsensitiveString,4.1,sonnet,11,1.0,1,1
645,CaseInsensitiveString,4.1,sonnet,12,1.0,1,1
645,CaseInsensitiveString,4.1,sonnet,13,1.0,1,3
645,CaseInsensitiveString,4.1,sonnet,14,1.0,1,2
645,CaseInsensitiveString,4.1,sonnet,15,1.0,1,1
645,CaseInsensitiveString,4.1,sonnet,16,1.0,1,1
645,CaseInsensitiveString,4.1,sonnet,17,1.0,1,1
645,CaseInsensitiveString,4.1,sonnet,18,1.0,1,1
645,CaseInsensitiveString,4.1,sonnet,19,1.0,1,1
645,CaseInsensitiveString,4.1,sonnet,20,1.0,1,1
646,Document,haiku,haiku,1,1.0,1,2
646,Document,haiku,haiku,2,1.0,1,1
646,Document,haiku,haiku,3,1.0,1,2
646,Document,haiku,haiku,4,1.0,1,1
646,Document,haiku,haiku,5,1.0,1,4
646,Document,haiku,haiku,6,1.0,1,3
646,Document,haiku,haiku,7,1.0,1,1
646,Document,haiku,haiku,8,1.0,1,1
646,Document,haiku,haiku,9,1.0,1,2
646,Document,haiku,haiku,10,1.0,1,1
646,Document,haiku,haiku,11,1.0,1,1
646,Document,haiku,haiku,12,1.0,1,1
646,Document,haiku,haiku,13,1.0,1,1
646,Document,haiku,haiku,14,1.0,1,1
646,Document,haiku,haiku,15,2.0,2,2
646,Document,haiku,haiku,16,1.0,1,2
646,Document,haiku,haiku,17,1.0,1,1
646,Document,haiku,haiku,18,1.0,1,1
646,Document,haiku,haiku,19,1.0,1,2
646,Document,haiku,haiku,20,1.0,1,1
647,Document,haiku,sonnet,1,1.0,1,1
647,Document,haiku,sonnet,2,1.0,1,1
647,Document,haiku,sonnet,3,1.0,1,1
647,Document,haiku,sonnet,4,1.0,1,1
647,Document,haiku,sonnet,5,1.0,1,2
647,Document,haiku,sonnet,6,1.0,1,1
647,Document,haiku,sonnet,7,1.0,1,1
647,Document,haiku,sonnet,8,1.0,1,4
647,Document,haiku,sonnet,9,1.0,1,1
647,Document,haiku,sonnet,10,1.0,1,2
647,Document,haiku,sonnet,11,1.0,1,2
647,Document,haiku,sonnet,12,1.0,1,2
647,Document,haiku,sonnet,13,1.0,1,1
647,Document,haiku,sonnet,14,1.0,1,2
647,Document,haiku,sonnet,15,1.0,1,1
647,Document,haiku,sonnet,16,1.0,1,2
647,Document,haiku,sonnet,17,1.0,1,1
647,Document,haiku,sonnet,18,2.0,2,2
647,Document,haiku,sonnet,19,,3,3
647,Document,haiku,sonnet,20,1.0,1,1
648,Document,haiku,4.1 mini,1,1.0,1,1
648,Document,haiku,4.1 mini,2,2.0,2,2
648,Document,haiku,4.1 mini,3,1.0,1,1
648,Document,haiku,4.1 mini,4,1.0,1,1
648,Document,haiku,4.1 mini,5,1.0,1,1
648,Document,haiku,4.1 mini,6,1.0,1,1
648,Document,haiku,4.1 mini,7,1.0,1,1
648,Document,haiku,4.1 mini,8,1.0,1,1
648,Document,haiku,4.1 mini,9,1.0,1,1
648,Document,haiku,4.1 mini,10,1.0,1,1
648,Document,haiku,4.1 mini,11,1.0,1,1
648,Document,haiku,4.1 mini,12,1.0,1,3
648,Document,haiku,4.1 mini,13,1.0,1,1
648,Document,haiku,4.1 mini,14,1.0,1,1
648,Document,haiku,4.1 mini,15,1.0,1,1
648,Document,haiku,4.1 mini,16,1.0,1,2
648,Document,haiku,4.1 mini,17,1.0,1,1
648,Document,haiku,4.1 mini,18,1.0,1,1
648,Document,haiku,4.1 mini,19,1.0,1,1
648,Document,haiku,4.1 mini,20,1.0,1,1
649,Document,haiku,4.1,1,1.0,1,1
649,Document,haiku,4.1,2,2.0,2,2
649,Document,haiku,4.1,3,1.0,1,1
649,Document,haiku,4.1,4,1.0,1,1
649,Document,haiku,4.1,5,1.0,1,1
649,Document,haiku,4.1,6,1.0,1,1
649,Document,haiku,4.1,7,1.0,1,1
649,Document,haiku,4.1,8,1.0,1,4
649,Document,haiku,4.1,9,2.0,2,2
649,Document,haiku,4.1,10,1.0,1,2
649,Document,haiku,4.1,11,1.0,1,1
649,Document,haiku,4.1,12,1.0,1,1
649,Document,haiku,4.1,13,1.0,1,2
649,Document,haiku,4.1,14,1.0,1,1
649,Document,haiku,4.1,15,1.0,1,2
649,Document,haiku,4.1,16,1.0,1,1
649,Document,haiku,4.1,17,1.0,1,2
649,Document,haiku,4.1,18,1.0,1,2
649,Document,haiku,4.1,19,2.0,2,3
649,Document,haiku,4.1,20,2.0,2,2
650,Document,sonnet,haiku,1,1.0,1,1
650,Document,sonnet,haiku,2,,3,3
650,Document,sonnet,haiku,3,1.0,1,1
650,Document,sonnet,haiku,4,2.0,2,2
650,Document,sonnet,haiku,5,1.0,1,1
650,Document,sonnet,haiku,6,,3,3
650,Document,sonnet,haiku,7,,3,3
650,Document,sonnet,haiku,8,,3,3
650,Document,sonnet,haiku,9,,3,3
650,Document,sonnet,haiku,10,,3,3
650,Document,sonnet,haiku,11,,3,3
650,Document,sonnet,haiku,12,,3,3
650,Document,sonnet,haiku,13,,3,3
650,Document,sonnet,haiku,14,,3,3
650,Document,sonnet,haiku,15,,3,3
650,Document,sonnet,haiku,16,,3,3
650,Document,sonnet,haiku,17,,3,3
650,Document,sonnet,haiku,18,,3,3
650,Document,sonnet,haiku,19,,3,3
650,Document,sonnet,haiku,20,,3,3
651,Document,sonnet,sonnet,1,1.0,1,1
651,Document,sonnet,sonnet,2,,3,3
651,Document,sonnet,sonnet,3,,3,3
651,Document,sonnet,sonnet,4,1.0,1,1
651,Document,sonnet,sonnet,5,,3,3
651,Document,sonnet,sonnet,6,,3,3
651,Document,sonnet,sonnet,7,,3,3
651,Document,sonnet,sonnet,8,,3,3
651,Document,sonnet,sonnet,9,,3,3
651,Document,sonnet,sonnet,10,,3,3
651,Document,sonnet,sonnet,11,,3,3
651,Document,sonnet,sonnet,12,,3,3
651,Document,sonnet,sonnet,13,,3,3
651,Document,sonnet,sonnet,14,,3,3
651,Document,sonnet,sonnet,15,,3,3
651,Document,sonnet,sonnet,16,,3,3
651,Document,sonnet,sonnet,17,,3,3
651,Document,sonnet,sonnet,18,,3,3
651,Document,sonnet,sonnet,19,,3,3
651,Document,sonnet,sonnet,20,,3,3
652,Document,sonnet,4.1 mini,1,1.0,1,1
652,Document,sonnet,4.1 mini,2,,3,3
652,Document,sonnet,4.1 mini,3,2.0,2,2
652,Document,sonnet,4.1 mini,4,,3,3
652,Document,sonnet,4.1 mini,5,,3,3
652,Document,sonnet,4.1 mini,6,,3,3
652,Document,sonnet,4.1 mini,7,,3,3
652,Document,sonnet,4.1 mini,8,,3,3
652,Document,sonnet,4.1 mini,9,,3,3
652,Document,sonnet,4.1 mini,10,,3,3
652,Document,sonnet,4.1 mini,11,,3,3
652,Document,sonnet,4.1 mini,12,,3,3
652,Document,sonnet,4.1 mini,13,,3,3
652,Document,sonnet,4.1 mini,14,,3,3
652,Document,sonnet,4.1 mini,15,2.0,2,2
652,Document,sonnet,4.1 mini,16,,3,3
652,Document,sonnet,4.1 mini,17,,3,3
652,Document,sonnet,4.1 mini,18,,3,3
652,Document,sonnet,4.1 mini,19,,3,3
652,Document,sonnet,4.1 mini,20,,3,3
653,Document,sonnet,4.1,1,1.0,1,1
653,Document,sonnet,4.1,2,,3,3
653,Document,sonnet,4.1,3,1.0,1,1
653,Document,sonnet,4.1,4,,3,3
653,Document,sonnet,4.1,5,,3,3
653,Document,sonnet,4.1,6,2.0,2,2
653,Document,sonnet,4.1,7,,3,3
653,Document,sonnet,4.1,8,,3,3
653,Document,sonnet,4.1,9,,3,3
653,Document,sonnet,4.1,10,,3,3
653,Document,sonnet,4.1,11,,3,3
653,Document,sonnet,4.1,12,,3,3
653,Document,sonnet,4.1,13,,3,3
653,Document,sonnet,4.1,14,,3,3
653,Document,sonnet,4.1,15,,3,3
653,Document,sonnet,4.1,16,,3,3
653,Document,sonnet,4.1,17,,3,3
653,Document,sonnet,4.1,18,,3,3
653,Document,sonnet,4.1,19,,3,3
653,Document,sonnet,4.1,20,,3,3
654,Document,4.1 mini,haiku,1,1.0,1,1
654,Document,4.1 mini,haiku,2,1.0,1,1
654,Document,4.1 mini,haiku,3,1.0,1,1
654,Document,4.1 mini,haiku,4,2.0,2,2
654,Document,4.1 mini,haiku,5,1.0,1,1
654,Document,4.1 mini,haiku,6,2.0,2,2
654,Document,4.1 mini,haiku,7,,3,3
654,Document,4.1 mini,haiku,8,3.0,3,3
654,Document,4.1 mini,haiku,9,1.0,1,1
654,Document,4.1 mini,haiku,10,2.0,2,2
654,Document,4.1 mini,haiku,11,1.0,1,1
654,Document,4.1 mini,haiku,12,2.0,2,2
654,Document,4.1 mini,haiku,13,1.0,1,1
654,Document,4.1 mini,haiku,14,2.0,2,2
654,Document,4.1 mini,haiku,15,,3,3
654,Document,4.1 mini,haiku,16,2.0,2,2
654,Document,4.1 mini,haiku,17,2.0,2,2
654,Document,4.1 mini,haiku,18,1.0,1,1
654,Document,4.1 mini,haiku,19,2.0,2,3
654,Document,4.1 mini,haiku,20,2.0,2,2
655,Document,4.1 mini,sonnet,1,1.0,1,1
655,Document,4.1 mini,sonnet,2,1.0,1,1
655,Document,4.1 mini,sonnet,3,1.0,1,1
655,Document,4.1 mini,sonnet,4,,3,3
655,Document,4.1 mini,sonnet,5,1.0,1,2
655,Document,4.1 mini,sonnet,6,1.0,1,1
655,Document,4.1 mini,sonnet,7,2.0,2,2
655,Document,4.1 mini,sonnet,8,3.0,3,3
655,Document,4.1 mini,sonnet,9,1.0,1,1
655,Document,4.1 mini,sonnet,10,1.0,1,1
655,Document,4.1 mini,sonnet,11,1.0,1,1
655,Document,4.1 mini,sonnet,12,1.0,1,1
655,Document,4.1 mini,sonnet,13,1.0,1,1
655,Document,4.1 mini,sonnet,14,2.0,2,2
655,Document,4.1 mini,sonnet,15,2.0,2,2
655,Document,4.1 mini,sonnet,16,,3,3
655,Document,4.1 mini,sonnet,17,1.0,1,1
655,Document,4.1 mini,sonnet,18,1.0,1,1
655,Document,4.1 mini,sonnet,19,,3,3
655,Document,4.1 mini,sonnet,20,1.0,1,1
656,Document,4.1,haiku,1,1.0,1,1
656,Document,4.1,haiku,2,1.0,1,1
656,Document,4.1,haiku,3,2.0,2,2
656,Document,4.1,haiku,4,,3,3
656,Document,4.1,haiku,5,2.0,2,2
656,Document,4.1,haiku,6,,3,3
656,Document,4.1,haiku,7,,3,3
656,Document,4.1,haiku,8,,3,3
656,Document,4.1,haiku,9,1.0,1,1
656,Document,4.1,haiku,10,,3,3
656,Document,4.1,haiku,11,,3,3
656,Document,4.1,haiku,12,,3,3
656,Document,4.1,haiku,13,,3,3
656,Document,4.1,haiku,14,,3,3
656,Document,4.1,haiku,15,,3,3
656,Document,4.1,haiku,16,,3,3
656,Document,4.1,haiku,17,,3,3
656,Document,4.1,haiku,18,,3,3
656,Document,4.1,haiku,19,,3,3
656,Document,4.1,haiku,20,,3,3
657,Document,4.1,sonnet,1,1.0,1,1
657,Document,4.1,sonnet,2,1.0,1,1
657,Document,4.1,sonnet,3,3.0,3,3
657,Document,4.1,sonnet,4,2.0,2,2
657,Document,4.1,sonnet,5,,3,3
657,Document,4.1,sonnet,6,3.0,3,3
657,Document,4.1,sonnet,7,3.0,3,3
657,Document,4.1,sonnet,8,,3,3
657,Document,4.1,sonnet,9,,3,3
657,Document,4.1,sonnet,10,,3,3
657,Document,4.1,sonnet,11,2.0,2,2
657,Document,4.1,sonnet,12,2.0,2,2
657,Document,4.1,sonnet,13,,3,3
657,Document,4.1,sonnet,14,1.0,1,1
657,Document,4.1,sonnet,15,,3,3
657,Document,4.1,sonnet,16,,3,3
657,Document,4.1,sonnet,17,,3,3
657,Document,4.1,sonnet,18,,3,3
657,Document,4.1,sonnet,19,,3,3
657,Document,4.1,sonnet,20,,3,3
658,Rational,haiku,haiku,1,1.0,1,2
658,Rational,haiku,haiku,2,1.0,1,3
658,Rational,haiku,haiku,3,1.0,1,2
658,Rational,haiku,haiku,4,2.0,2,2
658,Rational,haiku,haiku,5,1.0,1,1
658,Rational,haiku,haiku,6,1.0,1,1
658,Rational,haiku,haiku,7,,3,3
658,Rational,haiku,haiku,8,1.0,1,2
658,Rational,haiku,haiku,9,3.0,3,4
658,Rational,haiku,haiku,10,2.0,2,2
658,Rational,haiku,haiku,11,1.0,1,1
658,Rational,haiku,haiku,12,,3,3
658,Rational,haiku,haiku,13,2.0,2,3
658,Rational,haiku,haiku,14,,3,4
658,Rational,haiku,haiku,15,1.0,1,1
658,Rational,haiku,haiku,16,,3,5
658,Rational,haiku,haiku,17,1.0,1,1
658,Rational,haiku,haiku,18,2.0,2,2
658,Rational,haiku,haiku,19,1.0,1,2
658,Rational,haiku,haiku,20,1.0,1,3
659,Rational,haiku,sonnet,1,1.0,1,1
659,Rational,haiku,sonnet,2,1.0,1,1
659,Rational,haiku,sonnet,3,1.0,1,1
659,Rational,haiku,sonnet,4,1.0,1,1
659,Rational,haiku,sonnet,5,2.0,2,2
659,Rational,haiku,sonnet,6,2.0,2,3
659,Rational,haiku,sonnet,7,,3,3
659,Rational,haiku,sonnet,8,,3,3
659,Rational,haiku,sonnet,9,1.0,1,1
659,Rational,haiku,sonnet,10,1.0,1,1
659,Rational,haiku,sonnet,11,,3,3
659,Rational,haiku,sonnet,12,3.0,3,3
659,Rational,haiku,sonnet,13,,3,3
659,Rational,haiku,sonnet,14,2.0,2,2
659,Rational,haiku,sonnet,15,1.0,1,1
659,Rational,haiku,sonnet,16,,3,3
659,Rational,haiku,sonnet,17,1.0,1,1
659,Rational,haiku,sonnet,18,3.0,3,4
659,Rational,haiku,sonnet,19,3.0,3,5
659,Rational,haiku,sonnet,20,2.0,2,2
660,Rational,haiku,4.1 mini,1,1.0,1,2
660,Rational,haiku,4.1 mini,2,1.0,1,1
660,Rational,haiku,4.1 mini,3,3.0,3,4
660,Rational,haiku,4.1 mini,4,1.0,1,1
660,Rational,haiku,4.1 mini,5,1.0,1,1
660,Rational,haiku,4.1 mini,6,1.0,1,1
660,Rational,haiku,4.1 mini,7,,3,4
660,Rational,haiku,4.1 mini,8,1.0,1,2
660,Rational,haiku,4.1 mini,9,,3,5
660,Rational,haiku,4.1 mini,10,2.0,2,3
660,Rational,haiku,4.1 mini,11,1.0,1,1
660,Rational,haiku,4.1 mini,12,,3,3
660,Rational,haiku,4.1 mini,13,1.0,1,1
660,Rational,haiku,4.1 mini,14,2.0,2,2
660,Rational,haiku,4.1 mini,15,2.0,2,2
660,Rational,haiku,4.1 mini,16,1.0,1,2
660,Rational,haiku,4.1 mini,17,3.0,3,4
660,Rational,haiku,4.1 mini,18,,3,3
660,Rational,haiku,4.1 mini,19,2.0,2,3
660,Rational,haiku,4.1 mini,20,,3,5
661,Rational,haiku,4.1,1,1.0,1,1
661,Rational,haiku,4.1,2,1.0,1,2
661,Rational,haiku,4.1,3,1.0,1,1
661,Rational,haiku,4.1,4,3.0,3,4
661,Rational,haiku,4.1,5,3.0,3,3
661,Rational,haiku,4.1,6,1.0,1,2
661,Rational,haiku,4.1,7,,3,3
661,Rational,haiku,4.1,8,3.0,3,4
661,Rational,haiku,4.1,9,,3,3
661,Rational,haiku,4.1,10,,3,4
661,Rational,haiku,4.1,11,,3,3
661,Rational,haiku,4.1,12,,3,3
661,Rational,haiku,4.1,13,,3,3
661,Rational,haiku,4.1,14,1.0,1,1
661,Rational,haiku,4.1,15,,3,6
661,Rational,haiku,4.1,16,,3,6
661,Rational,haiku,4.1,17,2.0,2,2
661,Rational,haiku,4.1,18,2.0,2,2
661,Rational,haiku,4.1,19,,3,3
661,Rational,haiku,4.1,20,1.0,1,1
662,Rational,sonnet,haiku,1,1.0,1,1
662,Rational,sonnet,haiku,2,,3,3
662,Rational,sonnet,haiku,3,,3,3
662,Rational,sonnet,haiku,4,,3,3
662,Rational,sonnet,haiku,5,,3,3
662,Rational,sonnet,haiku,6,,3,3
662,Rational,sonnet,haiku,7,,3,3
662,Rational,sonnet,haiku,8,,3,3
662,Rational,sonnet,haiku,9,,3,3
662,Rational,sonnet,haiku,10,,3,3
662,Rational,sonnet,haiku,11,,3,3
662,Rational,sonnet,haiku,12,2.0,2,2
662,Rational,sonnet,haiku,13,,3,3
662,Rational,sonnet,haiku,14,,3,3
662,Rational,sonnet,haiku,15,,3,3
662,Rational,sonnet,haiku,16,,3,3
662,Rational,sonnet,haiku,17,,3,3
662,Rational,sonnet,haiku,18,,3,3
662,Rational,sonnet,haiku,19,,3,3
662,Rational,sonnet,haiku,20,,3,3
663,Rational,sonnet,sonnet,1,1.0,1,1
663,Rational,sonnet,sonnet,2,,3,3
663,Rational,sonnet,sonnet,3,,3,3
663,Rational,sonnet,sonnet,4,,3,3
663,Rational,sonnet,sonnet,5,,3,3
663,Rational,sonnet,sonnet,6,,3,3
663,Rational,sonnet,sonnet,7,,3,3
663,Rational,sonnet,sonnet,8,,3,3
663,Rational,sonnet,sonnet,9,,3,3
663,Rational,sonnet,sonnet,10,,3,3
663,Rational,sonnet,sonnet,11,,3,3
663,Rational,sonnet,sonnet,12,,3,3
663,Rational,sonnet,sonnet,13,,3,3
663,Rational,sonnet,sonnet,14,,3,3
663,Rational,sonnet,sonnet,15,,3,3
663,Rational,sonnet,sonnet,16,,3,3
663,Rational,sonnet,sonnet,17,,3,3
663,Rational,sonnet,sonnet,18,,3,3
663,Rational,sonnet,sonnet,19,,3,3
663,Rational,sonnet,sonnet,20,,3,3
664,Rational,sonnet,4.1 mini,1,1.0,1,1
664,Rational,sonnet,4.1 mini,2,,3,3
664,Rational,sonnet,4.1 mini,3,,3,3
664,Rational,sonnet,4.1 mini,4,,3,3
664,Rational,sonnet,4.1 mini,5,,3,3
664,Rational,sonnet,4.1 mini,6,,3,3
664,Rational,sonnet,4.1 mini,7,,3,3
664,Rational,sonnet,4.1 mini,8,,3,3
664,Rational,sonnet,4.1 mini,9,,3,3
664,Rational,sonnet,4.1 mini,10,,3,3
664,Rational,sonnet,4.1 mini,11,,3,3
664,Rational,sonnet,4.1 mini,12,,3,3
664,Rational,sonnet,4.1 mini,13,,3,3
664,Rational,sonnet,4.1 mini,14,,3,3
664,Rational,sonnet,4.1 mini,15,2.0,2,2
664,Rational,sonnet,4.1 mini,16,,3,3
664,Rational,sonnet,4.1 mini,17,,3,3
664,Rational,sonnet,4.1 mini,18,,3,3
664,Rational,sonnet,4.1 mini,19,,3,3
664,Rational,sonnet,4.1 mini,20,,3,3
665,Rational,sonnet,4.1,1,1.0,1,1
665,Rational,sonnet,4.1,2,,3,3
665,Rational,sonnet,4.1,3,,3,3
665,Rational,sonnet,4.1,4,,3,3
665,Rational,sonnet,4.1,5,3.0,3,3
665,Rational,sonnet,4.1,6,,3,3
665,Rational,sonnet,4.1,7,,3,3
665,Rational,sonnet,4.1,8,,3,3
665,Rational,sonnet,4.1,9,,3,3
665,Rational,sonnet,4.1,10,,3,3
665,Rational,sonnet,4.1,11,,3,3
665,Rational,sonnet,4.1,12,,3,3
665,Rational,sonnet,4.1,13,,3,3
665,Rational,sonnet,4.1,14,,3,3
665,Rational,sonnet,4.1,15,,3,3
665,Rational,sonnet,4.1,16,,3,3
665,Rational,sonnet,4.1,17,,3,3
665,Rational,sonnet,4.1,18,,3,3
665,Rational,sonnet,4.1,19,,3,3
665,Rational,sonnet,4.1,20,,3,3
666,Rational,4.1 mini,haiku,1,1.0,1,1
666,Rational,4.1 mini,haiku,2,1.0,1,1
666,Rational,4.1 mini,haiku,3,1.0,1,1
666,Rational,4.1 mini,haiku,4,2.0,2,2
666,Rational,4.1 mini,haiku,5,1.0,1,1
666,Rational,4.1 mini,haiku,6,1.0,1,1
666,Rational,4.1 mini,haiku,7,,3,3
666,Rational,4.1 mini,haiku,8,1.0,1,1
666,Rational,4.1 mini,haiku,9,1.0,1,1
666,Rational,4.1 mini,haiku,10,,3,3
666,Rational,4.1 mini,haiku,11,3.0,3,3
666,Rational,4.1 mini,haiku,12,2.0,2,2
666,Rational,4.1 mini,haiku,13,,3,3
666,Rational,4.1 mini,haiku,14,,3,3
666,Rational,4.1 mini,haiku,15,3.0,3,3
666,Rational,4.1 mini,haiku,16,,3,3
666,Rational,4.1 mini,haiku,17,,3,3
666,Rational,4.1 mini,haiku,18,2.0,2,2
666,Rational,4.1 mini,haiku,19,,3,3
666,Rational,4.1 mini,haiku,20,,3,3
667,Rational,4.1 mini,sonnet,1,1.0,1,1
667,Rational,4.1 mini,sonnet,2,1.0,1,1
667,Rational,4.1 mini,sonnet,3,2.0,2,2
667,Rational,4.1 mini,sonnet,4,1.0,1,1
667,Rational,4.1 mini,sonnet,5,2.0,2,2
667,Rational,4.1 mini,sonnet,6,1.0,1,1
667,Rational,4.1 mini,sonnet,7,1.0,1,1
667,Rational,4.1 mini,sonnet,8,2.0,2,2
667,Rational,4.1 mini,sonnet,9,1.0,1,1
667,Rational,4.1 mini,sonnet,10,1.0,1,1
667,Rational,4.1 mini,sonnet,11,2.0,2,2
667,Rational,4.1 mini,sonnet,12,2.0,2,2
667,Rational,4.1 mini,sonnet,13,1.0,1,1
667,Rational,4.1 mini,sonnet,14,1.0,1,1
667,Rational,4.1 mini,sonnet,15,1.0,1,1
667,Rational,4.1 mini,sonnet,16,1.0,1,1
667,Rational,4.1 mini,sonnet,17,2.0,2,2
667,Rational,4.1 mini,sonnet,18,1.0,1,1
667,Rational,4.1 mini,sonnet,19,2.0,2,2
667,Rational,4.1 mini,sonnet,20,1.0,1,1
668,Rational,4.1,haiku,1,1.0,1,1
668,Rational,4.1,haiku,2,1.0,1,1
668,Rational,4.1,haiku,3,1.0,1,1
668,Rational,4.1,haiku,4,1.0,1,1
668,Rational,4.1,haiku,5,1.0,1,1
668,Rational,4.1,haiku,6,1.0,1,1
668,Rational,4.1,haiku,7,1.0,1,1
668,Rational,4.1,haiku,8,1.0,1,1
668,Rational,4.1,haiku,9,2.0,2,2
668,Rational,4.1,haiku,10,1.0,1,1
668,Rational,4.1,haiku,11,1.0,1,1
668,Rational,4.1,haiku,12,3.0,3,3
668,Rational,4.1,haiku,13,1.0,1,1
668,Rational,4.1,haiku,14,1.0,1,1
668,Rational,4.1,haiku,15,1.0,1,1
668,Rational,4.1,haiku,16,1.0,1,1
668,Rational,4.1,haiku,17,1.0,1,1
668,Rational,4.1,haiku,18,1.0,1,1
668,Rational,4.1,haiku,19,1.0,1,1
668,Rational,4.1,haiku,20,2.0,2,2
669,Rational,4.1,sonnet,1,1.0,1,1
669,Rational,4.1,sonnet,2,1.0,1,1
669,Rational,4.1,sonnet,3,1.0,1,1
669,Rational,4.1,sonnet,4,1.0,1,1
669,Rational,4.1,sonnet,5,1.0,1,1
669,Rational,4.1,sonnet,6,1.0,1,1
669,Rational,4.1,sonnet,7,1.0,1,1
669,Rational,4.1,sonnet,8,1.0,1,1
669,Rational,4.1,sonnet,9,1.0,1,1
669,Rational,4.1,sonnet,10,1.0,1,1
669,Rational,4.1,sonnet,11,1.0,1,1
669,Rational,4.1,sonnet,12,1.0,1,1
669,Rational,4.1,sonnet,13,1.0,1,1
669,Rational,4.1,sonnet,14,1.0,1,1
669,Rational,4.1,sonnet,15,1.0,1,1
669,Rational,4.1,sonnet,16,1.0,1,1
669,Rational,4.1,sonnet,17,2.0,2,2
669,Rational,4.1,sonnet,18,2.0,2,2
669,Rational,4.1,sonnet,19,1.0,1,1
669,Rational,4.1,sonnet,20,2.0,2,2
679,Option,4.1,4.1,1,1.0,1,1
679,Option,4.1,4.1,2,1.0,1,1
679,Option,4.1,4.1,3,1.0,1,1
679,Option,4.1,4.1,4,1.0,1,1
679,Option,4.1,4.1,5,1.0,1,1
679,Option,4.1,4.1,6,1.0,1,1
679,Option,4.1,4.1,7,1.0,1,1
679,Option,4.1,4.1,8,1.0,1,1
679,Option,4.1,4.1,9,1.0,1,1
679,Option,4.1,4.1,10,1.0,1,1
679,Option,4.1,4.1,11,1.0,1,1
679,Option,4.1,4.1,12,1.0,1,1
679,Option,4.1,4.1,13,2.0,2,2
679,Option,4.1,4.1,14,1.0,1,1
679,Option,4.1,4.1,15,1.0,1,1
679,Option,4.1,4.1,16,1.0,1,1
679,Option,4.1,4.1,17,1.0,1,1
679,Option,4.1,4.1,18,1.0,1,1
679,Option,4.1,4.1,19,1.0,1,1
679,Option,4.1,4.1,20,2.0,2,2
689,CaseInsensitiveString,haiku,4.1,1,1.0,1,1
689,CaseInsensitiveString,haiku,4.1,2,1.0,1,1
689,CaseInsensitiveString,haiku,4.1,3,1.0,1,1
689,CaseInsensitiveString,haiku,4.1,4,1.0,1,1
689,CaseInsensitiveString,haiku,4.1,5,1.0,1,1
689,CaseInsensitiveString,haiku,4.1,6,3.0,3,3
689,CaseInsensitiveString,haiku,4.1,7,1.0,1,1
689,CaseInsensitiveString,haiku,4.1,8,2.0,2,2
689,CaseInsensitiveString,haiku,4.1,9,2.0,2,2
689,CaseInsensitiveString,haiku,4.1,10,1.0,1,1
689,CaseInsensitiveString,haiku,4.1,11,2.0,2,2
689,CaseInsensitiveString,haiku,4.1,12,1.0,1,1
689,CaseInsensitiveString,haiku,4.1,13,1.0,1,1
689,CaseInsensitiveString,haiku,4.1,14,2.0,2,2
689,CaseInsensitiveString,haiku,4.1,15,1.0,1,1
689,CaseInsensitiveString,haiku,4.1,16,3.0,3,4
689,CaseInsensitiveString,haiku,4.1,17,1.0,1,1
689,CaseInsensitiveString,haiku,4.1,18,,3,3
689,CaseInsensitiveString,haiku,4.1,19,3.0,3,3
689,CaseInsensitiveString,haiku,4.1,20,,3,3
697,ByteVector,haiku,haiku,1,1.0,1,1
697,ByteVector,haiku,haiku,2,1.0,1,1
697,ByteVector,haiku,haiku,3,1.0,1,1
697,ByteVector,haiku,haiku,4,1.0,1,1
697,ByteVector,haiku,haiku,5,1.0,1,1
697,ByteVector,haiku,haiku,6,,3,3
697,ByteVector,haiku,haiku,7,2.0,2,2
697,ByteVector,haiku,haiku,8,2.0,2,3
697,ByteVector,haiku,haiku,9,1.0,1,2
697,ByteVector,haiku,haiku,10,2.0,2,2
697,ByteVector,haiku,haiku,11,1.0,1,1
697,ByteVector,haiku,haiku,12,2.0,2,2
697,ByteVector,haiku,haiku,13,1.0,1,1
697,ByteVector,haiku,haiku,14,1.0,1,1
697,ByteVector,haiku,haiku,15,1.0,1,4
697,ByteVector,haiku,haiku,16,,3,3
697,ByteVector,haiku,haiku,17,,3,3
697,ByteVector,haiku,haiku,18,2.0,2,2
697,ByteVector,haiku,haiku,19,,3,5
697,ByteVector,haiku,haiku,20,,3,3
700,Option,haiku,haiku,1,,0,15
700,Option,haiku,haiku,2,,0,15
700,Option,haiku,haiku,3,,0,15
700,Option,haiku,haiku,4,,0,15
700,Option,haiku,haiku,5,,0,15
700,Option,haiku,haiku,6,,0,15
700,Option,haiku,haiku,7,,0,15
700,Option,haiku,haiku,8,,0,15
700,Option,haiku,haiku,9,,0,15
700,Option,haiku,haiku,10,,0,15
700,Option,haiku,haiku,11,,0,15
700,Option,haiku,haiku,12,,0,15
700,Option,haiku,haiku,13,,0,15
700,Option,haiku,haiku,14,,0,15
700,Option,haiku,haiku,15,,1,12
700,Option,haiku,haiku,16,,0,15
700,Option,haiku,haiku,17,,0,15
700,Option,haiku,haiku,18,,0,15
700,Option,haiku,haiku,19,,0,15
700,Option,haiku,haiku,20,,0,15
701,Option,haiku,sonnet,1,,0,15
701,Option,haiku,sonnet,2,,0,15
701,Option,haiku,sonnet,3,,0,15
701,Option,haiku,sonnet,4,,0,15
701,Option,haiku,sonnet,5,,0,15
701,Option,haiku,sonnet,6,,0,15
701,Option,haiku,sonnet,7,,0,15
701,Option,haiku,sonnet,8,,0,15
701,Option,haiku,sonnet,9,,0,15
701,Option,haiku,sonnet,10,,0,15
701,Option,haiku,sonnet,11,,0,15
701,Option,haiku,sonnet,12,,0,15
701,Option,haiku,sonnet,13,,0,15
701,Option,haiku,sonnet,14,,0,15
701,Option,haiku,sonnet,15,,0,15
701,Option,haiku,sonnet,16,,0,15
701,Option,haiku,sonnet,17,,1,14
701,Option,haiku,sonnet,18,,0,15
701,Option,haiku,sonnet,19,,0,15
701,Option,haiku,sonnet,20,,0,15
712,ByteVector,haiku,sonnet,1,1.0,1,1
712,ByteVector,haiku,sonnet,2,1.0,1,1
712,ByteVector,haiku,sonnet,3,1.0,1,1
712,ByteVector,haiku,sonnet,4,1.0,1,1
712,ByteVector,haiku,sonnet,5,1.0,1,1
712,ByteVector,haiku,sonnet,6,1.0,1,1
712,ByteVector,haiku,sonnet,7,1.0,1,1
712,ByteVector,haiku,sonnet,8,1.0,1,1
712,ByteVector,haiku,sonnet,9,1.0,1,1
712,ByteVector,haiku,sonnet,10,2.0,2,2
712,ByteVector,haiku,sonnet,11,1.0,1,1
712,ByteVector,haiku,sonnet,12,1.0,1,2
712,ByteVector,haiku,sonnet,13,1.0,1,1
712,ByteVector,haiku,sonnet,14,1.0,1,2
712,ByteVector,haiku,sonnet,15,1.0,1,1
712,ByteVector,haiku,sonnet,16,1.0,1,1
712,ByteVector,haiku,sonnet,17,1.0,1,2
712,ByteVector,haiku,sonnet,18,1.0,1,1
712,ByteVector,haiku,sonnet,19,1.0,1,2
712,ByteVector,haiku,sonnet,20,,3,3
713,CharRange,haiku,sonnet,1,1.0,1,2
713,CharRange,haiku,sonnet,2,1.0,1,1
713,CharRange,haiku,sonnet,3,1.0,1,1
713,CharRange,haiku,sonnet,4,2.0,2,2
713,CharRange,haiku,sonnet,5,1.0,1,1
713,CharRange,haiku,sonnet,6,2.0,2,2
713,CharRange,haiku,sonnet,7,2.0,2,2
713,CharRange,haiku,sonnet,8,2.0,2,2
713,CharRange,haiku,sonnet,9,1.0,1,1
713,CharRange,haiku,sonnet,10,1.0,1,1
713,CharRange,haiku,sonnet,11,1.0,1,2
713,CharRange,haiku,sonnet,12,,3,3
713,CharRange,haiku,sonnet,13,2.0,2,2
713,CharRange,haiku,sonnet,14,,3,3
713,CharRange,haiku,sonnet,15,3.0,3,5
713,CharRange,haiku,sonnet,16,,3,3
713,CharRange,haiku,sonnet,17,2.0,2,2
713,CharRange,haiku,sonnet,18,,3,3
713,CharRange,haiku,sonnet,19,,3,3
713,CharRange,haiku,sonnet,20,,3,3
715,CharRange,haiku,4.1,1,1.0,1,1
715,CharRange,haiku,4.1,2,1.0,1,1
715,CharRange,haiku,4.1,3,2.0,2,2
715,CharRange,haiku,4.1,4,1.0,1,2
715,CharRange,haiku,4.1,5,2.0,2,2
715,CharRange,haiku,4.1,6,1.0,1,1
715,CharRange,haiku,4.1,7,1.0,1,1
715,CharRange,haiku,4.1,8,1.0,1,2
715,CharRange,haiku,4.1,9,,3,3
715,CharRange,haiku,4.1,10,,3,3
715,CharRange,haiku,4.1,11,,3,3
715,CharRange,haiku,4.1,12,,3,4
715,CharRange,haiku,4.1,13,2.0,2,2
715,CharRange,haiku,4.1,14,1.0,1,1
715,CharRange,haiku,4.1,15,,3,3
715,CharRange,haiku,4.1,16,2.0,2,2
715,CharRange,haiku,4.1,17,2.0,2,2
715,CharRange,haiku,4.1,18,,3,3
715,CharRange,haiku,4.1,19,,3,3
715,CharRange,haiku,4.1,20,2.0,2,3
716,CaseInsensitiveString,sonnet,sonnet,1,1.0,1,1
716,CaseInsensitiveString,sonnet,sonnet,2,1.0,1,3
716,CaseInsensitiveString,sonnet,sonnet,3,1.0,1,1
716,CaseInsensitiveString,sonnet,sonnet,4,1.0,1,2
716,CaseInsensitiveString,sonnet,sonnet,5,3.0,1,11
716,CaseInsensitiveString,sonnet,sonnet,6,1.0,1,3
716,CaseInsensitiveString,sonnet,sonnet,7,1.0,1,1
716,CaseInsensitiveString,sonnet,sonnet,8,1.0,1,1
716,CaseInsensitiveString,sonnet,sonnet,9,1.0,1,1
716,CaseInsensitiveString,sonnet,sonnet,10,1.0,1,1
716,CaseInsensitiveString,sonnet,sonnet,11,1.0,1,1
716,CaseInsensitiveString,sonnet,sonnet,12,2.0,2,2
716,CaseInsensitiveString,sonnet,sonnet,13,,3,3
716,CaseInsensitiveString,sonnet,sonnet,14,1.0,1,1
716,CaseInsensitiveString,sonnet,sonnet,15,2.0,2,2
716,CaseInsensitiveString,sonnet,sonnet,16,2.0,2,3
716,CaseInsensitiveString,sonnet,sonnet,17,1.0,1,1
716,CaseInsensitiveString,sonnet,sonnet,18,1.0,1,1
716,CaseInsensitiveString,sonnet,sonnet,19,1.0,1,1
716,CaseInsensitiveString,sonnet,sonnet,20,,3,4
717,Option,haiku,4.1 mini,1,,0,15
717,Option,haiku,4.1 mini,2,,0,15
717,Option,haiku,4.1 mini,3,,0,15
717,Option,haiku,4.1 mini,4,,0,15
717,Option,haiku,4.1 mini,5,,0,15
717,Option,haiku,4.1 mini,6,,1,11
717,Option,haiku,4.1 mini,7,,0,15
717,Option,haiku,4.1 mini,8,,0,15
717,Option,haiku,4.1 mini,9,,0,15
717,Option,haiku,4.1 mini,10,,0,15
717,Option,haiku,4.1 mini,11,,0,15
717,Option,haiku,4.1 mini,12,,0,15
717,Option,haiku,4.1 mini,13,,1,11
717,Option,haiku,4.1 mini,14,,0,15
717,Option,haiku,4.1 mini,15,,0,15
717,Option,haiku,4.1 mini,16,,0,15
717,Option,haiku,4.1 mini,17,,0,15
717,Option,haiku,4.1 mini,18,,0,15
717,Option,haiku,4.1 mini,19,,0,15
717,Option,haiku,4.1 mini,20,,0,15
718,Option,haiku,4.1,1,,0,15
718,Option,haiku,4.1,2,,1,15
718,Option,haiku,4.1,3,,0,15
718,Option,haiku,4.1,4,,0,15
718,Option,haiku,4.1,5,,0,15
718,Option,haiku,4.1,6,,0,15
718,Option,haiku,4.1,7,,0,15
718,Option,haiku,4.1,8,,0,15
718,Option,haiku,4.1,9,,1,15
718,Option,haiku,4.1,10,,0,15
718,Option,haiku,4.1,11,,1,13
718,Option,haiku,4.1,12,,0,15
718,Option,haiku,4.1,13,,0,15
718,Option,haiku,4.1,14,,0,15
718,Option,haiku,4.1,15,,0,15
718,Option,haiku,4.1,16,,0,15
718,Option,haiku,4.1,17,,0,15
718,Option,haiku,4.1,18,,1,14
718,Option,haiku,4.1,19,,0,15
718,Option,haiku,4.1,20,,1,15
732,CharRange,haiku,4.1 mini,1,1.0,1,1
732,CharRange,haiku,4.1 mini,2,1.0,1,1
732,CharRange,haiku,4.1 mini,3,1.0,1,2
732,CharRange,haiku,4.1 mini,4,,3,3
732,CharRange,haiku,4.1 mini,5,1.0,1,1
732,CharRange,haiku,4.1 mini,6,2.0,2,2
732,CharRange,haiku,4.1 mini,7,,3,4
732,CharRange,haiku,4.1 mini,8,1.0,1,1
732,CharRange,haiku,4.1 mini,9,1.0,1,1
732,CharRange,haiku,4.1 mini,10,,3,3
732,CharRange,haiku,4.1 mini,11,,3,4
732,CharRange,haiku,4.1 mini,12,,3,4
732,CharRange,haiku,4.1 mini,13,,3,5
732,CharRange,haiku,4.1 mini,14,1.0,1,1
732,CharRange,haiku,4.1 mini,15,,3,5
732,CharRange,haiku,4.1 mini,16,1.0,1,1
732,CharRange,haiku,4.1 mini,17,,3,3
732,CharRange,haiku,4.1 mini,18,,3,3
732,CharRange,haiku,4.1 mini,19,1.0,1,1
732,CharRange,haiku,4.1 mini,20,,3,4
734,Option,4.1,4.1 mini,1,1.0,1,1
734,Option,4.1,4.1 mini,2,1.0,1,1
734,Option,4.1,4.1 mini,3,1.0,1,1
734,Option,4.1,4.1 mini,4,1.0,1,1
734,Option,4.1,4.1 mini,5,1.0,1,1
734,Option,4.1,4.1 mini,6,2.0,2,2
734,Option,4.1,4.1 mini,7,1.0,1,1
734,Option,4.1,4.1 mini,8,1.0,1,1
734,Option,4.1,4.1 mini,9,1.0,1,1
734,Option,4.1,4.1 mini,10,3.0,3,3
734,Option,4.1,4.1 mini,11,2.0,2,2
734,Option,4.1,4.1 mini,12,1.0,1,1
734,Option,4.1,4.1 mini,13,1.0,1,1
734,Option,4.1,4.1 mini,14,1.0,1,1
734,Option,4.1,4.1 mini,15,1.0,1,1
734,Option,4.1,4.1 mini,16,1.0,1,1
734,Option,4.1,4.1 mini,17,1.0,1,1
734,Option,4.1,4.1 mini,18,1.0,1,1
734,Option,4.1,4.1 mini,19,2.0,2,2
734,Option,4.1,4.1 mini,20,3.0,3,3
754,Complex,flash,4.1,1,1.0,1,2
754,Complex,flash,4.1,2,1.0,1,1
754,Complex,flash,4.1,3,1.0,1,4
754,Complex,flash,4.1,4,2.0,2,2
754,Complex,flash,4.1,5,1.0,1,1
754,Complex,flash,4.1,6,2.0,2,3
754,Complex,flash,4.1,7,,3,10
754,Complex,flash,4.1,8,,3,6
754,Complex,flash,4.1,9,1.0,1,1
754,Complex,flash,4.1,10,2.0,2,2
754,Complex,flash,4.1,11,2.0,2,5
754,Complex,flash,4.1,12,3.0,3,5
754,Complex,flash,4.1,13,3.0,3,7
754,Complex,flash,4.1,14,,3,7
754,Complex,flash,4.1,15,,3,5
754,Complex,flash,4.1,16,3.0,2,8
754,Complex,flash,4.1,17,2.0,2,3
754,Complex,flash,4.1,18,,2,9
754,Complex,flash,4.1,19,3.0,3,6
754,Complex,flash,4.1,20,1.0,1,1
755,Complex,flash,4.1 mini,1,1.0,1,1
755,Complex,flash,4.1 mini,2,1.0,1,1
755,Complex,flash,4.1 mini,3,1.0,1,1
755,Complex,flash,4.1 mini,4,1.0,1,1
755,Complex,flash,4.1 mini,5,3.0,3,4
755,Complex,flash,4.1 mini,6,,3,7
755,Complex,flash,4.1 mini,7,3.0,2,8
755,Complex,flash,4.1 mini,8,,3,8
755,Complex,flash,4.1 mini,9,,3,6
755,Complex,flash,4.1 mini,10,1.0,1,3
755,Complex,flash,4.1 mini,11,2.0,2,6
755,Complex,flash,4.1 mini,12,,3,8
755,Complex,flash,4.1 mini,13,,3,8
755,Complex,flash,4.1 mini,14,,2,7
755,Complex,flash,4.1 mini,15,2.0,2,2
755,Complex,flash,4.1 mini,16,,2,10
755,Complex,flash,4.1 mini,17,,3,8
755,Complex,flash,4.1 mini,18,,3,7
755,Complex,flash,4.1 mini,19,2.0,2,3
755,Complex,flash,4.1 mini,20,,3,3
756,Complex,flash,haiku,1,1.0,1,2
756,Complex,flash,haiku,2,1.0,1,1
756,Complex,flash,haiku,3,2.0,1,6
756,Complex,flash,haiku,4,1.0,1,5
756,Complex,flash,haiku,5,1.0,1,2
756,Complex,flash,haiku,6,2.0,2,2
756,Complex,flash,haiku,7,1.0,1,3
756,Complex,flash,haiku,8,1.0,1,1
756,Complex,flash,haiku,9,3.0,3,3
756,Complex,flash,haiku,10,2.0,2,2
756,Complex,flash,haiku,11,3.0,3,4
756,Complex,flash,haiku,12,,3,5
756,Complex,flash,haiku,13,1.0,1,1
756,Complex,flash,haiku,14,1.0,1,3
756,Complex,flash,haiku,15,3.0,3,4
756,Complex,flash,haiku,16,2.0,2,6
756,Complex,flash,haiku,17,2.0,2,3
756,Complex,flash,haiku,18,,3,4
756,Complex,flash,haiku,19,,3,4
756,Complex,flash,haiku,20,1.0,1,1
757,Complex,flash,sonnet,1,1.0,1,1
757,Complex,flash,sonnet,2,1.0,1,2
757,Complex,flash,sonnet,3,2.0,2,3
757,Complex,flash,sonnet,4,2.0,1,10
757,Complex,flash,sonnet,5,3.0,3,4
757,Complex,flash,sonnet,6,1.0,1,2
757,Complex,flash,sonnet,7,2.0,2,3
757,Complex,flash,sonnet,8,3.0,3,5
757,Complex,flash,sonnet,9,2.0,2,4
757,Complex,flash,sonnet,10,3.0,3,3
757,Complex,flash,sonnet,11,,3,4
757,Complex,flash,sonnet,12,3.0,3,8
757,Complex,flash,sonnet,13,,3,3
757,Complex,flash,sonnet,14,,3,6
757,Complex,flash,sonnet,15,,2,9
757,Complex,flash,sonnet,16,,3,5
757,Complex,flash,sonnet,17,1.0,1,3
757,Complex,flash,sonnet,18,2.0,2,7
757,Complex,flash,sonnet,19,,2,8
757,Complex,flash,sonnet,20,1.0,1,1
764,SparseIntArray,sonnet,flash,1,1.0,1,1
764,SparseIntArray,sonnet,flash,2,,3,3
764,SparseIntArray,sonnet,flash,3,3.0,3,3
764,SparseIntArray,sonnet,flash,4,,3,3
764,SparseIntArray,sonnet,flash,5,3.0,3,3
764,SparseIntArray,sonnet,flash,6,,3,3
764,SparseIntArray,sonnet,flash,7,,3,3
764,SparseIntArray,sonnet,flash,8,,3,3
764,SparseIntArray,sonnet,flash,9,,3,3
764,SparseIntArray,sonnet,flash,10,,3,3
764,SparseIntArray,sonnet,flash,11,2.0,2,2
764,SparseIntArray,sonnet,flash,12,,3,3
764,SparseIntArray,sonnet,flash,13,,3,3
764,SparseIntArray,sonnet,flash,14,,3,3
764,SparseIntArray,sonnet,flash,15,,3,3
764,SparseIntArray,sonnet,flash,16,,3,3
764,SparseIntArray,sonnet,flash,17,,3,3
764,SparseIntArray,sonnet,flash,18,,3,3
764,SparseIntArray,sonnet,flash,19,,3,3
764,SparseIntArray,sonnet,flash,20,,3,3
765,ByteVector,sonnet,flash,1,,3,5
765,ByteVector,sonnet,flash,2,,3,4
765,ByteVector,sonnet,flash,3,,3,3
765,ByteVector,sonnet,flash,4,,3,3
765,ByteVector,sonnet,flash,5,,3,3
765,ByteVector,sonnet,flash,6,,3,3
765,ByteVector,sonnet,flash,7,,3,4
765,ByteVector,sonnet,flash,8,,3,3
765,ByteVector,sonnet,flash,9,,3,3
765,ByteVector,sonnet,flash,10,,3,3
765,ByteVector,sonnet,flash,11,,3,3
765,ByteVector,sonnet,flash,12,,3,3
765,ByteVector,sonnet,flash,13,,3,3
765,ByteVector,sonnet,flash,14,,3,4
765,ByteVector,sonnet,flash,15,,3,3
765,ByteVector,sonnet,flash,16,,3,3
765,ByteVector,sonnet,flash,17,,3,3
765,ByteVector,sonnet,flash,18,,3,3
765,ByteVector,sonnet,flash,19,,3,3
765,ByteVector,sonnet,flash,20,,3,3
766,IntHashMap,sonnet,flash,1,1.0,1,1
766,IntHashMap,sonnet,flash,2,1.0,1,1
766,IntHashMap,sonnet,flash,3,1.0,1,1
766,IntHashMap,sonnet,flash,4,1.0,1,1
766,IntHashMap,sonnet,flash,5,1.0,1,1
766,IntHashMap,sonnet,flash,6,2.0,2,2
766,IntHashMap,sonnet,flash,7,2.0,2,2
766,IntHashMap,sonnet,flash,8,2.0,2,3
766,IntHashMap,sonnet,flash,9,2.0,2,2
766,IntHashMap,sonnet,flash,10,2.0,2,2
766,IntHashMap,sonnet,flash,11,,3,3
766,IntHashMap,sonnet,flash,12,2.0,2,2
766,IntHashMap,sonnet,flash,13,2.0,2,2
766,IntHashMap,sonnet,flash,14,2.0,2,2
766,IntHashMap,sonnet,flash,15,1.0,1,1
766,IntHashMap,sonnet,flash,16,1.0,1,1
766,IntHashMap,sonnet,flash,17,2.0,2,2
766,IntHashMap,sonnet,flash,18,1.0,1,1
766,IntHashMap,sonnet,flash,19,1.0,1,1
766,IntHashMap,sonnet,flash,20,1.0,1,1
767,SparseIntArray,sonnet,pro,1,1.0,1,1
767,SparseIntArray,sonnet,pro,2,1.0,1,1
767,SparseIntArray,sonnet,pro,3,2.0,2,2
767,SparseIntArray,sonnet,pro,4,,3,3
767,SparseIntArray,sonnet,pro,5,,3,3
767,SparseIntArray,sonnet,pro,6,,3,3
767,SparseIntArray,sonnet,pro,7,,3,3
767,SparseIntArray,sonnet,pro,8,3.0,3,3
767,SparseIntArray,sonnet,pro,9,,3,3
767,SparseIntArray,sonnet,pro,10,,3,3
767,SparseIntArray,sonnet,pro,11,,3,3
767,SparseIntArray,sonnet,pro,12,,3,3
767,SparseIntArray,sonnet,pro,13,,3,3
767,SparseIntArray,sonnet,pro,14,,3,3
767,SparseIntArray,sonnet,pro,15,,3,3
767,SparseIntArray,sonnet,pro,16,,3,3
767,SparseIntArray,sonnet,pro,17,,3,3
767,SparseIntArray,sonnet,pro,18,,3,3
767,SparseIntArray,sonnet,pro,19,2.0,2,2
767,SparseIntArray,sonnet,pro,20,,3,3
768,IntHashMap,sonnet,pro,1,1.0,1,1
768,IntHashMap,sonnet,pro,2,1.0,1,1
768,IntHashMap,sonnet,pro,3,1.0,1,1
768,IntHashMap,sonnet,pro,4,1.0,1,1
768,IntHashMap,sonnet,pro,5,1.0,1,1
768,IntHashMap,sonnet,pro,6,2.0,2,2
768,IntHashMap,sonnet,pro,7,1.0,1,1
768,IntHashMap,sonnet,pro,8,,3,3
768,IntHashMap,sonnet,pro,9,1.0,1,1
768,IntHashMap,sonnet,pro,10,2.0,2,2
768,IntHashMap,sonnet,pro,11,,3,3
768,IntHashMap,sonnet,pro,12,1.0,1,1
768,IntHashMap,sonnet,pro,13,1.0,1,1
768,IntHashMap,sonnet,pro,14,1.0,1,1
768,IntHashMap,sonnet,pro,15,3.0,3,4
768,IntHashMap,sonnet,pro,16,3.0,3,3
768,IntHashMap,sonnet,pro,17,1.0,1,1
768,IntHashMap,sonnet,pro,18,1.0,1,1
768,IntHashMap,sonnet,pro,19,1.0,1,1
768,IntHashMap,sonnet,pro,20,1.0,1,1
769,ByteVector,sonnet,pro,1,,3,6
769,ByteVector,sonnet,pro,2,,3,5
769,ByteVector,sonnet,pro,3,,3,3
769,ByteVector,sonnet,pro,4,,3,3
769,ByteVector,sonnet,pro,5,,3,3
769,ByteVector,sonnet,pro,6,,3,3
769,ByteVector,sonnet,pro,7,,3,3
769,ByteVector,sonnet,pro,8,,3,3
769,ByteVector,sonnet,pro,9,,3,3
769,ByteVector,sonnet,pro,10,,3,3
769,ByteVector,sonnet,pro,11,,3,3
769,ByteVector,sonnet,pro,12,,3,3
769,ByteVector,sonnet,pro,13,,3,3
769,ByteVector,sonnet,pro,14,,3,4
769,ByteVector,sonnet,pro,15,,3,3
769,ByteVector,sonnet,pro,16,,3,3
769,ByteVector,sonnet,pro,17,,3,3
769,ByteVector,sonnet,pro,18,,3,3
769,ByteVector,sonnet,pro,19,,3,3
769,ByteVector,sonnet,pro,20,,3,3
770,CharRange,sonnet,flash,1,1.0,1,1
770,CharRange,sonnet,flash,2,1.0,1,5
770,CharRange,sonnet,flash,3,1.0,1,1
770,CharRange,sonnet,flash,4,1.0,1,1
770,CharRange,sonnet,flash,5,3.0,3,5
770,CharRange,sonnet,flash,6,2.0,2,5
770,CharRange,sonnet,flash,7,3.0,3,3
770,CharRange,sonnet,flash,8,,3,3
770,CharRange,sonnet,flash,9,,3,3
770,CharRange,sonnet,flash,10,,3,4
770,CharRange,sonnet,flash,11,,3,4
770,CharRange,sonnet,flash,12,,3,4
770,CharRange,sonnet,flash,13,,3,3
770,CharRange,sonnet,flash,14,,3,6
770,CharRange,sonnet,flash,15,,3,7
770,CharRange,sonnet,flash,16,,3,4
770,CharRange,sonnet,flash,17,,3,6
770,CharRange,sonnet,flash,18,,3,3
770,CharRange,sonnet,flash,19,,3,4
770,CharRange,sonnet,flash,20,,3,3
772,CaseInsensitiveString,sonnet,flash,1,1.0,1,1
772,CaseInsensitiveString,sonnet,flash,2,1.0,1,1
772,CaseInsensitiveString,sonnet,flash,3,1.0,1,1
772,CaseInsensitiveString,sonnet,flash,4,1.0,1,1
772,CaseInsensitiveString,sonnet,flash,5,1.0,1,1
772,CaseInsensitiveString,sonnet,flash,6,3.0,3,3
772,CaseInsensitiveString,sonnet,flash,7,1.0,1,1
772,CaseInsensitiveString,sonnet,flash,8,1.0,1,1
772,CaseInsensitiveString,sonnet,flash,9,1.0,1,1
772,CaseInsensitiveString,sonnet,flash,10,,3,3
772,CaseInsensitiveString,sonnet,flash,11,,3,3
772,CaseInsensitiveString,sonnet,flash,12,,3,5
772,CaseInsensitiveString,sonnet,flash,13,1.0,1,1
772,CaseInsensitiveString,sonnet,flash,14,2.0,2,2
772,CaseInsensitiveString,sonnet,flash,15,,3,4
772,CaseInsensitiveString,sonnet,flash,16,3.0,3,3
772,CaseInsensitiveString,sonnet,flash,17,1.0,1,1
772,CaseInsensitiveString,sonnet,flash,18,1.0,1,1
772,CaseInsensitiveString,sonnet,flash,19,2.0,2,2
772,CaseInsensitiveString,sonnet,flash,20,2.0,2,2
774,Rational,sonnet,flash,1,1.0,1,1
774,Rational,sonnet,flash,2,1.0,1,1
774,Rational,sonnet,flash,3,,3,3
774,Rational,sonnet,flash,4,,3,3
774,Rational,sonnet,flash,5,,3,3
774,Rational,sonnet,flash,6,,3,3
774,Rational,sonnet,flash,7,,3,3
774,Rational,sonnet,flash,8,,3,3
774,Rational,sonnet,flash,9,,3,3
774,Rational,sonnet,flash,10,,3,3
774,Rational,sonnet,flash,11,,3,3
774,Rational,sonnet,flash,12,,3,3
774,Rational,sonnet,flash,13,1.0,1,1
774,Rational,sonnet,flash,14,,3,3
774,Rational,sonnet,flash,15,,3,3
774,Rational,sonnet,flash,16,,3,3
774,Rational,sonnet,flash,17,,3,3
774,Rational,sonnet,flash,18,,3,3
774,Rational,sonnet,flash,19,,3,3
774,Rational,sonnet,flash,20,,3,3
775,Rational,sonnet,pro,1,1.0,1,1
775,Rational,sonnet,pro,2,3.0,3,3
775,Rational,sonnet,pro,3,,3,3
775,Rational,sonnet,pro,4,1.0,1,1
775,Rational,sonnet,pro,5,,3,3
775,Rational,sonnet,pro,6,,3,3
775,Rational,sonnet,pro,7,3.0,3,3
775,Rational,sonnet,pro,8,,3,3
775,Rational,sonnet,pro,9,,3,3
775,Rational,sonnet,pro,10,1.0,1,1
775,Rational,sonnet,pro,11,,3,3
775,Rational,sonnet,pro,12,,3,3
775,Rational,sonnet,pro,13,,3,3
775,Rational,sonnet,pro,14,,3,3
775,Rational,sonnet,pro,15,,3,3
775,Rational,sonnet,pro,16,,3,3
775,Rational,sonnet,pro,17,,3,3
775,Rational,sonnet,pro,18,,3,3
775,Rational,sonnet,pro,19,,3,3
775,Rational,sonnet,pro,20,,3,3
777,CharRange,sonnet,pro,1,1.0,1,1
777,CharRange,sonnet,pro,2,1.0,1,3
777,CharRange,sonnet,pro,3,1.0,1,1
777,CharRange,sonnet,pro,4,1.0,1,1
777,CharRange,sonnet,pro,5,2.0,2,2
777,CharRange,sonnet,pro,6,,3,5
777,CharRange,sonnet,pro,7,,3,4
777,CharRange,sonnet,pro,8,,3,5
777,CharRange,sonnet,pro,9,,3,5
777,CharRange,sonnet,pro,10,,3,8
777,CharRange,sonnet,pro,11,,3,3
777,CharRange,sonnet,pro,12,3.0,3,4
777,CharRange,sonnet,pro,13,,3,3
777,CharRange,sonnet,pro,14,,3,3
777,CharRange,sonnet,pro,15,,3,4
777,CharRange,sonnet,pro,16,,3,4
777,CharRange,sonnet,pro,17,,3,5
777,CharRange,sonnet,pro,18,,3,5
777,CharRange,sonnet,pro,19,3.0,3,3
777,CharRange,sonnet,pro,20,,3,3
778,Document,sonnet,flash,1,1.0,1,1
778,Document,sonnet,flash,2,1.0,1,1
778,Document,sonnet,flash,3,,3,3
778,Document,sonnet,flash,4,,3,3
778,Document,sonnet,flash,5,,3,3
778,Document,sonnet,flash,6,,3,3
778,Document,sonnet,flash,7,,3,3
778,Document,sonnet,flash,8,1.0,1,1
778,Document,sonnet,flash,9,3.0,3,3
778,Document,sonnet,flash,10,,3,3
778,Document,sonnet,flash,11,2.0,2,2
778,Document,sonnet,flash,12,,3,3
778,Document,sonnet,flash,13,,3,3
778,Document,sonnet,flash,14,,3,3
778,Document,sonnet,flash,15,2.0,2,2
778,Document,sonnet,flash,16,,3,3
778,Document,sonnet,flash,17,,3,3
778,Document,sonnet,flash,18,,3,3
778,Document,sonnet,flash,19,1.0,1,1
778,Document,sonnet,flash,20,,3,3
780,XmlElement,sonnet,pro,1,1.0,1,1
780,XmlElement,sonnet,pro,2,1.0,1,1
780,XmlElement,sonnet,pro,3,3.0,3,3
780,XmlElement,sonnet,pro,4,,3,3
780,XmlElement,sonnet,pro,5,3.0,3,3
780,XmlElement,sonnet,pro,6,,3,3
780,XmlElement,sonnet,pro,7,,3,3
780,XmlElement,sonnet,pro,8,2.0,2,2
780,XmlElement,sonnet,pro,9,,3,3
780,XmlElement,sonnet,pro,10,,3,3
780,XmlElement,sonnet,pro,11,1.0,1,1
780,XmlElement,sonnet,pro,12,,3,3
780,XmlElement,sonnet,pro,13,1.0,1,1
780,XmlElement,sonnet,pro,14,,3,3
780,XmlElement,sonnet,pro,15,,3,3
780,XmlElement,sonnet,pro,16,,3,3
780,XmlElement,sonnet,pro,17,,3,3
780,XmlElement,sonnet,pro,18,,3,3
780,XmlElement,sonnet,pro,19,,3,4
780,XmlElement,sonnet,pro,20,3.0,3,3
783,Document,sonnet,pro,1,1.0,1,1
783,Document,sonnet,pro,2,1.0,1,1
783,Document,sonnet,pro,3,2.0,2,2
783,Document,sonnet,pro,4,,3,3
783,Document,sonnet,pro,5,3.0,3,3
783,Document,sonnet,pro,6,2.0,2,2
783,Document,sonnet,pro,7,1.0,1,1
783,Document,sonnet,pro,8,2.0,2,2
783,Document,sonnet,pro,9,,3,3
783,Document,sonnet,pro,10,,3,3
783,Document,sonnet,pro,11,1.0,1,1
783,Document,sonnet,pro,12,1.0,1,1
783,Document,sonnet,pro,13,,3,3
783,Document,sonnet,pro,14,,3,3
783,Document,sonnet,pro,15,,3,3
783,Document,sonnet,pro,16,,3,3
783,Document,sonnet,pro,17,,3,3
783,Document,sonnet,pro,18,,3,3
783,Document,sonnet,pro,19,2.0,2,2
783,Document,sonnet,pro,20,,3,3
785,Complex,sonnet,pro,1,1.0,1,1
785,Complex,sonnet,pro,2,1.0,1,1
785,Complex,sonnet,pro,3,1.0,1,1
785,Complex,sonnet,pro,4,2.0,2,2
785,Complex,sonnet,pro,5,,3,3
785,Complex,sonnet,pro,6,,3,3
785,Complex,sonnet,pro,7,3.0,3,3
785,Complex,sonnet,pro,8,1.0,1,1
785,Complex,sonnet,pro,9,,3,3
785,Complex,sonnet,pro,10,1.0,1,1
785,Complex,sonnet,pro,11,,3,3
785,Complex,sonnet,pro,12,3.0,3,3
785,Complex,sonnet,pro,13,,3,3
785,Complex,sonnet,pro,14,1.0,1,1
785,Complex,sonnet,pro,15,,3,3
785,Complex,sonnet,pro,16,,3,3
785,Complex,sonnet,pro,17,,3,3
785,Complex,sonnet,pro,18,,3,3
785,Complex,sonnet,pro,19,,3,3
785,Complex,sonnet,pro,20,,3,3
786,CaseInsensitiveString,sonnet,pro,1,1.0,1,1
786,CaseInsensitiveString,sonnet,pro,2,1.0,1,1
786,CaseInsensitiveString,sonnet,pro,3,1.0,1,1
786,CaseInsensitiveString,sonnet,pro,4,1.0,1,1
786,CaseInsensitiveString,sonnet,pro,5,1.0,1,1
786,CaseInsensitiveString,sonnet,pro,6,1.0,1,1
786,CaseInsensitiveString,sonnet,pro,7,1.0,1,2
786,CaseInsensitiveString,sonnet,pro,8,1.0,1,1
786,CaseInsensitiveString,sonnet,pro,9,1.0,1,1
786,CaseInsensitiveString,sonnet,pro,10,2.0,2,2
786,CaseInsensitiveString,sonnet,pro,11,1.0,1,1
786,CaseInsensitiveString,sonnet,pro,12,2.0,2,2
786,CaseInsensitiveString,sonnet,pro,13,3.0,3,3
786,CaseInsensitiveString,sonnet,pro,14,2.0,2,2
786,CaseInsensitiveString,sonnet,pro,15,,3,3
786,CaseInsensitiveString,sonnet,pro,16,2.0,2,2
786,CaseInsensitiveString,sonnet,pro,17,,3,3
786,CaseInsensitiveString,sonnet,pro,18,,3,3
786,CaseInsensitiveString,sonnet,pro,19,,3,3
786,CaseInsensitiveString,sonnet,pro,20,,3,3
787,XmlElement,sonnet,flash,1,1.0,1,1
787,XmlElement,sonnet,flash,2,,3,3
787,XmlElement,sonnet,flash,3,3.0,3,3
787,XmlElement,sonnet,flash,4,1.0,1,1
787,XmlElement,sonnet,flash,5,1.0,1,1
787,XmlElement,sonnet,flash,6,,3,3
787,XmlElement,sonnet,flash,7,,3,3
787,XmlElement,sonnet,flash,8,,3,3
787,XmlElement,sonnet,flash,9,1.0,1,1
787,XmlElement,sonnet,flash,10,,3,3
787,XmlElement,sonnet,flash,11,,3,3
787,XmlElement,sonnet,flash,12,,3,3
787,XmlElement,sonnet,flash,13,,3,3
787,XmlElement,sonnet,flash,14,2.0,2,2
787,XmlElement,sonnet,flash,15,,3,3
787,XmlElement,sonnet,flash,16,,3,3
787,XmlElement,sonnet,flash,17,,3,3
787,XmlElement,sonnet,flash,18,,3,3
787,XmlElement,sonnet,flash,19,,3,3
787,XmlElement,sonnet,flash,20,,3,3
788,Complex,sonnet,flash,1,1.0,1,1
788,Complex,sonnet,flash,2,1.0,1,1
788,Complex,sonnet,flash,3,1.0,1,1
788,Complex,sonnet,flash,4,1.0,1,1
788,Complex,sonnet,flash,5,1.0,1,1
788,Complex,sonnet,flash,6,1.0,1,1
788,Complex,sonnet,flash,7,3.0,3,3
788,Complex,sonnet,flash,8,,3,3
788,Complex,sonnet,flash,9,3.0,3,3
788,Complex,sonnet,flash,10,,3,3
788,Complex,sonnet,flash,11,,3,3
788,Complex,sonnet,flash,12,,3,3
788,Complex,sonnet,flash,13,,3,3
788,Complex,sonnet,flash,14,,3,3
788,Complex,sonnet,flash,15,,3,3
788,Complex,sonnet,flash,16,,3,3
788,Complex,sonnet,flash,17,,3,3
788,Complex,sonnet,flash,18,2.0,2,2
788,Complex,sonnet,flash,19,,3,4
788,Complex,sonnet,flash,20,,3,3
790,Complex,flash,flash,1,1.0,1,1
790,Complex,flash,flash,2,1.0,1,4
790,Complex,flash,flash,3,1.0,1,1
790,Complex,flash,flash,4,1.0,1,2
790,Complex,flash,flash,5,1.0,1,2
790,Complex,flash,flash,6,1.0,1,5
790,Complex,flash,flash,7,,3,6
790,Complex,flash,flash,8,2.0,2,3
790,Complex,flash,flash,9,3.0,2,8
790,Complex,flash,flash,10,,3,6
790,Complex,flash,flash,11,2.0,2,8
790,Complex,flash,flash,12,3.0,3,7
790,Complex,flash,flash,13,,3,5
790,Complex,flash,flash,14,,3,8
790,Complex,flash,flash,15,1.0,1,1
790,Complex,flash,flash,16,1.0,1,2
790,Complex,flash,flash,17,1.0,1,1
790,Complex,flash,flash,18,3.0,3,7
790,Complex,flash,flash,19,,3,8
790,Complex,flash,flash,20,3.0,3,7
791,Complex,4.1,pro,1,1.0,1,1
791,Complex,4.1,pro,2,,3,3
791,Complex,4.1,pro,3,,3,3
791,Complex,4.1,pro,4,1.0,1,1
791,Complex,4.1,pro,5,,3,3
791,Complex,4.1,pro,6,3.0,3,3
791,Complex,4.1,pro,7,,3,3
791,Complex,4.1,pro,8,,3,3
791,Complex,4.1,pro,9,2.0,2,2
791,Complex,4.1,pro,10,,3,3
791,Complex,4.1,pro,11,,3,3
791,Complex,4.1,pro,12,,3,3
791,Complex,4.1,pro,13,,3,3
791,Complex,4.1,pro,14,,3,3
791,Complex,4.1,pro,15,,3,3
791,Complex,4.1,pro,16,,3,3
791,Complex,4.1,pro,17,,3,3
791,Complex,4.1,pro,18,3.0,3,3
791,Complex,4.1,pro,19,1.0,1,1
791,Complex,4.1,pro,20,,3,3
795,Complex,4.1,flash,1,1.0,1,1
795,Complex,4.1,flash,2,1.0,1,1
795,Complex,4.1,flash,3,2.0,2,2
795,Complex,4.1,flash,4,,3,3
795,Complex,4.1,flash,5,,3,3
795,Complex,4.1,flash,6,3.0,3,3
795,Complex,4.1,flash,7,2.0,2,2
795,Complex,4.1,flash,8,,3,3
795,Complex,4.1,flash,9,,3,3
795,Complex,4.1,flash,10,,3,3
795,Complex,4.1,flash,11,,3,3
795,Complex,4.1,flash,12,,3,3
795,Complex,4.1,flash,13,,3,3
795,Complex,4.1,flash,14,,3,3
795,Complex,4.1,flash,15,,3,3
795,Complex,4.1,flash,16,,3,3
795,Complex,4.1,flash,17,,3,3
795,Complex,4.1,flash,18,,3,3
795,Complex,4.1,flash,19,,3,3
795,Complex,4.1,flash,20,,3,3
797,Complex,4.1 mini,flash,1,1.0,1,1
797,Complex,4.1 mini,flash,2,1.0,1,1
797,Complex,4.1 mini,flash,3,2.0,2,2
797,Complex,4.1 mini,flash,4,,3,4
797,Complex,4.1 mini,flash,5,,3,3
797,Complex,4.1 mini,flash,6,2.0,2,2
797,Complex,4.1 mini,flash,7,,3,3
797,Complex,4.1 mini,flash,8,1.0,1,1
797,Complex,4.1 mini,flash,9,1.0,1,1
797,Complex,4.1 mini,flash,10,3.0,3,3
797,Complex,4.1 mini,flash,11,,3,4
797,Complex,4.1 mini,flash,12,,3,3
797,Complex,4.1 mini,flash,13,,3,3
797,Complex,4.1 mini,flash,14,,3,3
797,Complex,4.1 mini,flash,15,,3,3
797,Complex,4.1 mini,flash,16,1.0,1,1
797,Complex,4.1 mini,flash,17,,3,3
797,Complex,4.1 mini,flash,18,2.0,2,3
797,Complex,4.1 mini,flash,19,,3,3
797,Complex,4.1 mini,flash,20,,3,3
798,Complex,pro,4.1 mini,1,1.0,1,2
798,Complex,pro,4.1 mini,2,1.0,1,1
798,Complex,pro,4.1 mini,3,1.0,1,1
798,Complex,pro,4.1 mini,4,1.0,1,4
798,Complex,pro,4.1 mini,5,,3,6
798,Complex,pro,4.1 mini,6,1.0,1,4
798,Complex,pro,4.1 mini,7,1.0,1,3
798,Complex,pro,4.1 mini,8,2.0,2,4
798,Complex,pro,4.1 mini,9,,3,5
798,Complex,pro,4.1 mini,10,2.0,2,5
798,Complex,pro,4.1 mini,11,,2,9
798,Complex,pro,4.1 mini,12,,3,4
798,Complex,pro,4.1 mini,13,,3,5
798,Complex,pro,4.1 mini,14,,3,5
798,Complex,pro,4.1 mini,15,,3,5
798,Complex,pro,4.1 mini,16,,2,8
798,Complex,pro,4.1 mini,17,3.0,3,4
798,Complex,pro,4.1 mini,18,,3,3
798,Complex,pro,4.1 mini,19,,3,6
798,Complex,pro,4.1 mini,20,,3,5
799,Complex,pro,flash,1,1.0,1,3
799,Complex,pro,flash,2,2.0,2,6
799,Complex,pro,flash,3,3.0,3,8
799,Complex,pro,flash,4,1.0,1,1
799,Complex,pro,flash,5,,3,5
799,Complex,pro,flash,6,3.0,3,4
799,Complex,pro,flash,7,,3,8
799,Complex,pro,flash,8,1.0,1,1
799,Complex,pro,flash,9,,3,6
799,Complex,pro,flash,10,,3,5
799,Complex,pro,flash,11,,3,4
799,Complex,pro,flash,12,,2,11
799,Complex,pro,flash,13,,3,3
799,Complex,pro,flash,14,,3,8
799,Complex,pro,flash,15,2.0,2,3
799,Complex,pro,flash,16,,3,3
799,Complex,pro,flash,17,,3,9
799,Complex,pro,flash,18,,3,4
799,Complex,pro,flash,19,,3,6
799,Complex,pro,flash,20,,3,6
801,Complex,haiku,flash,1,1.0,1,1
801,Complex,haiku,flash,2,1.0,1,1
801,Complex,haiku,flash,3,1.0,1,1
801,Complex,haiku,flash,4,,3,3
801,Complex,haiku,flash,5,,3,3
801,Complex,haiku,flash,6,2.0,2,2
801,Complex,haiku,flash,7,3.0,3,3
801,Complex,haiku,flash,8,,3,3
801,Complex,haiku,flash,9,,3,4
801,Complex,haiku,flash,10,,3,4
801,Complex,haiku,flash,11,,3,4
801,Complex,haiku,flash,12,3.0,3,4
801,Complex,haiku,flash,13,,3,3
801,Complex,haiku,flash,14,,3,4
801,Complex,haiku,flash,15,,3,3
801,Complex,haiku,flash,16,,3,4
801,Complex,haiku,flash,17,,3,3
801,Complex,haiku,flash,18,,3,3
801,Complex,haiku,flash,19,,3,3
801,Complex,haiku,flash,20,,3,4
802,Complex,haiku,pro,1,1.0,1,1
802,Complex,haiku,pro,2,1.0,1,1
802,Complex,haiku,pro,3,2.0,2,2
802,Complex,haiku,pro,4,,3,5
802,Complex,haiku,pro,5,,3,5
802,Complex,haiku,pro,6,1.0,1,1
802,Complex,haiku,pro,7,,3,5
802,Complex,haiku,pro,8,2.0,2,2
802,Complex,haiku,pro,9,,3,3
802,Complex,haiku,pro,10,3.0,3,3
802,Complex,haiku,pro,11,,3,4
802,Complex,haiku,pro,12,2.0,2,2
802,Complex,haiku,pro,13,,3,3
802,Complex,haiku,pro,14,,3,3
802,Complex,haiku,pro,15,,3,3
802,Complex,haiku,pro,16,3.0,3,3
802,Complex,haiku,pro,17,,3,3
802,Complex,haiku,pro,18,,3,3
802,Complex,haiku,pro,19,1.0,1,1
802,Complex,haiku,pro,20,,3,3
803,Option,flash,flash,1,,0,15
803,Option,flash,flash,2,,0,15
803,Option,flash,flash,3,,0,15
803,Option,flash,flash,4,,0,15
803,Option,flash,flash,5,,0,15
803,Option,flash,flash,6,,0,15
803,Option,flash,flash,7,,0,15
803,Option,flash,flash,8,,0,15
803,Option,flash,flash,9,,0,15
803,Option,flash,flash,10,,0,15
803,Option,flash,flash,11,,0,15
803,Option,flash,flash,12,,0,15
803,Option,flash,flash,13,,0,15
803,Option,flash,flash,14,,0,15
803,Option,flash,flash,15,,0,15
803,Option,flash,flash,16,,0,15
803,Option,flash,flash,17,,0,15
803,Option,flash,flash,18,,0,15
803,Option,flash,flash,19,,0,15
803,Option,flash,flash,20,,0,15
804,Option,flash,pro,1,,0,15
804,Option,flash,pro,2,,0,15
804,Option,flash,pro,3,,0,15
804,Option,flash,pro,4,,0,15
804,Option,flash,pro,5,,0,15
804,Option,flash,pro,6,,0,15
804,Option,flash,pro,7,,0,15
804,Option,flash,pro,8,,0,15
804,Option,flash,pro,9,,0,15
804,Option,flash,pro,10,,0,15
804,Option,flash,pro,11,,0,15
804,Option,flash,pro,12,,0,15
804,Option,flash,pro,13,,0,15
804,Option,flash,pro,14,,0,15
804,Option,flash,pro,15,,0,15
804,Option,flash,pro,16,,0,15
804,Option,flash,pro,17,,0,15
804,Option,flash,pro,18,,0,15
804,Option,flash,pro,19,,0,15
804,Option,flash,pro,20,,0,15
805,Option,pro,haiku,1,,0,15
805,Option,pro,haiku,2,,0,15
805,Option,pro,haiku,3,,0,15
805,Option,pro,haiku,4,,0,15
805,Option,pro,haiku,5,,0,15
805,Option,pro,haiku,6,,0,15
805,Option,pro,haiku,7,,0,15
805,Option,pro,haiku,8,,0,15
805,Option,pro,haiku,9,,0,15
805,Option,pro,haiku,10,,0,15
805,Option,pro,haiku,11,,0,15
805,Option,pro,haiku,12,,0,15
805,Option,pro,haiku,13,,0,15
805,Option,pro,haiku,14,,0,15
805,Option,pro,haiku,15,,0,15
805,Option,pro,haiku,16,,0,15
805,Option,pro,haiku,17,,0,15
805,Option,pro,haiku,18,,0,15
805,Option,pro,haiku,19,,0,15
805,Option,pro,haiku,20,,0,15
806,Option,pro,sonnet,1,,0,15
806,Option,pro,sonnet,2,,0,15
806,Option,pro,sonnet,3,,0,15
806,Option,pro,sonnet,4,,0,15
806,Option,pro,sonnet,5,,0,15
806,Option,pro,sonnet,6,,0,15
806,Option,pro,sonnet,7,,0,15
806,Option,pro,sonnet,8,,0,15
806,Option,pro,sonnet,9,,0,15
806,Option,pro,sonnet,10,,0,15
806,Option,pro,sonnet,11,,0,15
806,Option,pro,sonnet,12,,0,15
806,Option,pro,sonnet,13,,0,15
806,Option,pro,sonnet,14,,0,15
806,Option,pro,sonnet,15,,0,15
806,Option,pro,sonnet,16,,0,15
806,Option,pro,sonnet,17,,0,15
806,Option,pro,sonnet,18,,0,15
806,Option,pro,sonnet,19,,0,15
806,Option,pro,sonnet,20,,0,15
807,Option,pro,4.1 mini,1,,0,15
807,Option,pro,4.1 mini,2,,0,15
807,Option,pro,4.1 mini,3,,0,15
807,Option,pro,4.1 mini,4,,0,15
807,Option,pro,4.1 mini,5,,0,15
807,Option,pro,4.1 mini,6,,0,15
807,Option,pro,4.1 mini,7,,0,15
807,Option,pro,4.1 mini,8,,0,15
807,Option,pro,4.1 mini,9,,0,15
807,Option,pro,4.1 mini,10,,0,15
807,Option,pro,4.1 mini,11,,0,15
807,Option,pro,4.1 mini,12,,0,15
807,Option,pro,4.1 mini,13,,0,15
807,Option,pro,4.1 mini,14,,0,15
807,Option,pro,4.1 mini,15,,0,15
807,Option,pro,4.1 mini,16,,0,15
807,Option,pro,4.1 mini,17,,0,15
807,Option,pro,4.1 mini,18,,0,15
807,Option,pro,4.1 mini,19,,0,15
807,Option,pro,4.1 mini,20,,0,15
808,Option,pro,4.1,1,,0,15
808,Option,pro,4.1,2,,0,15
808,Option,pro,4.1,3,,0,15
808,Option,pro,4.1,4,,0,15
808,Option,pro,4.1,5,,0,15
808,Option,pro,4.1,6,,0,15
808,Option,pro,4.1,7,,0,15
808,Option,pro,4.1,8,,0,15
808,Option,pro,4.1,9,,0,15
808,Option,pro,4.1,10,,0,15
808,Option,pro,4.1,11,,0,15
808,Option,pro,4.1,12,,0,15
808,Option,pro,4.1,13,,0,15
808,Option,pro,4.1,14,,0,15
808,Option,pro,4.1,15,,0,15
808,Option,pro,4.1,16,,0,15
808,Option,pro,4.1,17,,0,15
808,Option,pro,4.1,18,,0,15
808,Option,pro,4.1,19,,0,15
808,Option,pro,4.1,20,,0,15
819,Complex,pro,pro,1,1.0,1,1
819,Complex,pro,pro,2,1.0,1,3
819,Complex,pro,pro,3,1.0,1,2
819,Complex,pro,pro,4,1.0,1,1
819,Complex,pro,pro,5,2.0,2,3
819,Complex,pro,pro,6,1.0,1,2
819,Complex,pro,pro,7,,3,7
819,Complex,pro,pro,8,1.0,1,3
819,Complex,pro,pro,9,,3,8
819,Complex,pro,pro,10,,3,7
819,Complex,pro,pro,11,,3,8
819,Complex,pro,pro,12,,3,5
819,Complex,pro,pro,13,2.0,2,2
819,Complex,pro,pro,14,,3,6
819,Complex,pro,pro,15,2.0,2,4
819,Complex,pro,pro,16,,3,7
819,Complex,pro,pro,17,,3,4
819,Complex,pro,pro,18,,2,10
819,Complex,pro,pro,19,,3,6
819,Complex,pro,pro,20,,3,4
820,Option,pro,flash,1,,0,15
820,Option,pro,flash,2,,0,15
820,Option,pro,flash,3,,0,15
820,Option,pro,flash,4,,0,15
820,Option,pro,flash,5,,0,15
820,Option,pro,flash,6,,0,15
820,Option,pro,flash,7,,0,15
820,Option,pro,flash,8,,0,15
820,Option,pro,flash,9,,0,15
820,Option,pro,flash,10,,0,15
820,Option,pro,flash,11,,0,15
820,Option,pro,flash,12,,0,15
820,Option,pro,flash,13,,0,15
820,Option,pro,flash,14,,0,15
820,Option,pro,flash,15,,0,15
820,Option,pro,flash,16,,0,15
820,Option,pro,flash,17,,0,15
820,Option,pro,flash,18,,0,15
820,Option,pro,flash,19,,0,15
820,Option,pro,flash,20,,0,15
821,Option,pro,pro,1,,0,15
821,Option,pro,pro,2,,0,15
821,Option,pro,pro,3,,0,15
821,Option,pro,pro,4,,0,15
821,Option,pro,pro,5,,0,15
821,Option,pro,pro,6,,0,15
821,Option,pro,pro,7,,0,15
821,Option,pro,pro,8,,0,15
821,Option,pro,pro,9,,0,15
821,Option,pro,pro,10,,0,15
821,Option,pro,pro,11,,0,15
821,Option,pro,pro,12,,0,15
821,Option,pro,pro,13,,0,15
821,Option,pro,pro,14,,0,15
821,Option,pro,pro,15,,0,15
821,Option,pro,pro,16,,0,15
821,Option,pro,pro,17,,0,15
821,Option,pro,pro,18,,0,15
821,Option,pro,pro,19,,0,15
821,Option,pro,pro,20,,0,15
822,Complex,flash,pro,1,1.0,1,1
822,Complex,flash,pro,2,2.0,2,2
822,Complex,flash,pro,3,1.0,1,3
822,Complex,flash,pro,4,1.0,1,1
822,Complex,flash,pro,5,1.0,1,1
822,Complex,flash,pro,6,,3,6
822,Complex,flash,pro,7,2.0,2,3
822,Complex,flash,pro,8,1.0,1,3
822,Complex,flash,pro,9,,3,4
822,Complex,flash,pro,10,3.0,3,6
822,Complex,flash,pro,11,,3,6
822,Complex,flash,pro,12,,3,3
822,Complex,flash,pro,13,3.0,3,6
822,Complex,flash,pro,14,2.0,2,3
822,Complex,flash,pro,15,,3,6
822,Complex,flash,pro,16,3.0,3,5
822,Complex,flash,pro,17,,3,5
822,Complex,flash,pro,18,3.0,3,9
822,Complex,flash,pro,19,,3,4
822,Complex,flash,pro,20,,3,5
823,Option,haiku,flash,1,,0,15
823,Option,haiku,flash,2,,0,15
823,Option,haiku,flash,3,,0,15
823,Option,haiku,flash,4,,0,15
823,Option,haiku,flash,5,,0,15
823,Option,haiku,flash,6,,0,15
823,Option,haiku,flash,7,,0,15
823,Option,haiku,flash,8,,0,15
823,Option,haiku,flash,9,,0,15
823,Option,haiku,flash,10,,0,15
823,Option,haiku,flash,11,,0,15
823,Option,haiku,flash,12,,0,15
823,Option,haiku,flash,13,,0,15
823,Option,haiku,flash,14,,0,15
823,Option,haiku,flash,15,,0,15
823,Option,haiku,flash,16,,0,15
823,Option,haiku,flash,17,,1,11
823,Option,haiku,flash,18,,0,15
823,Option,haiku,flash,19,,0,15
823,Option,haiku,flash,20,,0,15
824,Complex,4.1 mini,pro,1,1.0,1,1
824,Complex,4.1 mini,pro,2,1.0,1,1
824,Complex,4.1 mini,pro,3,1.0,1,1
824,Complex,4.1 mini,pro,4,,3,3
824,Complex,4.1 mini,pro,5,1.0,1,1
824,Complex,4.1 mini,pro,6,1.0,1,1
824,Complex,4.1 mini,pro,7,1.0,1,1
824,Complex,4.1 mini,pro,8,2.0,2,2
824,Complex,4.1 mini,pro,9,,3,3
824,Complex,4.1 mini,pro,10,2.0,2,2
824,Complex,4.1 mini,pro,11,,3,3
824,Complex,4.1 mini,pro,12,2.0,2,2
824,Complex,4.1 mini,pro,13,2.0,2,2
824,Complex,4.1 mini,pro,14,,3,3
824,Complex,4.1 mini,pro,15,2.0,2,2
824,Complex,4.1 mini,pro,16,3.0,3,3
824,Complex,4.1 mini,pro,17,,3,3
824,Complex,4.1 mini,pro,18,1.0,1,1
824,Complex,4.1 mini,pro,19,,3,3
824,Complex,4.1 mini,pro,20,3.0,3,3
825,Complex,pro,sonnet,1,1.0,1,3
825,Complex,pro,sonnet,2,1.0,1,1
825,Complex,pro,sonnet,3,2.0,2,4
825,Complex,pro,sonnet,4,2.0,2,5
825,Complex,pro,sonnet,5,,3,3
825,Complex,pro,sonnet,6,1.0,1,1
825,Complex,pro,sonnet,7,2.0,2,4
825,Complex,pro,sonnet,8,,3,3
825,Complex,pro,sonnet,9,,3,6
825,Complex,pro,sonnet,10,,3,4
825,Complex,pro,sonnet,11,,3,7
825,Complex,pro,sonnet,12,,3,6
825,Complex,pro,sonnet,13,,3,4
825,Complex,pro,sonnet,14,,3,4
825,Complex,pro,sonnet,15,3.0,3,9
825,Complex,pro,sonnet,16,1.0,1,1
825,Complex,pro,sonnet,17,,3,5
825,Complex,pro,sonnet,18,,3,7
825,Complex,pro,sonnet,19,,3,5
825,Complex,pro,sonnet,20,1.0,1,1
826,Complex,pro,haiku,1,1.0,1,3
826,Complex,pro,haiku,2,3.0,3,5
826,Complex,pro,haiku,3,1.0,1,1
826,Complex,pro,haiku,4,,2,8
826,Complex,pro,haiku,5,3.0,3,6
826,Complex,pro,haiku,6,,3,4
826,Complex,pro,haiku,7,,3,5
826,Complex,pro,haiku,8,,3,8
826,Complex,pro,haiku,9,,3,6
826,Complex,pro,haiku,10,,3,4
826,Complex,pro,haiku,11,,3,4
826,Complex,pro,haiku,12,1.0,1,4
826,Complex,pro,haiku,13,1.0,1,3
826,Complex,pro,haiku,14,,3,3
826,Complex,pro,haiku,15,3.0,3,7
826,Complex,pro,haiku,16,,3,4
826,Complex,pro,haiku,17,,3,4
826,Complex,pro,haiku,18,1.0,1,2
826,Complex,pro,haiku,19,,3,4
826,Complex,pro,haiku,20,,3,8
827,Complex,pro,4.1,1,1.0,1,2
827,Complex,pro,4.1,2,3.0,3,8
827,Complex,pro,4.1,3,,3,7
827,Complex,pro,4.1,4,,3,5
827,Complex,pro,4.1,5,1.0,1,1
827,Complex,pro,4.1,6,,3,4
827,Complex,pro,4.1,7,,3,5
827,Complex,pro,4.1,8,,3,3
827,Complex,pro,4.1,9,,3,3
827,Complex,pro,4.1,10,,3,7
827,Complex,pro,4.1,11,3.0,3,6
827,Complex,pro,4.1,12,2.0,2,3
827,Complex,pro,4.1,13,,3,4
827,Complex,pro,4.1,14,,3,5
827,Complex,pro,4.1,15,2.0,2,6
827,Complex,pro,4.1,16,,3,7
827,Complex,pro,4.1,17,,3,5
827,Complex,pro,4.1,18,,3,6
827,Complex,pro,4.1,19,,3,6
827,Complex,pro,4.1,20,,3,9
828,Option,haiku,pro,1,,0,15
828,Option,haiku,pro,2,,0,15
828,Option,haiku,pro,3,,0,15
828,Option,haiku,pro,4,,0,15
828,Option,haiku,pro,5,,0,15
828,Option,haiku,pro,6,,0,15
828,Option,haiku,pro,7,,0,15
828,Option,haiku,pro,8,,0,15
828,Option,haiku,pro,9,,0,15
828,Option,haiku,pro,10,,0,15
828,Option,haiku,pro,11,,0,15
828,Option,haiku,pro,12,,0,15
828,Option,haiku,pro,13,,0,15
828,Option,haiku,pro,14,,0,15
828,Option,haiku,pro,15,,0,15
828,Option,haiku,pro,16,,0,15
828,Option,haiku,pro,17,,0,15
828,Option,haiku,pro,18,,0,15
828,Option,haiku,pro,19,,0,15
828,Option,haiku,pro,20,,0,15
829,Option,4.1 mini,sonnet,1,1.0,1,1
829,Option,4.1 mini,sonnet,2,2.0,2,2
829,Option,4.1 mini,sonnet,3,2.0,2,2
829,Option,4.1 mini,sonnet,4,1.0,1,1
829,Option,4.1 mini,sonnet,5,3.0,3,3
829,Option,4.1 mini,sonnet,6,2.0,2,2
829,Option,4.1 mini,sonnet,7,1.0,1,1
829,Option,4.1 mini,sonnet,8,1.0,1,1
829,Option,4.1 mini,sonnet,9,1.0,1,1
829,Option,4.1 mini,sonnet,10,1.0,1,1
829,Option,4.1 mini,sonnet,11,1.0,1,1
829,Option,4.1 mini,sonnet,12,,3,3
829,Option,4.1 mini,sonnet,13,,3,3
829,Option,4.1 mini,sonnet,14,1.0,1,1
829,Option,4.1 mini,sonnet,15,1.0,1,1
829,Option,4.1 mini,sonnet,16,2.0,2,2
829,Option,4.1 mini,sonnet,17,1.0,1,1
829,Option,4.1 mini,sonnet,18,1.0,1,1
829,Option,4.1 mini,sonnet,19,,3,3
829,Option,4.1 mini,sonnet,20,,3,3
830,Option,4.1 mini,flash,1,1.0,1,1
830,Option,4.1 mini,flash,2,3.0,3,3
830,Option,4.1 mini,flash,3,1.0,1,1
830,Option,4.1 mini,flash,4,1.0,1,1
830,Option,4.1 mini,flash,5,2.0,2,2
830,Option,4.1 mini,flash,6,,3,3
830,Option,4.1 mini,flash,7,2.0,2,2
830,Option,4.1 mini,flash,8,3.0,3,3
830,Option,4.1 mini,flash,9,1.0,1,1
830,Option,4.1 mini,flash,10,,3,3
830,Option,4.1 mini,flash,11,2.0,2,2
830,Option,4.1 mini,flash,12,2.0,2,2
830,Option,4.1 mini,flash,13,,3,3
830,Option,4.1 mini,flash,14,,3,3
830,Option,4.1 mini,flash,15,3.0,3,3
830,Option,4.1 mini,flash,16,1.0,1,1
830,Option,4.1 mini,flash,17,,3,3
830,Option,4.1 mini,flash,18,,3,3
830,Option,4.1 mini,flash,19,,3,3
830,Option,4.1 mini,flash,20,,3,3
831,Option,4.1 mini,pro,1,1.0,1,1
831,Option,4.1 mini,pro,2,2.0,2,2
831,Option,4.1 mini,pro,3,3.0,3,3
831,Option,4.1 mini,pro,4,3.0,3,3
831,Option,4.1 mini,pro,5,,3,3
831,Option,4.1 mini,pro,6,1.0,1,1
831,Option,4.1 mini,pro,7,,3,3
831,Option,4.1 mini,pro,8,,3,3
831,Option,4.1 mini,pro,9,2.0,2,2
831,Option,4.1 mini,pro,10,,3,3
831,Option,4.1 mini,pro,11,,3,3
831,Option,4.1 mini,pro,12,2.0,2,2
831,Option,4.1 mini,pro,13,,3,3
831,Option,4.1 mini,pro,14,,3,3
831,Option,4.1 mini,pro,15,,3,3
831,Option,4.1 mini,pro,16,2.0,2,2
831,Option,4.1 mini,pro,17,,3,3
831,Option,4.1 mini,pro,18,,3,3
831,Option,4.1 mini,pro,19,,3,3
831,Option,4.1 mini,pro,20,,3,3
832,Option,4.1,flash,1,1.0,1,1
832,Option,4.1,flash,2,2.0,2,2
832,Option,4.1,flash,3,1.0,1,1
832,Option,4.1,flash,4,2.0,2,2
832,Option,4.1,flash,5,1.0,1,1
832,Option,4.1,flash,6,1.0,1,1
832,Option,4.1,flash,7,1.0,1,1
832,Option,4.1,flash,8,1.0,1,1
832,Option,4.1,flash,9,1.0,1,1
832,Option,4.1,flash,10,2.0,2,2
832,Option,4.1,flash,11,2.0,2,2
832,Option,4.1,flash,12,1.0,1,1
832,Option,4.1,flash,13,1.0,1,1
832,Option,4.1,flash,14,1.0,1,1
832,Option,4.1,flash,15,2.0,2,2
832,Option,4.1,flash,16,2.0,2,2
832,Option,4.1,flash,17,1.0,1,1
832,Option,4.1,flash,18,1.0,1,1
832,Option,4.1,flash,19,1.0,1,1
832,Option,4.1,flash,20,1.0,1,1
833,Option,4.1,pro,1,1.0,1,1
833,Option,4.1,pro,2,1.0,1,1
833,Option,4.1,pro,3,2.0,2,2
833,Option,4.1,pro,4,1.0,1,1
833,Option,4.1,pro,5,1.0,1,1
833,Option,4.1,pro,6,1.0,1,1
833,Option,4.1,pro,7,1.0,1,1
833,Option,4.1,pro,8,1.0,1,1
833,Option,4.1,pro,9,1.0,1,1
833,Option,4.1,pro,10,2.0,2,2
833,Option,4.1,pro,11,2.0,2,2
833,Option,4.1,pro,12,1.0,1,1
833,Option,4.1,pro,13,1.0,1,1
833,Option,4.1,pro,14,1.0,1,1
833,Option,4.1,pro,15,1.0,1,1
833,Option,4.1,pro,16,1.0,1,1
833,Option,4.1,pro,17,1.0,1,1
833,Option,4.1,pro,18,1.0,1,1
833,Option,4.1,pro,19,3.0,3,3
833,Option,4.1,pro,20,3.0,3,3
834,Option,flash,4.1,1,,0,15
834,Option,flash,4.1,2,,0,15
834,Option,flash,4.1,3,,0,15
834,Option,flash,4.1,4,,0,15
834,Option,flash,4.1,5,,0,15
834,Option,flash,4.1,6,,0,15
834,Option,flash,4.1,7,,0,15
834,Option,flash,4.1,8,,0,15
834,Option,flash,4.1,9,,0,15
834,Option,flash,4.1,10,,0,15
834,Option,flash,4.1,11,,0,15
834,Option,flash,4.1,12,,0,15
834,Option,flash,4.1,13,,0,15
834,Option,flash,4.1,14,,0,15
834,Option,flash,4.1,15,,0,15
834,Option,flash,4.1,16,,0,15
834,Option,flash,4.1,17,,0,15
834,Option,flash,4.1,18,,0,15
834,Option,flash,4.1,19,,0,15
834,Option,flash,4.1,20,,0,15
835,Option,flash,4.1 mini,1,,0,15
835,Option,flash,4.1 mini,2,,0,15
835,Option,flash,4.1 mini,3,,0,15
835,Option,flash,4.1 mini,4,,0,15
835,Option,flash,4.1 mini,5,,0,15
835,Option,flash,4.1 mini,6,,0,15
835,Option,flash,4.1 mini,7,,0,15
835,Option,flash,4.1 mini,8,,0,15
835,Option,flash,4.1 mini,9,,0,15
835,Option,flash,4.1 mini,10,,0,15
835,Option,flash,4.1 mini,11,,0,15
835,Option,flash,4.1 mini,12,,0,15
835,Option,flash,4.1 mini,13,,0,15
835,Option,flash,4.1 mini,14,,0,15
835,Option,flash,4.1 mini,15,,0,15
835,Option,flash,4.1 mini,16,,0,15
835,Option,flash,4.1 mini,17,,0,15
835,Option,flash,4.1 mini,18,,0,15
835,Option,flash,4.1 mini,19,,0,15
835,Option,flash,4.1 mini,20,,0,15
836,XmlElement,haiku,flash,1,1.0,1,1
836,XmlElement,haiku,flash,2,1.0,1,1
836,XmlElement,haiku,flash,3,1.0,1,1
836,XmlElement,haiku,flash,4,,3,3
836,XmlElement,haiku,flash,5,1.0,1,1
836,XmlElement,haiku,flash,6,1.0,1,1
836,XmlElement,haiku,flash,7,,3,3
836,XmlElement,haiku,flash,8,1.0,1,1
836,XmlElement,haiku,flash,9,,3,3
836,XmlElement,haiku,flash,10,2.0,2,2
836,XmlElement,haiku,flash,11,1.0,1,1
836,XmlElement,haiku,flash,12,1.0,1,1
836,XmlElement,haiku,flash,13,1.0,1,1
836,XmlElement,haiku,flash,14,,3,3
836,XmlElement,haiku,flash,15,2.0,2,2
836,XmlElement,haiku,flash,16,,3,3
836,XmlElement,haiku,flash,17,3.0,3,3
836,XmlElement,haiku,flash,18,2.0,2,2
836,XmlElement,haiku,flash,19,,3,3
836,XmlElement,haiku,flash,20,,3,3
837,XmlElement,4.1,pro,1,1.0,1,1
837,XmlElement,4.1,pro,2,1.0,1,1
837,XmlElement,4.1,pro,3,2.0,2,2
837,XmlElement,4.1,pro,4,1.0,1,1
837,XmlElement,4.1,pro,5,1.0,1,1
837,XmlElement,4.1,pro,6,1.0,1,1
837,XmlElement,4.1,pro,7,1.0,1,1
837,XmlElement,4.1,pro,8,1.0,1,1
837,XmlElement,4.1,pro,9,,3,3
837,XmlElement,4.1,pro,10,2.0,2,2
837,XmlElement,4.1,pro,11,2.0,2,2
837,XmlElement,4.1,pro,12,,3,3
837,XmlElement,4.1,pro,13,2.0,2,2
837,XmlElement,4.1,pro,14,1.0,1,1
837,XmlElement,4.1,pro,15,1.0,1,1
837,XmlElement,4.1,pro,16,,3,3
837,XmlElement,4.1,pro,17,,3,3
837,XmlElement,4.1,pro,18,1.0,1,1
837,XmlElement,4.1,pro,19,,3,3
837,XmlElement,4.1,pro,20,,3,3
838,XmlElement,haiku,pro,1,1.0,1,1
838,XmlElement,haiku,pro,2,1.0,1,1
838,XmlElement,haiku,pro,3,1.0,1,2
838,XmlElement,haiku,pro,4,1.0,1,1
838,XmlElement,haiku,pro,5,,3,3
838,XmlElement,haiku,pro,6,,3,3
838,XmlElement,haiku,pro,7,,3,3
838,XmlElement,haiku,pro,8,2.0,2,2
838,XmlElement,haiku,pro,9,1.0,1,1
838,XmlElement,haiku,pro,10,,3,3
838,XmlElement,haiku,pro,11,,3,3
838,XmlElement,haiku,pro,12,2.0,2,2
838,XmlElement,haiku,pro,13,1.0,1,1
838,XmlElement,haiku,pro,14,,3,3
838,XmlElement,haiku,pro,15,1.0,1,1
838,XmlElement,haiku,pro,16,2.0,2,2
838,XmlElement,haiku,pro,17,,3,3
838,XmlElement,haiku,pro,18,,3,3
838,XmlElement,haiku,pro,19,,3,3
838,XmlElement,haiku,pro,20,,3,4
839,Option,flash,sonnet,1,,0,15
839,Option,flash,sonnet,2,,0,15
839,Option,flash,sonnet,3,,0,15
839,Option,flash,sonnet,4,,0,15
839,Option,flash,sonnet,5,,0,15
839,Option,flash,sonnet,6,,0,15
839,Option,flash,sonnet,7,,0,15
839,Option,flash,sonnet,8,,0,15
839,Option,flash,sonnet,9,,0,15
839,Option,flash,sonnet,10,,0,15
839,Option,flash,sonnet,11,,0,15
839,Option,flash,sonnet,12,,0,15
839,Option,flash,sonnet,13,,0,15
839,Option,flash,sonnet,14,,0,15
839,Option,flash,sonnet,15,,0,15
839,Option,flash,sonnet,16,,0,15
839,Option,flash,sonnet,17,,0,15
839,Option,flash,sonnet,18,,0,15
839,Option,flash,sonnet,19,,0,15
839,Option,flash,sonnet,20,,0,15
840,Option,flash,haiku,1,,0,15
840,Option,flash,haiku,2,,0,15
840,Option,flash,haiku,3,,0,15
840,Option,flash,haiku,4,,0,15
840,Option,flash,haiku,5,,0,15
840,Option,flash,haiku,6,,0,15
840,Option,flash,haiku,7,,0,15
840,Option,flash,haiku,8,,0,15
840,Option,flash,haiku,9,,0,15
840,Option,flash,haiku,10,,0,15
840,Option,flash,haiku,11,,0,15
840,Option,flash,haiku,12,,0,15
840,Option,flash,haiku,13,,0,15
840,Option,flash,haiku,14,,0,15
840,Option,flash,haiku,15,,0,15
840,Option,flash,haiku,16,,0,15
840,Option,flash,haiku,17,,0,15
840,Option,flash,haiku,18,,0,15
840,Option,flash,haiku,19,,0,15
840,Option,flash,haiku,20,,0,15
841,XmlElement,4.1,flash,1,1.0,1,1
841,XmlElement,4.1,flash,2,1.0,1,1
841,XmlElement,4.1,flash,3,3.0,3,3
841,XmlElement,4.1,flash,4,1.0,1,1
841,XmlElement,4.1,flash,5,2.0,2,2
841,XmlElement,4.1,flash,6,2.0,2,2
841,XmlElement,4.1,flash,7,1.0,1,1
841,XmlElement,4.1,flash,8,3.0,3,3
841,XmlElement,4.1,flash,9,1.0,1,1
841,XmlElement,4.1,flash,10,1.0,1,1
841,XmlElement,4.1,flash,11,3.0,3,3
841,XmlElement,4.1,flash,12,2.0,2,2
841,XmlElement,4.1,flash,13,1.0,1,1
841,XmlElement,4.1,flash,14,1.0,1,1
841,XmlElement,4.1,flash,15,,3,3
841,XmlElement,4.1,flash,16,,3,3
841,XmlElement,4.1,flash,17,1.0,1,1
841,XmlElement,4.1,flash,18,,3,3
841,XmlElement,4.1,flash,19,,3,3
841,XmlElement,4.1,flash,20,,3,3
842,XmlElement,4.1 mini,flash,1,1.0,1,1
842,XmlElement,4.1 mini,flash,2,1.0,1,1
842,XmlElement,4.1 mini,flash,3,3.0,3,3
842,XmlElement,4.1 mini,flash,4,1.0,1,1
842,XmlElement,4.1 mini,flash,5,1.0,1,1
842,XmlElement,4.1 mini,flash,6,,3,4
842,XmlElement,4.1 mini,flash,7,,3,3
842,XmlElement,4.1 mini,flash,8,,3,3
842,XmlElement,4.1 mini,flash,9,1.0,1,2
842,XmlElement,4.1 mini,flash,10,1.0,1,2
842,XmlElement,4.1 mini,flash,11,,3,3
842,XmlElement,4.1 mini,flash,12,2.0,2,2
842,XmlElement,4.1 mini,flash,13,2.0,2,2
842,XmlElement,4.1 mini,flash,14,1.0,1,1
842,XmlElement,4.1 mini,flash,15,,3,3
842,XmlElement,4.1 mini,flash,16,1.0,1,1
842,XmlElement,4.1 mini,flash,17,,3,3
842,XmlElement,4.1 mini,flash,18,1.0,1,1
842,XmlElement,4.1 mini,flash,19,,3,3
842,XmlElement,4.1 mini,flash,20,,3,3
843,XmlElement,4.1 mini,pro,1,1.0,1,1
843,XmlElement,4.1 mini,pro,2,1.0,1,1
843,XmlElement,4.1 mini,pro,3,1.0,1,1
843,XmlElement,4.1 mini,pro,4,1.0,1,1
843,XmlElement,4.1 mini,pro,5,1.0,1,3
843,XmlElement,4.1 mini,pro,6,3.0,3,3
843,XmlElement,4.1 mini,pro,7,,3,3
843,XmlElement,4.1 mini,pro,8,,3,3
843,XmlElement,4.1 mini,pro,9,,3,3
843,XmlElement,4.1 mini,pro,10,1.0,1,1
843,XmlElement,4.1 mini,pro,11,,3,4
843,XmlElement,4.1 mini,pro,12,,3,3
843,XmlElement,4.1 mini,pro,13,3.0,3,4
843,XmlElement,4.1 mini,pro,14,,3,3
843,XmlElement,4.1 mini,pro,15,2.0,2,2
843,XmlElement,4.1 mini,pro,16,1.0,1,1
843,XmlElement,4.1 mini,pro,17,3.0,3,3
843,XmlElement,4.1 mini,pro,18,,3,3
843,XmlElement,4.1 mini,pro,19,,3,3
843,XmlElement,4.1 mini,pro,20,,3,3
844,XmlElement,flash,haiku,1,,0,15
844,XmlElement,flash,haiku,2,,0,15
844,XmlElement,flash,haiku,3,,0,15
844,XmlElement,flash,haiku,4,,0,15
844,XmlElement,flash,haiku,5,1.0,1,5
844,XmlElement,flash,haiku,6,,0,15
844,XmlElement,flash,haiku,7,2.0,1,8
844,XmlElement,flash,haiku,8,,0,15
844,XmlElement,flash,haiku,9,,0,15
844,XmlElement,flash,haiku,10,,0,15
844,XmlElement,flash,haiku,11,,0,15
844,XmlElement,flash,haiku,12,,0,15
844,XmlElement,flash,haiku,13,,0,15
844,XmlElement,flash,haiku,14,2.0,1,6
844,XmlElement,flash,haiku,15,,0,15
844,XmlElement,flash,haiku,16,,0,15
844,XmlElement,flash,haiku,17,,0,15
844,XmlElement,flash,haiku,18,,0,15
844,XmlElement,flash,haiku,19,,1,15
844,XmlElement,flash,haiku,20,,0,15
845,XmlElement,flash,sonnet,1,2.0,1,7
845,XmlElement,flash,sonnet,2,,0,15
845,XmlElement,flash,sonnet,3,,0,15
845,XmlElement,flash,sonnet,4,,0,15
845,XmlElement,flash,sonnet,5,,0,15
845,XmlElement,flash,sonnet,6,,0,15
845,XmlElement,flash,sonnet,7,,0,15
845,XmlElement,flash,sonnet,8,,1,12
845,XmlElement,flash,sonnet,9,,0,15
845,XmlElement,flash,sonnet,10,,0,15
845,XmlElement,flash,sonnet,11,,0,15
845,XmlElement,flash,sonnet,12,2.0,1,7
845,XmlElement,flash,sonnet,13,,0,15
845,XmlElement,flash,sonnet,14,,0,15
845,XmlElement,flash,sonnet,15,,0,15
845,XmlElement,flash,sonnet,16,2.0,1,8
845,XmlElement,flash,sonnet,17,,0,15
845,XmlElement,flash,sonnet,18,,0,15
845,XmlElement,flash,sonnet,19,1.0,1,5
845,XmlElement,flash,sonnet,20,3.0,1,13
846,XmlElement,flash,4.1 mini,1,,0,15
846,XmlElement,flash,4.1 mini,2,,0,15
846,XmlElement,flash,4.1 mini,3,,0,15
846,XmlElement,flash,4.1 mini,4,,0,15
846,XmlElement,flash,4.1 mini,5,,0,15
846,XmlElement,flash,4.1 mini,6,2.0,1,9
846,XmlElement,flash,4.1 mini,7,,0,15
846,XmlElement,flash,4.1 mini,8,2.0,1,8
846,XmlElement,flash,4.1 mini,9,3.0,1,15
846,XmlElement,flash,4.1 mini,10,1.0,1,4
846,XmlElement,flash,4.1 mini,11,,0,15
846,XmlElement,flash,4.1 mini,12,2.0,1,8
846,XmlElement,flash,4.1 mini,13,1.0,1,1
846,XmlElement,flash,4.1 mini,14,,0,15
846,XmlElement,flash,4.1 mini,15,,0,15
846,XmlElement,flash,4.1 mini,16,,0,15
846,XmlElement,flash,4.1 mini,17,,0,15
846,XmlElement,flash,4.1 mini,18,,0,15
846,XmlElement,flash,4.1 mini,19,,2,9
846,XmlElement,flash,4.1 mini,20,,0,15
847,XmlElement,flash,4.1,1,,0,15
847,XmlElement,flash,4.1,2,1.0,1,1
847,XmlElement,flash,4.1,3,,0,15
847,XmlElement,flash,4.1,4,,1,12
847,XmlElement,flash,4.1,5,,0,15
847,XmlElement,flash,4.1,6,1.0,1,1
847,XmlElement,flash,4.1,7,,0,15
847,XmlElement,flash,4.1,8,,0,15
847,XmlElement,flash,4.1,9,2.0,1,8
847,XmlElement,flash,4.1,10,1.0,1,3
847,XmlElement,flash,4.1,11,,1,11
847,XmlElement,flash,4.1,12,,0,15
847,XmlElement,flash,4.1,13,,1,11
847,XmlElement,flash,4.1,14,,0,15
847,XmlElement,flash,4.1,15,,0,15
847,XmlElement,flash,4.1,16,,0,15
847,XmlElement,flash,4.1,17,,0,15
847,XmlElement,flash,4.1,18,2.0,1,10
847,XmlElement,flash,4.1,19,,0,15
847,XmlElement,flash,4.1,20,,2,11
848,XmlElement,flash,flash,1,,0,15
848,XmlElement,flash,flash,2,,0,15
848,XmlElement,flash,flash,3,,0,15
848,XmlElement,flash,flash,4,,0,15
848,XmlElement,flash,flash,5,3.0,1,14
848,XmlElement,flash,flash,6,,0,15
848,XmlElement,flash,flash,7,,0,15
848,XmlElement,flash,flash,8,,0,15
848,XmlElement,flash,flash,9,,0,15
848,XmlElement,flash,flash,10,,0,15
848,XmlElement,flash,flash,11,3.0,1,12
848,XmlElement,flash,flash,12,,0,15
848,XmlElement,flash,flash,13,,1,13
848,XmlElement,flash,flash,14,,0,15
848,XmlElement,flash,flash,15,,0,15
848,XmlElement,flash,flash,16,2.0,1,9
848,XmlElement,flash,flash,17,,1,14
848,XmlElement,flash,flash,18,,0,15
848,XmlElement,flash,flash,19,2.0,1,9
848,XmlElement,flash,flash,20,3.0,1,13
849,XmlElement,flash,pro,1,,0,15
849,XmlElement,flash,pro,2,,0,15
849,XmlElement,flash,pro,3,,0,15
849,XmlElement,flash,pro,4,1.0,1,1
849,XmlElement,flash,pro,5,,0,15
849,XmlElement,flash,pro,6,,0,15
849,XmlElement,flash,pro,7,,0,15
849,XmlElement,flash,pro,8,,0,15
849,XmlElement,flash,pro,9,,0,15
849,XmlElement,flash,pro,10,,0,15
849,XmlElement,flash,pro,11,1.0,1,4
849,XmlElement,flash,pro,12,,0,15
849,XmlElement,flash,pro,13,1.0,1,1
849,XmlElement,flash,pro,14,,0,15
849,XmlElement,flash,pro,15,,1,13
849,XmlElement,flash,pro,16,,0,15
849,XmlElement,flash,pro,17,,1,13
849,XmlElement,flash,pro,18,1.0,1,5
849,XmlElement,flash,pro,19,,0,15
849,XmlElement,flash,pro,20,,0,15
850,XmlElement,pro,haiku,1,3.0,1,11
850,XmlElement,pro,haiku,2,,0,15
850,XmlElement,pro,haiku,3,,0,15
850,XmlElement,pro,haiku,4,3.0,1,12
850,XmlElement,pro,haiku,5,,2,10
850,XmlElement,pro,haiku,6,,0,15
850,XmlElement,pro,haiku,7,,1,12
850,XmlElement,pro,haiku,8,,0,15
850,XmlElement,pro,haiku,9,,0,15
850,XmlElement,pro,haiku,10,,0,15
850,XmlElement,pro,haiku,11,,1,12
850,XmlElement,pro,haiku,12,,0,15
850,XmlElement,pro,haiku,13,,2,10
850,XmlElement,pro,haiku,14,,0,15
850,XmlElement,pro,haiku,15,,1,14
850,XmlElement,pro,haiku,16,,1,11
850,XmlElement,pro,haiku,17,,1,12
850,XmlElement,pro,haiku,18,,0,15
850,XmlElement,pro,haiku,19,,0,15
850,XmlElement,pro,haiku,20,,0,15
851,XmlElement,pro,sonnet,1,,0,15
851,XmlElement,pro,sonnet,2,1.0,1,2
851,XmlElement,pro,sonnet,3,,0,15
851,XmlElement,pro,sonnet,4,3.0,1,14
851,XmlElement,pro,sonnet,5,2.0,1,8
851,XmlElement,pro,sonnet,6,,2,10
851,XmlElement,pro,sonnet,7,,0,15
851,XmlElement,pro,sonnet,8,,0,15
851,XmlElement,pro,sonnet,9,,0,15
851,XmlElement,pro,sonnet,10,,0,15
851,XmlElement,pro,sonnet,11,,0,15
851,XmlElement,pro,sonnet,12,1.0,1,3
851,XmlElement,pro,sonnet,13,,2,14
851,XmlElement,pro,sonnet,14,,0,15
851,XmlElement,pro,sonnet,15,,0,15
851,XmlElement,pro,sonnet,16,,1,11
851,XmlElement,pro,sonnet,17,,0,15
851,XmlElement,pro,sonnet,18,,0,15
851,XmlElement,pro,sonnet,19,,1,11
851,XmlElement,pro,sonnet,20,,1,12
852,XmlElement,pro,4.1 mini,1,,0,15
852,XmlElement,pro,4.1 mini,2,1.0,1,3
852,XmlElement,pro,4.1 mini,3,,0,15
852,XmlElement,pro,4.1 mini,4,,1,12
852,XmlElement,pro,4.1 mini,5,,1,15
852,XmlElement,pro,4.1 mini,6,,0,15
852,XmlElement,pro,4.1 mini,7,,0,15
852,XmlElement,pro,4.1 mini,8,,0,15
852,XmlElement,pro,4.1 mini,9,,1,14
852,XmlElement,pro,4.1 mini,10,,1,14
852,XmlElement,pro,4.1 mini,11,,0,15
852,XmlElement,pro,4.1 mini,12,,1,15
852,XmlElement,pro,4.1 mini,13,,0,15
852,XmlElement,pro,4.1 mini,14,,0,15
852,XmlElement,pro,4.1 mini,15,,1,11
852,XmlElement,pro,4.1 mini,16,,0,15
852,XmlElement,pro,4.1 mini,17,2.0,1,10
852,XmlElement,pro,4.1 mini,18,,0,15
852,XmlElement,pro,4.1 mini,19,,0,15
852,XmlElement,pro,4.1 mini,20,,1,11
853,XmlElement,pro,4.1,1,,0,15
853,XmlElement,pro,4.1,2,,0,15
853,XmlElement,pro,4.1,3,,0,15
853,XmlElement,pro,4.1,4,,0,15
853,XmlElement,pro,4.1,5,1.0,1,2
853,XmlElement,pro,4.1,6,,0,15
853,XmlElement,pro,4.1,7,3.0,2,10
853,XmlElement,pro,4.1,8,3.0,1,13
853,XmlElement,pro,4.1,9,1.0,1,1
853,XmlElement,pro,4.1,10,,0,15
853,XmlElement,pro,4.1,11,,0,15
853,XmlElement,pro,4.1,12,,2,8
853,XmlElement,pro,4.1,13,,1,12
853,XmlElement,pro,4.1,14,,0,15
853,XmlElement,pro,4.1,15,,1,12
853,XmlElement,pro,4.1,16,,0,15
853,XmlElement,pro,4.1,17,,0,15
853,XmlElement,pro,4.1,18,,0,15
853,XmlElement,pro,4.1,19,,1,14
853,XmlElement,pro,4.1,20,,2,13
854,XmlElement,pro,pro,1,2.0,1,10
854,XmlElement,pro,pro,2,,0,15
854,XmlElement,pro,pro,3,3.0,1,15
854,XmlElement,pro,pro,4,,0,15
854,XmlElement,pro,pro,5,,0,15
854,XmlElement,pro,pro,6,,0,15
854,XmlElement,pro,pro,7,3.0,1,12
854,XmlElement,pro,pro,8,,0,15
854,XmlElement,pro,pro,9,,0,15
854,XmlElement,pro,pro,10,,0,15
854,XmlElement,pro,pro,11,,0,15
854,XmlElement,pro,pro,12,,0,15
854,XmlElement,pro,pro,13,,0,15
854,XmlElement,pro,pro,14,,1,15
854,XmlElement,pro,pro,15,,0,15
854,XmlElement,pro,pro,16,,0,15
854,XmlElement,pro,pro,17,,0,15
854,XmlElement,pro,pro,18,,1,13
854,XmlElement,pro,pro,19,,0,15
854,XmlElement,pro,pro,20,,1,14
855,XmlElement,pro,flash,1,,0,15
855,XmlElement,pro,flash,2,,0,15
855,XmlElement,pro,flash,3,,0,15
855,XmlElement,pro,flash,4,,0,15
855,XmlElement,pro,flash,5,2.0,1,10
855,XmlElement,pro,flash,6,,1,11
855,XmlElement,pro,flash,7,,2,11
855,XmlElement,pro,flash,8,,0,15
855,XmlElement,pro,flash,9,,0,15
855,XmlElement,pro,flash,10,,0,15
855,XmlElement,pro,flash,11,3.0,1,12
855,XmlElement,pro,flash,12,,0,15
855,XmlElement,pro,flash,13,,1,13
855,XmlElement,pro,flash,14,,0,15
855,XmlElement,pro,flash,15,,0,15
855,XmlElement,pro,flash,16,,0,15
855,XmlElement,pro,flash,17,,1,11
855,XmlElement,pro,flash,18,,0,15
855,XmlElement,pro,flash,19,,0,15
855,XmlElement,pro,flash,20,3.0,2,8
856,SparseIntArray,4.1,pro,1,1.0,1,1
856,SparseIntArray,4.1,pro,2,2.0,2,3
856,SparseIntArray,4.1,pro,3,,3,3
856,SparseIntArray,4.1,pro,4,2.0,2,2
856,SparseIntArray,4.1,pro,5,,3,3
856,SparseIntArray,4.1,pro,6,1.0,1,1
856,SparseIntArray,4.1,pro,7,,3,3
856,SparseIntArray,4.1,pro,8,,3,3
856,SparseIntArray,4.1,pro,9,,3,3
856,SparseIntArray,4.1,pro,10,2.0,2,2
856,SparseIntArray,4.1,pro,11,2.0,2,2
856,SparseIntArray,4.1,pro,12,,3,3
856,SparseIntArray,4.1,pro,13,,3,3
856,SparseIntArray,4.1,pro,14,2.0,2,2
856,SparseIntArray,4.1,pro,15,,3,3
856,SparseIntArray,4.1,pro,16,2.0,2,2
856,SparseIntArray,4.1,pro,17,,3,3
856,SparseIntArray,4.1,pro,18,,3,3
856,SparseIntArray,4.1,pro,19,2.0,2,2
856,SparseIntArray,4.1,pro,20,,3,4
857,SparseIntArray,4.1,flash,1,1.0,1,1
857,SparseIntArray,4.1,flash,2,1.0,1,1
857,SparseIntArray,4.1,flash,3,,3,3
857,SparseIntArray,4.1,flash,4,,3,3
857,SparseIntArray,4.1,flash,5,2.0,2,2
857,SparseIntArray,4.1,flash,6,,3,3
857,SparseIntArray,4.1,flash,7,1.0,1,1
857,SparseIntArray,4.1,flash,8,,3,3
857,SparseIntArray,4.1,flash,9,,3,3
857,SparseIntArray,4.1,flash,10,3.0,3,3
857,SparseIntArray,4.1,flash,11,,3,3
857,SparseIntArray,4.1,flash,12,,3,3
857,SparseIntArray,4.1,flash,13,2.0,2,2
857,SparseIntArray,4.1,flash,14,3.0,3,3
857,SparseIntArray,4.1,flash,15,2.0,2,2
857,SparseIntArray,4.1,flash,16,1.0,1,1
857,SparseIntArray,4.1,flash,17,,3,3
857,SparseIntArray,4.1,flash,18,3.0,3,3
857,SparseIntArray,4.1,flash,19,2.0,2,2
857,SparseIntArray,4.1,flash,20,,3,3
858,SparseIntArray,4.1 mini,flash,1,1.0,1,2
858,SparseIntArray,4.1 mini,flash,2,1.0,1,1
858,SparseIntArray,4.1 mini,flash,3,1.0,1,1
858,SparseIntArray,4.1 mini,flash,4,2.0,2,4
858,SparseIntArray,4.1 mini,flash,5,,3,6
858,SparseIntArray,4.1 mini,flash,6,1.0,1,1
858,SparseIntArray,4.1 mini,flash,7,3.0,3,3
858,SparseIntArray,4.1 mini,flash,8,1.0,1,1
858,SparseIntArray,4.1 mini,flash,9,3.0,3,11
858,SparseIntArray,4.1 mini,flash,10,,3,4
858,SparseIntArray,4.1 mini,flash,11,3.0,3,3
858,SparseIntArray,4.1 mini,flash,12,1.0,1,1
858,SparseIntArray,4.1 mini,flash,13,1.0,1,1
858,SparseIntArray,4.1 mini,flash,14,1.0,1,1
858,SparseIntArray,4.1 mini,flash,15,,3,5
858,SparseIntArray,4.1 mini,flash,16,,3,5
858,SparseIntArray,4.1 mini,flash,17,2.0,2,2
858,SparseIntArray,4.1 mini,flash,18,1.0,1,1
858,SparseIntArray,4.1 mini,flash,19,,3,3
858,SparseIntArray,4.1 mini,flash,20,,3,5
859,SparseIntArray,haiku,flash,1,,0,15
859,SparseIntArray,haiku,flash,2,,0,15
859,SparseIntArray,haiku,flash,3,2.0,1,9
859,SparseIntArray,haiku,flash,4,3.0,2,11
859,SparseIntArray,haiku,flash,5,2.0,1,6
859,SparseIntArray,haiku,flash,6,1.0,1,3
859,SparseIntArray,haiku,flash,7,2.0,1,6
859,SparseIntArray,haiku,flash,8,2.0,1,6
859,SparseIntArray,haiku,flash,9,1.0,1,3
859,SparseIntArray,haiku,flash,10,1.0,1,1
859,SparseIntArray,haiku,flash,11,,1,12
859,SparseIntArray,haiku,flash,12,2.0,1,8
859,SparseIntArray,haiku,flash,13,1.0,1,1
859,SparseIntArray,haiku,flash,14,,3,10
859,SparseIntArray,haiku,flash,15,1.0,1,4
859,SparseIntArray,haiku,flash,16,,2,13
859,SparseIntArray,haiku,flash,17,3.0,3,11
859,SparseIntArray,haiku,flash,18,3.0,2,7
859,SparseIntArray,haiku,flash,19,2.0,2,6
859,SparseIntArray,haiku,flash,20,,3,5
860,SparseIntArray,flash,sonnet,1,3.0,1,11
860,SparseIntArray,flash,sonnet,2,1.0,1,4
860,SparseIntArray,flash,sonnet,3,,0,15
860,SparseIntArray,flash,sonnet,4,,1,13
860,SparseIntArray,flash,sonnet,5,,0,15
860,SparseIntArray,flash,sonnet,6,,2,13
860,SparseIntArray,flash,sonnet,7,,1,11
860,SparseIntArray,flash,sonnet,8,1.0,1,5
860,SparseIntArray,flash,sonnet,9,,1,14
860,SparseIntArray,flash,sonnet,10,,0,15
860,SparseIntArray,flash,sonnet,11,,3,4
860,SparseIntArray,flash,sonnet,12,,1,12
860,SparseIntArray,flash,sonnet,13,2.0,1,6
860,SparseIntArray,flash,sonnet,14,,1,15
860,SparseIntArray,flash,sonnet,15,3.0,1,15
860,SparseIntArray,flash,sonnet,16,,0,15
860,SparseIntArray,flash,sonnet,17,2.0,1,6
860,SparseIntArray,flash,sonnet,18,,0,15
860,SparseIntArray,flash,sonnet,19,,2,10
860,SparseIntArray,flash,sonnet,20,3.0,2,11
861,SparseIntArray,flash,haiku,1,2.0,1,8
861,SparseIntArray,flash,haiku,2,1.0,1,5
861,SparseIntArray,flash,haiku,3,,0,15
861,SparseIntArray,flash,haiku,4,3.0,1,15
861,SparseIntArray,flash,haiku,5,1.0,1,2
861,SparseIntArray,flash,haiku,6,,1,11
861,SparseIntArray,flash,haiku,7,3.0,1,14
861,SparseIntArray,flash,haiku,8,,0,15
861,SparseIntArray,flash,haiku,9,3.0,1,13
861,SparseIntArray,flash,haiku,10,,0,15
861,SparseIntArray,flash,haiku,11,,0,15
861,SparseIntArray,flash,haiku,12,,0,15
861,SparseIntArray,flash,haiku,13,,0,15
861,SparseIntArray,flash,haiku,14,,0,15
861,SparseIntArray,flash,haiku,15,,2,9
861,SparseIntArray,flash,haiku,16,,2,8
861,SparseIntArray,flash,haiku,17,,0,15
861,SparseIntArray,flash,haiku,18,,2,8
861,SparseIntArray,flash,haiku,19,,1,13
861,SparseIntArray,flash,haiku,20,3.0,2,13
862,SparseIntArray,haiku,pro,1,3.0,1,13
862,SparseIntArray,haiku,pro,2,1.0,1,1
862,SparseIntArray,haiku,pro,3,1.0,1,3
862,SparseIntArray,haiku,pro,4,2.0,2,6
862,SparseIntArray,haiku,pro,5,1.0,1,3
862,SparseIntArray,haiku,pro,6,3.0,2,9
862,SparseIntArray,haiku,pro,7,,2,10
862,SparseIntArray,haiku,pro,8,,2,12
862,SparseIntArray,haiku,pro,9,,2,8
862,SparseIntArray,haiku,pro,10,1.0,1,1
862,SparseIntArray,haiku,pro,11,,2,12
862,SparseIntArray,haiku,pro,12,,2,9
862,SparseIntArray,haiku,pro,13,3.0,3,6
862,SparseIntArray,haiku,pro,14,3.0,2,11
862,SparseIntArray,haiku,pro,15,2.0,2,5
862,SparseIntArray,haiku,pro,16,,1,11
862,SparseIntArray,haiku,pro,17,3.0,2,11
862,SparseIntArray,haiku,pro,18,,1,11
862,SparseIntArray,haiku,pro,19,,1,11
862,SparseIntArray,haiku,pro,20,,1,14
863,SparseIntArray,4.1 mini,pro,1,1.0,1,3
863,SparseIntArray,4.1 mini,pro,2,1.0,1,1
863,SparseIntArray,4.1 mini,pro,3,1.0,1,1
863,SparseIntArray,4.1 mini,pro,4,1.0,1,1
863,SparseIntArray,4.1 mini,pro,5,2.0,2,2
863,SparseIntArray,4.1 mini,pro,6,1.0,1,1
863,SparseIntArray,4.1 mini,pro,7,1.0,1,1
863,SparseIntArray,4.1 mini,pro,8,1.0,1,1
863,SparseIntArray,4.1 mini,pro,9,2.0,2,2
863,SparseIntArray,4.1 mini,pro,10,1.0,1,1
863,SparseIntArray,4.1 mini,pro,11,2.0,2,5
863,SparseIntArray,4.1 mini,pro,12,1.0,1,1
863,SparseIntArray,4.1 mini,pro,13,,3,4
863,SparseIntArray,4.1 mini,pro,14,,3,3
863,SparseIntArray,4.1 mini,pro,15,1.0,1,1
863,SparseIntArray,4.1 mini,pro,16,,3,5
863,SparseIntArray,4.1 mini,pro,17,3.0,3,3
863,SparseIntArray,4.1 mini,pro,18,1.0,1,1
863,SparseIntArray,4.1 mini,pro,19,3.0,3,3
863,SparseIntArray,4.1 mini,pro,20,,3,4
864,SparseIntArray,flash,4.1 mini,1,2.0,1,9
864,SparseIntArray,flash,4.1 mini,2,2.0,1,8
864,SparseIntArray,flash,4.1 mini,3,,2,14
864,SparseIntArray,flash,4.1 mini,4,,1,11
864,SparseIntArray,flash,4.1 mini,5,,1,12
864,SparseIntArray,flash,4.1 mini,6,2.0,1,6
864,SparseIntArray,flash,4.1 mini,7,,1,12
864,SparseIntArray,flash,4.1 mini,8,,1,13
864,SparseIntArray,flash,4.1 mini,9,,0,15
864,SparseIntArray,flash,4.1 mini,10,3.0,1,11
864,SparseIntArray,flash,4.1 mini,11,3.0,2,11
864,SparseIntArray,flash,4.1 mini,12,,1,11
864,SparseIntArray,flash,4.1 mini,13,,1,15
864,SparseIntArray,flash,4.1 mini,14,,1,11
864,SparseIntArray,flash,4.1 mini,15,,0,15
864,SparseIntArray,flash,4.1 mini,16,,3,12
864,SparseIntArray,flash,4.1 mini,17,,1,11
864,SparseIntArray,flash,4.1 mini,18,,1,11
864,SparseIntArray,flash,4.1 mini,19,,1,15
864,SparseIntArray,flash,4.1 mini,20,,1,14
865,SparseIntArray,flash,4.1,1,2.0,1,10
865,SparseIntArray,flash,4.1,2,1.0,1,2
865,SparseIntArray,flash,4.1,3,1.0,1,3
865,SparseIntArray,flash,4.1,4,,1,14
865,SparseIntArray,flash,4.1,5,3.0,2,10
865,SparseIntArray,flash,4.1,6,1.0,1,3
865,SparseIntArray,flash,4.1,7,,2,9
865,SparseIntArray,flash,4.1,8,,1,11
865,SparseIntArray,flash,4.1,9,3.0,2,10
865,SparseIntArray,flash,4.1,10,2.0,1,6
865,SparseIntArray,flash,4.1,11,,1,12
865,SparseIntArray,flash,4.1,12,,3,5
865,SparseIntArray,flash,4.1,13,,2,11
865,SparseIntArray,flash,4.1,14,,1,12
865,SparseIntArray,flash,4.1,15,,0,15
865,SparseIntArray,flash,4.1,16,,1,13
865,SparseIntArray,flash,4.1,17,,1,14
865,SparseIntArray,flash,4.1,18,,1,11
865,SparseIntArray,flash,4.1,19,,1,12
865,SparseIntArray,flash,4.1,20,,1,11
866,SparseIntArray,flash,flash,1,1.0,1,2
866,SparseIntArray,flash,flash,2,1.0,1,2
866,SparseIntArray,flash,flash,3,3.0,1,15
866,SparseIntArray,flash,flash,4,,2,8
866,SparseIntArray,flash,flash,5,,1,14
866,SparseIntArray,flash,flash,6,,2,12
866,SparseIntArray,flash,flash,7,,0,15
866,SparseIntArray,flash,flash,8,3.0,1,14
866,SparseIntArray,flash,flash,9,,1,12
866,SparseIntArray,flash,flash,10,2.0,1,6
866,SparseIntArray,flash,flash,11,2.0,1,8
866,SparseIntArray,flash,flash,12,,1,12
866,SparseIntArray,flash,flash,13,2.0,1,8
866,SparseIntArray,flash,flash,14,3.0,2,12
866,SparseIntArray,flash,flash,15,,1,11
866,SparseIntArray,flash,flash,16,,1,15
866,SparseIntArray,flash,flash,17,,0,15
866,SparseIntArray,flash,flash,18,,2,12
866,SparseIntArray,flash,flash,19,2.0,1,10
866,SparseIntArray,flash,flash,20,,2,10
867,SparseIntArray,flash,pro,1,,0,15
867,SparseIntArray,flash,pro,2,2.0,1,8
867,SparseIntArray,flash,pro,3,,1,14
867,SparseIntArray,flash,pro,4,,1,11
867,SparseIntArray,flash,pro,5,1.0,1,3
867,SparseIntArray,flash,pro,6,,1,11
867,SparseIntArray,flash,pro,7,,1,13
867,SparseIntArray,flash,pro,8,,1,15
867,SparseIntArray,flash,pro,9,,0,15
867,SparseIntArray,flash,pro,10,,0,15
867,SparseIntArray,flash,pro,11,,0,15
867,SparseIntArray,flash,pro,12,,2,9
867,SparseIntArray,flash,pro,13,,0,15
867,SparseIntArray,flash,pro,14,3.0,1,11
867,SparseIntArray,flash,pro,15,,0,15
867,SparseIntArray,flash,pro,16,,0,15
867,SparseIntArray,flash,pro,17,,1,12
867,SparseIntArray,flash,pro,18,,1,14
867,SparseIntArray,flash,pro,19,,0,15
867,SparseIntArray,flash,pro,20,,1,14
868,SparseIntArray,pro,haiku,1,,0,15
868,SparseIntArray,pro,haiku,2,,0,15
868,SparseIntArray,pro,haiku,3,,0,15
868,SparseIntArray,pro,haiku,4,,0,15
868,SparseIntArray,pro,haiku,5,2.0,1,10
868,SparseIntArray,pro,haiku,6,1.0,1,1
868,SparseIntArray,pro,haiku,7,1.0,1,3
868,SparseIntArray,pro,haiku,8,,0,15
868,SparseIntArray,pro,haiku,9,,0,15
868,SparseIntArray,pro,haiku,10,,0,15
868,SparseIntArray,pro,haiku,11,,0,15
868,SparseIntArray,pro,haiku,12,,0,15
868,SparseIntArray,pro,haiku,13,,0,15
868,SparseIntArray,pro,haiku,14,,1,13
868,SparseIntArray,pro,haiku,15,1.0,1,1
868,SparseIntArray,pro,haiku,16,,1,15
868,SparseIntArray,pro,haiku,17,,0,15
868,SparseIntArray,pro,haiku,18,3.0,1,14
868,SparseIntArray,pro,haiku,19,,0,15
868,SparseIntArray,pro,haiku,20,,1,14
869,SparseIntArray,pro,sonnet,1,,0,15
869,SparseIntArray,pro,sonnet,2,,0,15
869,SparseIntArray,pro,sonnet,3,,0,15
869,SparseIntArray,pro,sonnet,4,,0,15
869,SparseIntArray,pro,sonnet,5,,0,15
869,SparseIntArray,pro,sonnet,6,,0,15
869,SparseIntArray,pro,sonnet,7,,0,15
869,SparseIntArray,pro,sonnet,8,1.0,1,4
869,SparseIntArray,pro,sonnet,9,,0,15
869,SparseIntArray,pro,sonnet,10,,1,15
869,SparseIntArray,pro,sonnet,11,,0,15
869,SparseIntArray,pro,sonnet,12,,0,15
869,SparseIntArray,pro,sonnet,13,,0,15
869,SparseIntArray,pro,sonnet,14,,0,15
869,SparseIntArray,pro,sonnet,15,,1,15
869,SparseIntArray,pro,sonnet,16,,0,15
869,SparseIntArray,pro,sonnet,17,,0,15
869,SparseIntArray,pro,sonnet,18,,1,15
869,SparseIntArray,pro,sonnet,19,,0,15
869,SparseIntArray,pro,sonnet,20,,0,15
871,SparseIntArray,pro,4.1,1,1.0,1,2
871,SparseIntArray,pro,4.1,2,,0,15
871,SparseIntArray,pro,4.1,3,,0,15
871,SparseIntArray,pro,4.1,4,,0,15
871,SparseIntArray,pro,4.1,5,,0,15
871,SparseIntArray,pro,4.1,6,,0,15
871,SparseIntArray,pro,4.1,7,,0,15
871,SparseIntArray,pro,4.1,8,,0,15
871,SparseIntArray,pro,4.1,9,,0,15
871,SparseIntArray,pro,4.1,10,,0,15
871,SparseIntArray,pro,4.1,11,,0,15
871,SparseIntArray,pro,4.1,12,,0,15
871,SparseIntArray,pro,4.1,13,,0,15
871,SparseIntArray,pro,4.1,14,,0,15
871,SparseIntArray,pro,4.1,15,,0,15
871,SparseIntArray,pro,4.1,16,,0,15
871,SparseIntArray,pro,4.1,17,,0,15
871,SparseIntArray,pro,4.1,18,2.0,1,6
871,SparseIntArray,pro,4.1,19,,0,15
871,SparseIntArray,pro,4.1,20,2.0,1,8
872,SparseIntArray,pro,flash,1,,0,15
872,SparseIntArray,pro,flash,2,,0,15
872,SparseIntArray,pro,flash,3,,0,15
872,SparseIntArray,pro,flash,4,,0,15
872,SparseIntArray,pro,flash,5,,0,15
872,SparseIntArray,pro,flash,6,,0,15
872,SparseIntArray,pro,flash,7,,0,15
872,SparseIntArray,pro,flash,8,1.0,1,2
872,SparseIntArray,pro,flash,9,1.0,1,1
872,SparseIntArray,pro,flash,10,,0,15
872,SparseIntArray,pro,flash,11,,0,15
872,SparseIntArray,pro,flash,12,,0,15
872,SparseIntArray,pro,flash,13,,0,15
872,SparseIntArray,pro,flash,14,,0,15
872,SparseIntArray,pro,flash,15,,0,15
872,SparseIntArray,pro,flash,16,,1,11
872,SparseIntArray,pro,flash,17,,0,15
872,SparseIntArray,pro,flash,18,,0,15
872,SparseIntArray,pro,flash,19,,0,15
872,SparseIntArray,pro,flash,20,,0,15
873,SparseIntArray,pro,pro,1,,0,15
873,SparseIntArray,pro,pro,2,2.0,1,7
873,SparseIntArray,pro,pro,3,,0,15
873,SparseIntArray,pro,pro,4,,0,15
873,SparseIntArray,pro,pro,5,,0,15
873,SparseIntArray,pro,pro,6,,0,15
873,SparseIntArray,pro,pro,7,,0,15
873,SparseIntArray,pro,pro,8,,2,11
873,SparseIntArray,pro,pro,9,,1,12
873,SparseIntArray,pro,pro,10,,0,15
873,SparseIntArray,pro,pro,11,,0,15
873,SparseIntArray,pro,pro,12,,0,15
873,SparseIntArray,pro,pro,13,,0,15
873,SparseIntArray,pro,pro,14,,0,15
873,SparseIntArray,pro,pro,15,,0,15
873,SparseIntArray,pro,pro,16,,0,15
873,SparseIntArray,pro,pro,17,3.0,1,12
873,SparseIntArray,pro,pro,18,,0,15
873,SparseIntArray,pro,pro,19,,0,15
873,SparseIntArray,pro,pro,20,,1,12
874,IntHashMap,haiku,flash,1,,0,15
874,IntHashMap,haiku,flash,2,,0,15
874,IntHashMap,haiku,flash,3,3.0,1,11
874,IntHashMap,haiku,flash,4,1.0,1,1
874,IntHashMap,haiku,flash,5,1.0,1,1
874,IntHashMap,haiku,flash,6,1.0,1,1
874,IntHashMap,haiku,flash,7,1.0,1,1
874,IntHashMap,haiku,flash,8,2.0,2,6
874,IntHashMap,haiku,flash,9,2.0,2,2
874,IntHashMap,haiku,flash,10,,3,4
874,IntHashMap,haiku,flash,11,3.0,3,4
874,IntHashMap,haiku,flash,12,,3,5
874,IntHashMap,haiku,flash,13,,3,3
874,IntHashMap,haiku,flash,14,,3,5
874,IntHashMap,haiku,flash,15,,3,3
874,IntHashMap,haiku,flash,16,,3,3
874,IntHashMap,haiku,flash,17,,3,5
874,IntHashMap,haiku,flash,18,,3,4
874,IntHashMap,haiku,flash,19,,3,3
874,IntHashMap,haiku,flash,20,,3,4
875,IntHashMap,haiku,pro,1,,0,15
875,IntHashMap,haiku,pro,2,3.0,1,12
875,IntHashMap,haiku,pro,3,1.0,1,1
875,IntHashMap,haiku,pro,4,1.0,1,1
875,IntHashMap,haiku,pro,5,2.0,2,4
875,IntHashMap,haiku,pro,6,1.0,1,2
875,IntHashMap,haiku,pro,7,1.0,1,1
875,IntHashMap,haiku,pro,8,2.0,2,2
875,IntHashMap,haiku,pro,9,2.0,2,2
875,IntHashMap,haiku,pro,10,1.0,1,1
875,IntHashMap,haiku,pro,11,,3,3
875,IntHashMap,haiku,pro,12,,3,3
875,IntHashMap,haiku,pro,13,,3,3
875,IntHashMap,haiku,pro,14,1.0,1,2
875,IntHashMap,haiku,pro,15,1.0,1,1
875,IntHashMap,haiku,pro,16,2.0,2,2
875,IntHashMap,haiku,pro,17,3.0,3,3
875,IntHashMap,haiku,pro,18,,3,3
875,IntHashMap,haiku,pro,19,,3,5
875,IntHashMap,haiku,pro,20,2.0,2,2
876,IntHashMap,4.1 mini,flash,1,1.0,1,1
876,IntHashMap,4.1 mini,flash,2,1.0,1,1
876,IntHashMap,4.1 mini,flash,3,1.0,1,1
876,IntHashMap,4.1 mini,flash,4,2.0,2,3
876,IntHashMap,4.1 mini,flash,5,1.0,1,2
876,IntHashMap,4.1 mini,flash,6,1.0,1,1
876,IntHashMap,4.1 mini,flash,7,1.0,1,1
876,IntHashMap,4.1 mini,flash,8,1.0,1,1
876,IntHashMap,4.1 mini,flash,9,2.0,2,3
876,IntHashMap,4.1 mini,flash,10,2.0,2,2
876,IntHashMap,4.1 mini,flash,11,1.0,1,1
876,IntHashMap,4.1 mini,flash,12,3.0,3,3
876,IntHashMap,4.1 mini,flash,13,,3,3
876,IntHashMap,4.1 mini,flash,14,,3,4
876,IntHashMap,4.1 mini,flash,15,1.0,1,1
876,IntHashMap,4.1 mini,flash,16,1.0,1,1
876,IntHashMap,4.1 mini,flash,17,2.0,2,2
876,IntHashMap,4.1 mini,flash,18,1.0,1,1
876,IntHashMap,4.1 mini,flash,19,1.0,1,1
876,IntHashMap,4.1 mini,flash,20,3.0,3,3
877,IntHashMap,4.1 mini,pro,1,1.0,1,1
877,IntHashMap,4.1 mini,pro,2,1.0,1,1
877,IntHashMap,4.1 mini,pro,3,1.0,1,1
877,IntHashMap,4.1 mini,pro,4,1.0,1,1
877,IntHashMap,4.1 mini,pro,5,1.0,1,1
877,IntHashMap,4.1 mini,pro,6,2.0,2,2
877,IntHashMap,4.1 mini,pro,7,1.0,1,1
877,IntHashMap,4.1 mini,pro,8,2.0,2,2
877,IntHashMap,4.1 mini,pro,9,,3,3
877,IntHashMap,4.1 mini,pro,10,,3,3
877,IntHashMap,4.1 mini,pro,11,3.0,3,3
877,IntHashMap,4.1 mini,pro,12,1.0,1,1
877,IntHashMap,4.1 mini,pro,13,1.0,1,1
877,IntHashMap,4.1 mini,pro,14,1.0,1,1
877,IntHashMap,4.1 mini,pro,15,1.0,1,1
877,IntHashMap,4.1 mini,pro,16,1.0,1,1
877,IntHashMap,4.1 mini,pro,17,1.0,1,1
877,IntHashMap,4.1 mini,pro,18,,3,3
877,IntHashMap,4.1 mini,pro,19,3.0,3,3
877,IntHashMap,4.1 mini,pro,20,,3,3
878,IntHashMap,4.1,flash,1,1.0,1,1
878,IntHashMap,4.1,flash,2,1.0,1,1
878,IntHashMap,4.1,flash,3,1.0,1,1
878,IntHashMap,4.1,flash,4,1.0,1,1
878,IntHashMap,4.1,flash,5,1.0,1,1
878,IntHashMap,4.1,flash,6,1.0,1,1
878,IntHashMap,4.1,flash,7,1.0,1,2
878,IntHashMap,4.1,flash,8,2.0,2,2
878,IntHashMap,4.1,flash,9,2.0,2,4
878,IntHashMap,4.1,flash,10,2.0,2,4
878,IntHashMap,4.1,flash,11,2.0,2,2
878,IntHashMap,4.1,flash,12,1.0,1,2
878,IntHashMap,4.1,flash,13,1.0,1,1
878,IntHashMap,4.1,flash,14,1.0,1,1
878,IntHashMap,4.1,flash,15,3.0,3,5
878,IntHashMap,4.1,flash,16,3.0,2,13
878,IntHashMap,4.1,flash,17,3.0,3,4
878,IntHashMap,4.1,flash,18,2.0,2,6
878,IntHashMap,4.1,flash,19,2.0,2,3
878,IntHashMap,4.1,flash,20,,3,6
879,IntHashMap,4.1,pro,1,1.0,1,1
879,IntHashMap,4.1,pro,2,1.0,1,1
879,IntHashMap,4.1,pro,3,1.0,1,1
879,IntHashMap,4.1,pro,4,1.0,1,1
879,IntHashMap,4.1,pro,5,1.0,1,1
879,IntHashMap,4.1,pro,6,1.0,1,1
879,IntHashMap,4.1,pro,7,1.0,1,1
879,IntHashMap,4.1,pro,8,1.0,1,1
879,IntHashMap,4.1,pro,9,3.0,3,3
879,IntHashMap,4.1,pro,10,,3,3
879,IntHashMap,4.1,pro,11,2.0,2,2
879,IntHashMap,4.1,pro,12,1.0,1,1
879,IntHashMap,4.1,pro,13,2.0,2,2
879,IntHashMap,4.1,pro,14,,3,3
879,IntHashMap,4.1,pro,15,2.0,2,3
879,IntHashMap,4.1,pro,16,2.0,2,2
879,IntHashMap,4.1,pro,17,1.0,1,1
879,IntHashMap,4.1,pro,18,2.0,2,2
879,IntHashMap,4.1,pro,19,,3,3
879,IntHashMap,4.1,pro,20,,3,4
880,IntHashMap,flash,haiku,1,2.0,1,8
880,IntHashMap,flash,haiku,2,,0,15
880,IntHashMap,flash,haiku,3,,0,15
880,IntHashMap,flash,haiku,4,2.0,1,8
880,IntHashMap,flash,haiku,5,1.0,1,3
880,IntHashMap,flash,haiku,6,,0,15
880,IntHashMap,flash,haiku,7,2.0,1,6
880,IntHashMap,flash,haiku,8,1.0,1,4
880,IntHashMap,flash,haiku,9,3.0,1,12
880,IntHashMap,flash,haiku,10,1.0,1,3
880,IntHashMap,flash,haiku,11,1.0,1,3
880,IntHashMap,flash,haiku,12,1.0,1,3
880,IntHashMap,flash,haiku,13,2.0,2,4
880,IntHashMap,flash,haiku,14,1.0,1,1
880,IntHashMap,flash,haiku,15,1.0,1,1
880,IntHashMap,flash,haiku,16,2.0,1,8
880,IntHashMap,flash,haiku,17,,0,15
880,IntHashMap,flash,haiku,18,,0,15
880,IntHashMap,flash,haiku,19,,0,15
880,IntHashMap,flash,haiku,20,,0,15
881,IntHashMap,flash,sonnet,1,1.0,1,3
881,IntHashMap,flash,sonnet,2,2.0,1,6
881,IntHashMap,flash,sonnet,3,2.0,1,9
881,IntHashMap,flash,sonnet,4,2.0,1,9
881,IntHashMap,flash,sonnet,5,,0,15
881,IntHashMap,flash,sonnet,6,2.0,1,9
881,IntHashMap,flash,sonnet,7,1.0,1,1
881,IntHashMap,flash,sonnet,8,1.0,1,1
881,IntHashMap,flash,sonnet,9,2.0,2,5
881,IntHashMap,flash,sonnet,10,1.0,1,2
881,IntHashMap,flash,sonnet,11,1.0,1,2
881,IntHashMap,flash,sonnet,12,1.0,1,1
881,IntHashMap,flash,sonnet,13,1.0,1,1
881,IntHashMap,flash,sonnet,14,1.0,1,1
881,IntHashMap,flash,sonnet,15,,0,15
881,IntHashMap,flash,sonnet,16,,0,15
881,IntHashMap,flash,sonnet,17,3.0,1,12
881,IntHashMap,flash,sonnet,18,,0,15
881,IntHashMap,flash,sonnet,19,,0,15
881,IntHashMap,flash,sonnet,20,,0,15
882,IntHashMap,flash,4.1 mini,1,1.0,1,5
882,IntHashMap,flash,4.1 mini,2,3.0,1,13
882,IntHashMap,flash,4.1 mini,3,2.0,1,10
882,IntHashMap,flash,4.1 mini,4,1.0,1,2
882,IntHashMap,flash,4.1 mini,5,,0,15
882,IntHashMap,flash,4.1 mini,6,1.0,1,4
882,IntHashMap,flash,4.1 mini,7,1.0,1,2
882,IntHashMap,flash,4.1 mini,8,2.0,2,5
882,IntHashMap,flash,4.1 mini,9,1.0,1,4
882,IntHashMap,flash,4.1 mini,10,1.0,1,1
882,IntHashMap,flash,4.1 mini,11,1.0,1,1
882,IntHashMap,flash,4.1 mini,12,1.0,1,2
882,IntHashMap,flash,4.1 mini,13,1.0,1,4
882,IntHashMap,flash,4.1 mini,14,,0,15
882,IntHashMap,flash,4.1 mini,15,2.0,1,8
882,IntHashMap,flash,4.1 mini,16,,0,15
882,IntHashMap,flash,4.1 mini,17,,0,15
882,IntHashMap,flash,4.1 mini,18,,0,15
882,IntHashMap,flash,4.1 mini,19,,0,15
882,IntHashMap,flash,4.1 mini,20,,0,15
883,IntHashMap,flash,4.1,1,3.0,1,15
883,IntHashMap,flash,4.1,2,1.0,1,3
883,IntHashMap,flash,4.1,3,1.0,1,3
883,IntHashMap,flash,4.1,4,1.0,1,2
883,IntHashMap,flash,4.1,5,,0,15
883,IntHashMap,flash,4.1,6,1.0,1,2
883,IntHashMap,flash,4.1,7,,0,15
883,IntHashMap,flash,4.1,8,,0,15
883,IntHashMap,flash,4.1,9,1.0,1,1
883,IntHashMap,flash,4.1,10,2.0,1,8
883,IntHashMap,flash,4.1,11,2.0,2,4
883,IntHashMap,flash,4.1,12,1.0,1,2
883,IntHashMap,flash,4.1,13,1.0,1,5
883,IntHashMap,flash,4.1,14,1.0,1,1
883,IntHashMap,flash,4.1,15,1.0,1,1
883,IntHashMap,flash,4.1,16,2.0,2,5
883,IntHashMap,flash,4.1,17,,0,15
883,IntHashMap,flash,4.1,18,,0,15
883,IntHashMap,flash,4.1,19,,0,15
883,IntHashMap,flash,4.1,20,,0,15
890,ByteVector,haiku,flash,1,,0,15
890,ByteVector,haiku,flash,2,,1,14
890,ByteVector,haiku,flash,3,,0,15
890,ByteVector,haiku,flash,4,,0,15
890,ByteVector,haiku,flash,5,1.0,1,1
890,ByteVector,haiku,flash,6,,1,11
890,ByteVector,haiku,flash,7,,1,15
890,ByteVector,haiku,flash,8,,1,12
890,ByteVector,haiku,flash,9,,0,15
890,ByteVector,haiku,flash,10,,3,5
890,ByteVector,haiku,flash,11,,1,15
890,ByteVector,haiku,flash,12,,2,13
890,ByteVector,haiku,flash,13,,1,12
890,ByteVector,haiku,flash,14,,2,14
890,ByteVector,haiku,flash,15,,2,11
890,ByteVector,haiku,flash,16,,1,11
890,ByteVector,haiku,flash,17,,1,14
890,ByteVector,haiku,flash,18,,2,8
890,ByteVector,haiku,flash,19,,2,10
890,ByteVector,haiku,flash,20,,2,9
894,ByteVector,haiku,pro,1,,0,15
894,ByteVector,haiku,pro,2,,1,12
894,ByteVector,haiku,pro,3,,2,13
894,ByteVector,haiku,pro,4,,1,15
894,ByteVector,haiku,pro,5,,3,5
894,ByteVector,haiku,pro,6,,1,12
894,ByteVector,haiku,pro,7,,1,14
894,ByteVector,haiku,pro,8,,1,13
894,ByteVector,haiku,pro,9,,3,6
894,ByteVector,haiku,pro,10,,2,11
894,ByteVector,haiku,pro,11,,1,15
894,ByteVector,haiku,pro,12,,1,11
894,ByteVector,haiku,pro,13,,2,8
894,ByteVector,haiku,pro,14,,2,15
894,ByteVector,haiku,pro,15,,1,11
894,ByteVector,haiku,pro,16,,2,12
894,ByteVector,haiku,pro,17,,2,11
894,ByteVector,haiku,pro,18,,3,6
894,ByteVector,haiku,pro,19,,2,10
894,ByteVector,haiku,pro,20,,3,8
895,ByteVector,4.1 mini,flash,1,,0,15
895,ByteVector,4.1 mini,flash,2,,0,15
895,ByteVector,4.1 mini,flash,3,,0,15
895,ByteVector,4.1 mini,flash,4,,1,11
895,ByteVector,4.1 mini,flash,5,,2,11
895,ByteVector,4.1 mini,flash,6,,1,12
895,ByteVector,4.1 mini,flash,7,,1,12
895,ByteVector,4.1 mini,flash,8,,1,13
895,ByteVector,4.1 mini,flash,9,,1,12
895,ByteVector,4.1 mini,flash,10,,1,13
895,ByteVector,4.1 mini,flash,11,,0,15
895,ByteVector,4.1 mini,flash,12,,0,15
895,ByteVector,4.1 mini,flash,13,,1,13
895,ByteVector,4.1 mini,flash,14,,1,11
895,ByteVector,4.1 mini,flash,15,,1,14
895,ByteVector,4.1 mini,flash,16,,0,15
895,ByteVector,4.1 mini,flash,17,,1,15
895,ByteVector,4.1 mini,flash,18,,0,15
895,ByteVector,4.1 mini,flash,19,,1,13
895,ByteVector,4.1 mini,flash,20,,1,15
914,CaseInsensitiveString,haiku,flash,1,1.0,1,1
914,CaseInsensitiveString,haiku,flash,2,1.0,1,1
914,CaseInsensitiveString,haiku,flash,3,1.0,1,1
914,CaseInsensitiveString,haiku,flash,4,2.0,2,3
914,CaseInsensitiveString,haiku,flash,5,2.0,2,3
914,CaseInsensitiveString,haiku,flash,6,1.0,1,1
914,CaseInsensitiveString,haiku,flash,7,1.0,1,4
914,CaseInsensitiveString,haiku,flash,8,2.0,2,4
914,CaseInsensitiveString,haiku,flash,9,,3,5
914,CaseInsensitiveString,haiku,flash,10,,3,4
914,CaseInsensitiveString,haiku,flash,11,,3,3
914,CaseInsensitiveString,haiku,flash,12,1.0,1,1
914,CaseInsensitiveString,haiku,flash,13,3.0,3,5
914,CaseInsensitiveString,haiku,flash,14,2.0,2,2
914,CaseInsensitiveString,haiku,flash,15,3.0,3,4
914,CaseInsensitiveString,haiku,flash,16,3.0,3,3
914,CaseInsensitiveString,haiku,flash,17,1.0,1,1
914,CaseInsensitiveString,haiku,flash,18,,3,4
914,CaseInsensitiveString,haiku,flash,19,,3,3
914,CaseInsensitiveString,haiku,flash,20,,3,3
915,CharRange,4.1,pro,1,1.0,1,1
915,CharRange,4.1,pro,2,1.0,1,1
915,CharRange,4.1,pro,3,,3,3
915,CharRange,4.1,pro,4,,3,3
915,CharRange,4.1,pro,5,,3,3
915,CharRange,4.1,pro,6,,3,3
915,CharRange,4.1,pro,7,,3,3
915,CharRange,4.1,pro,8,,3,3
915,CharRange,4.1,pro,9,,3,3
915,CharRange,4.1,pro,10,,3,3
915,CharRange,4.1,pro,11,,3,3
915,CharRange,4.1,pro,12,,3,3
915,CharRange,4.1,pro,13,,3,3
915,CharRange,4.1,pro,14,,3,3
915,CharRange,4.1,pro,15,,3,3
915,CharRange,4.1,pro,16,,3,3
915,CharRange,4.1,pro,17,,3,3
915,CharRange,4.1,pro,18,,3,3
915,CharRange,4.1,pro,19,,3,3
915,CharRange,4.1,pro,20,,3,3
916,CharRange,4.1,flash,1,1.0,1,1
916,CharRange,4.1,flash,2,,3,3
916,CharRange,4.1,flash,3,,3,3
916,CharRange,4.1,flash,4,,3,3
916,CharRange,4.1,flash,5,,3,3
916,CharRange,4.1,flash,6,,3,3
916,CharRange,4.1,flash,7,2.0,2,2
916,CharRange,4.1,flash,8,,3,3
916,CharRange,4.1,flash,9,3.0,3,3
916,CharRange,4.1,flash,10,1.0,1,1
916,CharRange,4.1,flash,11,,3,3
916,CharRange,4.1,flash,12,,3,3
916,CharRange,4.1,flash,13,,3,3
916,CharRange,4.1,flash,14,,3,3
916,CharRange,4.1,flash,15,,3,3
916,CharRange,4.1,flash,16,,3,3
916,CharRange,4.1,flash,17,,3,3
916,CharRange,4.1,flash,18,,3,3
916,CharRange,4.1,flash,19,,3,3
916,CharRange,4.1,flash,20,,3,3
917,ByteVector,4.1,flash,1,,1,11
917,ByteVector,4.1,flash,2,,3,7
917,ByteVector,4.1,flash,3,,3,11
917,ByteVector,4.1,flash,4,,3,3
917,ByteVector,4.1,flash,5,,2,10
917,ByteVector,4.1,flash,6,,2,11
917,ByteVector,4.1,flash,7,,3,8
917,ByteVector,4.1,flash,8,,2,10
917,ByteVector,4.1,flash,9,,3,9
917,ByteVector,4.1,flash,10,,3,6
917,ByteVector,4.1,flash,11,,1,14
917,ByteVector,4.1,flash,12,,1,14
917,ByteVector,4.1,flash,13,,2,9
917,ByteVector,4.1,flash,14,,2,14
917,ByteVector,4.1,flash,15,,3,4
917,ByteVector,4.1,flash,16,,3,6
917,ByteVector,4.1,flash,17,,3,8
917,ByteVector,4.1,flash,18,,3,7
917,ByteVector,4.1,flash,19,,3,7
917,ByteVector,4.1,flash,20,,3,6
918,CharRange,4.1 mini,pro,1,1.0,1,1
918,CharRange,4.1 mini,pro,2,,3,3
918,CharRange,4.1 mini,pro,3,,3,3
918,CharRange,4.1 mini,pro,4,,3,3
918,CharRange,4.1 mini,pro,5,,3,3
918,CharRange,4.1 mini,pro,6,1.0,1,1
918,CharRange,4.1 mini,pro,7,,3,3
918,CharRange,4.1 mini,pro,8,3.0,3,3
918,CharRange,4.1 mini,pro,9,,3,3
918,CharRange,4.1 mini,pro,10,1.0,1,1
918,CharRange,4.1 mini,pro,11,2.0,2,2
918,CharRange,4.1 mini,pro,12,,3,3
918,CharRange,4.1 mini,pro,13,,3,3
918,CharRange,4.1 mini,pro,14,,3,3
918,CharRange,4.1 mini,pro,15,,3,3
918,CharRange,4.1 mini,pro,16,,3,3
918,CharRange,4.1 mini,pro,17,,3,3
918,CharRange,4.1 mini,pro,18,,3,3
918,CharRange,4.1 mini,pro,19,,3,3
918,CharRange,4.1 mini,pro,20,,3,3
920,CharRange,haiku,flash,1,1.0,1,1
920,CharRange,haiku,flash,2,1.0,1,1
920,CharRange,haiku,flash,3,1.0,1,2
920,CharRange,haiku,flash,4,,3,3
920,CharRange,haiku,flash,5,,3,5
920,CharRange,haiku,flash,6,1.0,1,1
920,CharRange,haiku,flash,7,3.0,3,3
920,CharRange,haiku,flash,8,3.0,3,3
920,CharRange,haiku,flash,9,,3,3
920,CharRange,haiku,flash,10,,3,3
920,CharRange,haiku,flash,11,,3,3
920,CharRange,haiku,flash,12,,3,3
920,CharRange,haiku,flash,13,3.0,3,3
920,CharRange,haiku,flash,14,,3,3
920,CharRange,haiku,flash,15,,3,3
920,CharRange,haiku,flash,16,3.0,3,3
920,CharRange,haiku,flash,17,2.0,2,2
920,CharRange,haiku,flash,18,1.0,1,1
920,CharRange,haiku,flash,19,2.0,2,3
920,CharRange,haiku,flash,20,,3,3
921,CharRange,4.1 mini,flash,1,1.0,1,1
921,CharRange,4.1 mini,flash,2,1.0,1,1
921,CharRange,4.1 mini,flash,3,1.0,1,1
921,CharRange,4.1 mini,flash,4,3.0,3,3
921,CharRange,4.1 mini,flash,5,,3,3
921,CharRange,4.1 mini,flash,6,,3,3
921,CharRange,4.1 mini,flash,7,,3,3
921,CharRange,4.1 mini,flash,8,,3,3
921,CharRange,4.1 mini,flash,9,,3,3
921,CharRange,4.1 mini,flash,10,,3,3
921,CharRange,4.1 mini,flash,11,,3,3
921,CharRange,4.1 mini,flash,12,,3,3
921,CharRange,4.1 mini,flash,13,,3,3
921,CharRange,4.1 mini,flash,14,,3,3
921,CharRange,4.1 mini,flash,15,,3,3
921,CharRange,4.1 mini,flash,16,1.0,1,1
921,CharRange,4.1 mini,flash,17,,3,3
921,CharRange,4.1 mini,flash,18,,3,3
921,CharRange,4.1 mini,flash,19,,3,3
921,CharRange,4.1 mini,flash,20,,3,3
922,ByteVector,4.1,pro,1,,1,15
922,ByteVector,4.1,pro,2,,2,10
922,ByteVector,4.1,pro,3,,3,8
922,ByteVector,4.1,pro,4,,3,11
922,ByteVector,4.1,pro,5,,3,6
922,ByteVector,4.1,pro,6,,2,10
922,ByteVector,4.1,pro,7,,2,12
922,ByteVector,4.1,pro,8,,3,9
922,ByteVector,4.1,pro,9,,2,7
922,ByteVector,4.1,pro,10,,3,3
922,ByteVector,4.1,pro,11,,3,7
922,ByteVector,4.1,pro,12,,3,12
922,ByteVector,4.1,pro,13,,3,6
922,ByteVector,4.1,pro,14,,3,5
922,ByteVector,4.1,pro,15,,3,10
922,ByteVector,4.1,pro,16,,3,4
922,ByteVector,4.1,pro,17,,3,6
922,ByteVector,4.1,pro,18,,3,4
922,ByteVector,4.1,pro,19,,2,8
922,ByteVector,4.1,pro,20,,3,7
924,CaseInsensitiveString,4.1 mini,flash,1,1.0,1,1
924,CaseInsensitiveString,4.1 mini,flash,2,1.0,1,2
924,CaseInsensitiveString,4.1 mini,flash,3,,3,3
924,CaseInsensitiveString,4.1 mini,flash,4,,3,3
924,CaseInsensitiveString,4.1 mini,flash,5,,3,3
924,CaseInsensitiveString,4.1 mini,flash,6,,3,3
924,CaseInsensitiveString,4.1 mini,flash,7,,3,3
924,CaseInsensitiveString,4.1 mini,flash,8,,3,3
924,CaseInsensitiveString,4.1 mini,flash,9,,3,3
924,CaseInsensitiveString,4.1 mini,flash,10,,3,3
924,CaseInsensitiveString,4.1 mini,flash,11,,3,3
924,CaseInsensitiveString,4.1 mini,flash,12,,3,3
924,CaseInsensitiveString,4.1 mini,flash,13,,3,3
924,CaseInsensitiveString,4.1 mini,flash,14,,3,3
924,CaseInsensitiveString,4.1 mini,flash,15,2.0,2,2
924,CaseInsensitiveString,4.1 mini,flash,16,3.0,3,3
924,CaseInsensitiveString,4.1 mini,flash,17,3.0,3,3
924,CaseInsensitiveString,4.1 mini,flash,18,3.0,3,3
924,CaseInsensitiveString,4.1 mini,flash,19,,3,3
924,CaseInsensitiveString,4.1 mini,flash,20,2.0,2,2
942,ByteVector,4.1 mini,pro,1,,0,15
942,ByteVector,4.1 mini,pro,2,,0,15
942,ByteVector,4.1 mini,pro,3,,0,15
942,ByteVector,4.1 mini,pro,4,,2,12
942,ByteVector,4.1 mini,pro,5,,1,12
942,ByteVector,4.1 mini,pro,6,,1,11
942,ByteVector,4.1 mini,pro,7,,1,12
942,ByteVector,4.1 mini,pro,8,,1,11
942,ByteVector,4.1 mini,pro,9,,2,10
942,ByteVector,4.1 mini,pro,10,,1,15
942,ByteVector,4.1 mini,pro,11,,1,11
942,ByteVector,4.1 mini,pro,12,,1,13
942,ByteVector,4.1 mini,pro,13,,1,11
942,ByteVector,4.1 mini,pro,14,,1,15
942,ByteVector,4.1 mini,pro,15,,0,15
942,ByteVector,4.1 mini,pro,16,,2,12
942,ByteVector,4.1 mini,pro,17,,1,14
942,ByteVector,4.1 mini,pro,18,,0,15
942,ByteVector,4.1 mini,pro,19,,2,7
942,ByteVector,4.1 mini,pro,20,,1,12
943,CaseInsensitiveString,4.1,flash,1,1.0,1,1
943,CaseInsensitiveString,4.1,flash,2,1.0,1,1
943,CaseInsensitiveString,4.1,flash,3,1.0,1,1
943,CaseInsensitiveString,4.1,flash,4,1.0,1,1
943,CaseInsensitiveString,4.1,flash,5,1.0,1,1
943,CaseInsensitiveString,4.1,flash,6,1.0,1,1
943,CaseInsensitiveString,4.1,flash,7,2.0,2,2
943,CaseInsensitiveString,4.1,flash,8,1.0,1,1
943,CaseInsensitiveString,4.1,flash,9,2.0,2,2
943,CaseInsensitiveString,4.1,flash,10,2.0,2,2
943,CaseInsensitiveString,4.1,flash,11,1.0,1,5
943,CaseInsensitiveString,4.1,flash,12,1.0,1,1
943,CaseInsensitiveString,4.1,flash,13,1.0,1,1
943,CaseInsensitiveString,4.1,flash,14,,3,4
943,CaseInsensitiveString,4.1,flash,15,2.0,2,5
943,CaseInsensitiveString,4.1,flash,16,,3,5
943,CaseInsensitiveString,4.1,flash,17,,3,5
943,CaseInsensitiveString,4.1,flash,18,,3,3
943,CaseInsensitiveString,4.1,flash,19,,3,4
943,CaseInsensitiveString,4.1,flash,20,,3,3
947,Document,haiku,flash,1,1.0,1,2
947,Document,haiku,flash,2,1.0,1,1
947,Document,haiku,flash,3,1.0,1,1
947,Document,haiku,flash,4,1.0,1,1
947,Document,haiku,flash,5,1.0,1,1
947,Document,haiku,flash,6,1.0,1,1
947,Document,haiku,flash,7,1.0,1,1
947,Document,haiku,flash,8,1.0,1,1
947,Document,haiku,flash,9,1.0,1,1
947,Document,haiku,flash,10,1.0,1,1
947,Document,haiku,flash,11,1.0,1,1
947,Document,haiku,flash,12,1.0,1,1
947,Document,haiku,flash,13,1.0,1,1
947,Document,haiku,flash,14,1.0,1,1
947,Document,haiku,flash,15,2.0,2,2
947,Document,haiku,flash,16,1.0,1,1
947,Document,haiku,flash,17,2.0,2,2
947,Document,haiku,flash,18,1.0,1,1
947,Document,haiku,flash,19,1.0,1,1
947,Document,haiku,flash,20,1.0,1,2
948,CharRange,haiku,pro,1,1.0,1,1
948,CharRange,haiku,pro,2,2.0,2,2
948,CharRange,haiku,pro,3,,3,4
948,CharRange,haiku,pro,4,3.0,3,3
948,CharRange,haiku,pro,5,1.0,1,1
948,CharRange,haiku,pro,6,,3,3
948,CharRange,haiku,pro,7,2.0,2,2
948,CharRange,haiku,pro,8,3.0,3,3
948,CharRange,haiku,pro,9,1.0,1,1
948,CharRange,haiku,pro,10,,3,3
948,CharRange,haiku,pro,11,,3,3
948,CharRange,haiku,pro,12,2.0,2,3
948,CharRange,haiku,pro,13,,3,3
948,CharRange,haiku,pro,14,,3,4
948,CharRange,haiku,pro,15,3.0,3,4
948,CharRange,haiku,pro,16,2.0,2,2
948,CharRange,haiku,pro,17,1.0,1,1
948,CharRange,haiku,pro,18,2.0,2,2
948,CharRange,haiku,pro,19,1.0,1,1
948,CharRange,haiku,pro,20,,3,3
949,CaseInsensitiveString,4.1,pro,1,1.0,1,1
949,CaseInsensitiveString,4.1,pro,2,1.0,1,1
949,CaseInsensitiveString,4.1,pro,3,2.0,2,2
949,CaseInsensitiveString,4.1,pro,4,1.0,1,1
949,CaseInsensitiveString,4.1,pro,5,1.0,1,1
949,CaseInsensitiveString,4.1,pro,6,1.0,1,1
949,CaseInsensitiveString,4.1,pro,7,1.0,1,1
949,CaseInsensitiveString,4.1,pro,8,1.0,1,1
949,CaseInsensitiveString,4.1,pro,9,1.0,1,1
949,CaseInsensitiveString,4.1,pro,10,2.0,2,2
949,CaseInsensitiveString,4.1,pro,11,1.0,1,1
949,CaseInsensitiveString,4.1,pro,12,1.0,1,2
949,CaseInsensitiveString,4.1,pro,13,1.0,1,1
949,CaseInsensitiveString,4.1,pro,14,3.0,3,5
949,CaseInsensitiveString,4.1,pro,15,1.0,1,1
949,CaseInsensitiveString,4.1,pro,16,1.0,1,1
949,CaseInsensitiveString,4.1,pro,17,2.0,2,3
949,CaseInsensitiveString,4.1,pro,18,1.0,1,2
949,CaseInsensitiveString,4.1,pro,19,3.0,3,3
949,CaseInsensitiveString,4.1,pro,20,,3,6
950,Document,4.1 mini,flash,1,1.0,1,1
950,Document,4.1 mini,flash,2,1.0,1,1
950,Document,4.1 mini,flash,3,2.0,2,2
950,Document,4.1 mini,flash,4,1.0,1,1
950,Document,4.1 mini,flash,5,1.0,1,1
950,Document,4.1 mini,flash,6,2.0,2,2
950,Document,4.1 mini,flash,7,1.0,1,1
950,Document,4.1 mini,flash,8,1.0,1,1
950,Document,4.1 mini,flash,9,1.0,1,1
950,Document,4.1 mini,flash,10,2.0,2,2
950,Document,4.1 mini,flash,11,,3,3
950,Document,4.1 mini,flash,12,,3,3
950,Document,4.1 mini,flash,13,3.0,3,3
950,Document,4.1 mini,flash,14,3.0,3,3
950,Document,4.1 mini,flash,15,1.0,1,1
950,Document,4.1 mini,flash,16,2.0,2,2
950,Document,4.1 mini,flash,17,1.0,1,1
950,Document,4.1 mini,flash,18,2.0,2,2
950,Document,4.1 mini,flash,19,3.0,3,3
950,Document,4.1 mini,flash,20,1.0,1,1
951,Document,4.1 mini,pro,1,1.0,1,1
951,Document,4.1 mini,pro,2,1.0,1,1
951,Document,4.1 mini,pro,3,1.0,1,1
951,Document,4.1 mini,pro,4,1.0,1,1
951,Document,4.1 mini,pro,5,3.0,3,3
951,Document,4.1 mini,pro,6,3.0,3,3
951,Document,4.1 mini,pro,7,1.0,1,1
951,Document,4.1 mini,pro,8,1.0,1,1
951,Document,4.1 mini,pro,9,1.0,1,1
951,Document,4.1 mini,pro,10,2.0,2,2
951,Document,4.1 mini,pro,11,2.0,2,2
951,Document,4.1 mini,pro,12,3.0,3,3
951,Document,4.1 mini,pro,13,1.0,1,1
951,Document,4.1 mini,pro,14,1.0,1,1
951,Document,4.1 mini,pro,15,1.0,1,1
951,Document,4.1 mini,pro,16,3.0,3,3
951,Document,4.1 mini,pro,17,,3,3
951,Document,4.1 mini,pro,18,1.0,1,1
951,Document,4.1 mini,pro,19,1.0,1,1
951,Document,4.1 mini,pro,20,1.0,1,1
952,CaseInsensitiveString,4.1 mini,pro,1,1.0,1,1
952,CaseInsensitiveString,4.1 mini,pro,2,1.0,1,1
952,CaseInsensitiveString,4.1 mini,pro,3,1.0,1,1
952,CaseInsensitiveString,4.1 mini,pro,4,,3,3
952,CaseInsensitiveString,4.1 mini,pro,5,,3,3
952,CaseInsensitiveString,4.1 mini,pro,6,1.0,1,1
952,CaseInsensitiveString,4.1 mini,pro,7,,3,3
952,CaseInsensitiveString,4.1 mini,pro,8,3.0,3,3
952,CaseInsensitiveString,4.1 mini,pro,9,,3,3
952,CaseInsensitiveString,4.1 mini,pro,10,,3,3
952,CaseInsensitiveString,4.1 mini,pro,11,,3,3
952,CaseInsensitiveString,4.1 mini,pro,12,,3,3
952,CaseInsensitiveString,4.1 mini,pro,13,,3,3
952,CaseInsensitiveString,4.1 mini,pro,14,,3,3
952,CaseInsensitiveString,4.1 mini,pro,15,,3,3
952,CaseInsensitiveString,4.1 mini,pro,16,,3,3
952,CaseInsensitiveString,4.1 mini,pro,17,,3,3
952,CaseInsensitiveString,4.1 mini,pro,18,,3,3
952,CaseInsensitiveString,4.1 mini,pro,19,,3,3
952,CaseInsensitiveString,4.1 mini,pro,20,,3,3
953,CaseInsensitiveString,haiku,pro,1,1.0,1,1
953,CaseInsensitiveString,haiku,pro,2,1.0,1,1
953,CaseInsensitiveString,haiku,pro,3,2.0,2,2
953,CaseInsensitiveString,haiku,pro,4,1.0,1,1
953,CaseInsensitiveString,haiku,pro,5,1.0,1,1
953,CaseInsensitiveString,haiku,pro,6,1.0,1,1
953,CaseInsensitiveString,haiku,pro,7,1.0,1,1
953,CaseInsensitiveString,haiku,pro,8,1.0,1,1
953,CaseInsensitiveString,haiku,pro,9,1.0,1,1
953,CaseInsensitiveString,haiku,pro,10,1.0,1,1
953,CaseInsensitiveString,haiku,pro,11,1.0,1,1
953,CaseInsensitiveString,haiku,pro,12,1.0,1,1
953,CaseInsensitiveString,haiku,pro,13,1.0,1,1
953,CaseInsensitiveString,haiku,pro,14,,3,3
953,CaseInsensitiveString,haiku,pro,15,,3,3
953,CaseInsensitiveString,haiku,pro,16,,3,3
953,CaseInsensitiveString,haiku,pro,17,,3,3
953,CaseInsensitiveString,haiku,pro,18,,3,3
953,CaseInsensitiveString,haiku,pro,19,2.0,2,2
953,CaseInsensitiveString,haiku,pro,20,3.0,3,3
954,Document,haiku,pro,1,1.0,1,1
954,Document,haiku,pro,2,1.0,1,1
954,Document,haiku,pro,3,1.0,1,1
954,Document,haiku,pro,4,1.0,1,1
954,Document,haiku,pro,5,1.0,1,2
954,Document,haiku,pro,6,1.0,1,1
954,Document,haiku,pro,7,1.0,1,1
954,Document,haiku,pro,8,1.0,1,2
954,Document,haiku,pro,9,1.0,1,1
954,Document,haiku,pro,10,1.0,1,1
954,Document,haiku,pro,11,2.0,2,2
954,Document,haiku,pro,12,1.0,1,2
954,Document,haiku,pro,13,2.0,2,2
954,Document,haiku,pro,14,1.0,1,1
954,Document,haiku,pro,15,2.0,2,2
954,Document,haiku,pro,16,1.0,1,1
954,Document,haiku,pro,17,1.0,1,1
954,Document,haiku,pro,18,1.0,1,2
954,Document,haiku,pro,19,1.0,1,1
954,Document,haiku,pro,20,1.0,1,1
955,Document,4.1,pro,1,1.0,1,1
955,Document,4.1,pro,2,1.0,1,1
955,Document,4.1,pro,3,1.0,1,1
955,Document,4.1,pro,4,1.0,1,1
955,Document,4.1,pro,5,1.0,1,1
955,Document,4.1,pro,6,1.0,1,1
955,Document,4.1,pro,7,,3,3
955,Document,4.1,pro,8,2.0,2,2
955,Document,4.1,pro,9,1.0,1,1
955,Document,4.1,pro,10,,3,3
955,Document,4.1,pro,11,1.0,1,1
955,Document,4.1,pro,12,,3,3
955,Document,4.1,pro,13,2.0,2,2
955,Document,4.1,pro,14,,3,3
955,Document,4.1,pro,15,,3,3
955,Document,4.1,pro,16,,3,3
955,Document,4.1,pro,17,1.0,1,1
955,Document,4.1,pro,18,,3,3
955,Document,4.1,pro,19,,3,3
955,Document,4.1,pro,20,,3,3
956,Document,4.1,flash,1,1.0,1,1
956,Document,4.1,flash,2,,3,3
956,Document,4.1,flash,3,1.0,1,1
956,Document,4.1,flash,4,,3,3
956,Document,4.1,flash,5,3.0,3,3
956,Document,4.1,flash,6,1.0,1,1
956,Document,4.1,flash,7,1.0,1,1
956,Document,4.1,flash,8,1.0,1,1
956,Document,4.1,flash,9,1.0,1,1
956,Document,4.1,flash,10,,3,3
956,Document,4.1,flash,11,,3,3
956,Document,4.1,flash,12,,3,3
956,Document,4.1,flash,13,,3,3
956,Document,4.1,flash,14,,3,3
956,Document,4.1,flash,15,,3,3
956,Document,4.1,flash,16,,3,3
956,Document,4.1,flash,17,2.0,2,2
956,Document,4.1,flash,18,,3,3
956,Document,4.1,flash,19,,3,3
956,Document,4.1,flash,20,,3,3
963,IntHashMap,flash,pro,1,2.0,1,8
963,IntHashMap,flash,pro,2,,0,15
963,IntHashMap,flash,pro,3,3.0,1,15
963,IntHashMap,flash,pro,4,1.0,1,1
963,IntHashMap,flash,pro,5,1.0,1,5
963,IntHashMap,flash,pro,6,2.0,1,7
963,IntHashMap,flash,pro,7,2.0,1,7
963,IntHashMap,flash,pro,8,1.0,1,3
963,IntHashMap,flash,pro,9,2.0,2,4
963,IntHashMap,flash,pro,10,1.0,1,1
963,IntHashMap,flash,pro,11,1.0,1,1
963,IntHashMap,flash,pro,12,1.0,1,1
963,IntHashMap,flash,pro,13,,1,12
963,IntHashMap,flash,pro,14,1.0,1,4
963,IntHashMap,flash,pro,15,,0,15
963,IntHashMap,flash,pro,16,1.0,1,5
963,IntHashMap,flash,pro,17,,0,15
963,IntHashMap,flash,pro,18,,0,15
963,IntHashMap,flash,pro,19,2.0,1,9
963,IntHashMap,flash,pro,20,,0,15
964,IntHashMap,flash,flash,1,1.0,1,1
964,IntHashMap,flash,flash,2,2.0,1,6
964,IntHashMap,flash,flash,3,,1,14
964,IntHashMap,flash,flash,4,3.0,1,11
964,IntHashMap,flash,flash,5,2.0,2,10
964,IntHashMap,flash,flash,6,2.0,1,10
964,IntHashMap,flash,flash,7,2.0,1,6
964,IntHashMap,flash,flash,8,1.0,1,1
964,IntHashMap,flash,flash,9,3.0,3,7
964,IntHashMap,flash,flash,10,1.0,1,3
964,IntHashMap,flash,flash,11,2.0,1,9
964,IntHashMap,flash,flash,12,1.0,1,2
964,IntHashMap,flash,flash,13,,0,15
964,IntHashMap,flash,flash,14,3.0,1,11
964,IntHashMap,flash,flash,15,1.0,1,4
964,IntHashMap,flash,flash,16,,0,15
964,IntHashMap,flash,flash,17,,0,15
964,IntHashMap,flash,flash,18,,0,15
964,IntHashMap,flash,flash,19,,0,15
964,IntHashMap,flash,flash,20,,0,15
965,IntHashMap,pro,flash,1,,0,15
965,IntHashMap,pro,flash,2,,0,15
965,IntHashMap,pro,flash,3,,0,15
965,IntHashMap,pro,flash,4,,0,15
965,IntHashMap,pro,flash,5,,0,15
965,IntHashMap,pro,flash,6,,0,15
965,IntHashMap,pro,flash,7,,0,15
965,IntHashMap,pro,flash,8,,0,15
965,IntHashMap,pro,flash,9,,0,15
965,IntHashMap,pro,flash,10,,0,15
965,IntHashMap,pro,flash,11,,0,15
965,IntHashMap,pro,flash,12,,0,15
965,IntHashMap,pro,flash,13,,0,15
965,IntHashMap,pro,flash,14,,0,15
965,IntHashMap,pro,flash,15,,0,15
965,IntHashMap,pro,flash,16,,0,15
965,IntHashMap,pro,flash,17,,0,15
965,IntHashMap,pro,flash,18,,0,15
965,IntHashMap,pro,flash,19,,0,15
965,IntHashMap,pro,flash,20,3.0,1,14
966,IntHashMap,pro,pro,1,,0,15
966,IntHashMap,pro,pro,2,,0,15
966,IntHashMap,pro,pro,3,,0,15
966,IntHashMap,pro,pro,4,,0,15
966,IntHashMap,pro,pro,5,,0,15
966,IntHashMap,pro,pro,6,,0,15
966,IntHashMap,pro,pro,7,,0,15
966,IntHashMap,pro,pro,8,,0,15
966,IntHashMap,pro,pro,9,,0,15
966,IntHashMap,pro,pro,10,,0,15
966,IntHashMap,pro,pro,11,,0,15
966,IntHashMap,pro,pro,12,,0,15
966,IntHashMap,pro,pro,13,,0,15
966,IntHashMap,pro,pro,14,,0,15
966,IntHashMap,pro,pro,15,,0,15
966,IntHashMap,pro,pro,16,,0,15
966,IntHashMap,pro,pro,17,,0,15
966,IntHashMap,pro,pro,18,,0,15
966,IntHashMap,pro,pro,19,,0,15
966,IntHashMap,pro,pro,20,,0,15
967,ByteVector,flash,haiku,1,,0,15
967,ByteVector,flash,haiku,2,,0,15
967,ByteVector,flash,haiku,3,,0,15
967,ByteVector,flash,haiku,4,,0,15
967,ByteVector,flash,haiku,5,,0,15
967,ByteVector,flash,haiku,6,,0,15
967,ByteVector,flash,haiku,7,,1,12
967,ByteVector,flash,haiku,8,,1,14
967,ByteVector,flash,haiku,9,,2,14
967,ByteVector,flash,haiku,10,,1,11
967,ByteVector,flash,haiku,11,,0,15
967,ByteVector,flash,haiku,12,,1,15
967,ByteVector,flash,haiku,13,,0,15
967,ByteVector,flash,haiku,14,,1,14
967,ByteVector,flash,haiku,15,,1,11
967,ByteVector,flash,haiku,16,,1,13
967,ByteVector,flash,haiku,17,,1,15
967,ByteVector,flash,haiku,18,,0,15
967,ByteVector,flash,haiku,19,,0,15
967,ByteVector,flash,haiku,20,,0,15
968,IntHashMap,pro,haiku,1,,0,15
968,IntHashMap,pro,haiku,2,,0,15
968,IntHashMap,pro,haiku,3,,0,15
968,IntHashMap,pro,haiku,4,,0,15
968,IntHashMap,pro,haiku,5,,0,15
968,IntHashMap,pro,haiku,6,2.0,1,10
968,IntHashMap,pro,haiku,7,,0,15
968,IntHashMap,pro,haiku,8,,0,15
968,IntHashMap,pro,haiku,9,,0,15
968,IntHashMap,pro,haiku,10,,0,15
968,IntHashMap,pro,haiku,11,2.0,1,6
968,IntHashMap,pro,haiku,12,,0,15
968,IntHashMap,pro,haiku,13,,0,15
968,IntHashMap,pro,haiku,14,,0,15
968,IntHashMap,pro,haiku,15,,0,15
968,IntHashMap,pro,haiku,16,,0,15
968,IntHashMap,pro,haiku,17,,0,15
968,IntHashMap,pro,haiku,18,,0,15
968,IntHashMap,pro,haiku,19,,0,15
968,IntHashMap,pro,haiku,20,,0,15
969,IntHashMap,pro,4.1 mini,1,1.0,1,3
969,IntHashMap,pro,4.1 mini,2,2.0,1,8
969,IntHashMap,pro,4.1 mini,3,,0,15
969,IntHashMap,pro,4.1 mini,4,3.0,1,11
969,IntHashMap,pro,4.1 mini,5,,0,15
969,IntHashMap,pro,4.1 mini,6,,0,15
969,IntHashMap,pro,4.1 mini,7,,0,15
969,IntHashMap,pro,4.1 mini,8,,0,15
969,IntHashMap,pro,4.1 mini,9,,0,15
969,IntHashMap,pro,4.1 mini,10,,0,15
969,IntHashMap,pro,4.1 mini,11,,0,15
969,IntHashMap,pro,4.1 mini,12,,0,15
969,IntHashMap,pro,4.1 mini,13,,0,15
969,IntHashMap,pro,4.1 mini,14,,0,15
969,IntHashMap,pro,4.1 mini,15,,0,15
969,IntHashMap,pro,4.1 mini,16,,0,15
969,IntHashMap,pro,4.1 mini,17,,0,15
969,IntHashMap,pro,4.1 mini,18,,0,15
969,IntHashMap,pro,4.1 mini,19,,0,15
969,IntHashMap,pro,4.1 mini,20,,0,15
970,IntHashMap,pro,sonnet,1,,0,15
970,IntHashMap,pro,sonnet,2,,0,15
970,IntHashMap,pro,sonnet,3,,0,15
970,IntHashMap,pro,sonnet,4,,0,15
970,IntHashMap,pro,sonnet,5,,0,15
970,IntHashMap,pro,sonnet,6,,0,15
970,IntHashMap,pro,sonnet,7,,0,15
970,IntHashMap,pro,sonnet,8,,0,15
970,IntHashMap,pro,sonnet,9,,0,15
970,IntHashMap,pro,sonnet,10,,0,15
970,IntHashMap,pro,sonnet,11,,0,15
970,IntHashMap,pro,sonnet,12,,0,15
970,IntHashMap,pro,sonnet,13,1.0,1,3
970,IntHashMap,pro,sonnet,14,,0,15
970,IntHashMap,pro,sonnet,15,,0,15
970,IntHashMap,pro,sonnet,16,,0,15
970,IntHashMap,pro,sonnet,17,,0,15
970,IntHashMap,pro,sonnet,18,,0,15
970,IntHashMap,pro,sonnet,19,,0,15
970,IntHashMap,pro,sonnet,20,,0,15
971,SparseIntArray,pro,4.1 mini,1,,0,15
971,SparseIntArray,pro,4.1 mini,2,,0,15
971,SparseIntArray,pro,4.1 mini,3,,0,15
971,SparseIntArray,pro,4.1 mini,4,,0,15
971,SparseIntArray,pro,4.1 mini,5,,0,15
971,SparseIntArray,pro,4.1 mini,6,,0,15
971,SparseIntArray,pro,4.1 mini,7,,0,15
971,SparseIntArray,pro,4.1 mini,8,,0,15
971,SparseIntArray,pro,4.1 mini,9,,0,15
971,SparseIntArray,pro,4.1 mini,10,,0,15
971,SparseIntArray,pro,4.1 mini,11,,0,15
971,SparseIntArray,pro,4.1 mini,12,,0,15
971,SparseIntArray,pro,4.1 mini,13,,0,15
971,SparseIntArray,pro,4.1 mini,14,,0,15
971,SparseIntArray,pro,4.1 mini,15,,0,15
971,SparseIntArray,pro,4.1 mini,16,,0,15
971,SparseIntArray,pro,4.1 mini,17,,0,15
971,SparseIntArray,pro,4.1 mini,18,,0,15
971,SparseIntArray,pro,4.1 mini,19,,0,15
971,SparseIntArray,pro,4.1 mini,20,,0,15
972,IntHashMap,pro,4.1,1,,0,15
972,IntHashMap,pro,4.1,2,,0,15
972,IntHashMap,pro,4.1,3,,0,15
972,IntHashMap,pro,4.1,4,,0,15
972,IntHashMap,pro,4.1,5,,0,15
972,IntHashMap,pro,4.1,6,,0,15
972,IntHashMap,pro,4.1,7,,0,15
972,IntHashMap,pro,4.1,8,,0,15
972,IntHashMap,pro,4.1,9,,0,15
972,IntHashMap,pro,4.1,10,,0,15
972,IntHashMap,pro,4.1,11,,0,15
972,IntHashMap,pro,4.1,12,,0,15
972,IntHashMap,pro,4.1,13,,0,15
972,IntHashMap,pro,4.1,14,,0,15
972,IntHashMap,pro,4.1,15,,0,15
972,IntHashMap,pro,4.1,16,,0,15
972,IntHashMap,pro,4.1,17,,0,15
972,IntHashMap,pro,4.1,18,1.0,1,2
972,IntHashMap,pro,4.1,19,1.0,1,2
972,IntHashMap,pro,4.1,20,,0,15
973,ByteVector,flash,sonnet,1,,0,15
973,ByteVector,flash,sonnet,2,,0,15
973,ByteVector,flash,sonnet,3,,0,15
973,ByteVector,flash,sonnet,4,,0,15
973,ByteVector,flash,sonnet,5,,1,12
973,ByteVector,flash,sonnet,6,,0,15
973,ByteVector,flash,sonnet,7,,1,13
973,ByteVector,flash,sonnet,8,,2,12
973,ByteVector,flash,sonnet,9,,1,15
973,ByteVector,flash,sonnet,10,,0,15
973,ByteVector,flash,sonnet,11,,0,15
973,ByteVector,flash,sonnet,12,,0,15
973,ByteVector,flash,sonnet,13,,0,15
973,ByteVector,flash,sonnet,14,,1,13
973,ByteVector,flash,sonnet,15,,0,15
973,ByteVector,flash,sonnet,16,,0,15
973,ByteVector,flash,sonnet,17,,0,15
973,ByteVector,flash,sonnet,18,,0,15
973,ByteVector,flash,sonnet,19,,0,15
973,ByteVector,flash,sonnet,20,,1,15
974,ByteVector,flash,4.1 mini,1,,0,15
974,ByteVector,flash,4.1 mini,2,,0,15
974,ByteVector,flash,4.1 mini,3,,0,15
974,ByteVector,flash,4.1 mini,4,,0,15
974,ByteVector,flash,4.1 mini,5,,0,15
974,ByteVector,flash,4.1 mini,6,,0,15
974,ByteVector,flash,4.1 mini,7,,1,11
974,ByteVector,flash,4.1 mini,8,,2,9
974,ByteVector,flash,4.1 mini,9,,1,13
974,ByteVector,flash,4.1 mini,10,,0,15
974,ByteVector,flash,4.1 mini,11,,0,15
974,ByteVector,flash,4.1 mini,12,,0,15
974,ByteVector,flash,4.1 mini,13,,1,13
974,ByteVector,flash,4.1 mini,14,,1,12
974,ByteVector,flash,4.1 mini,15,,0,15
974,ByteVector,flash,4.1 mini,16,,1,12
974,ByteVector,flash,4.1 mini,17,,0,15
974,ByteVector,flash,4.1 mini,18,,1,14
974,ByteVector,flash,4.1 mini,19,,0,15
974,ByteVector,flash,4.1 mini,20,,0,15
975,ByteVector,flash,4.1,1,,0,15
975,ByteVector,flash,4.1,2,,1,14
975,ByteVector,flash,4.1,3,,0,15
975,ByteVector,flash,4.1,4,,0,15
975,ByteVector,flash,4.1,5,,0,15
975,ByteVector,flash,4.1,6,,0,15
975,ByteVector,flash,4.1,7,,1,15
975,ByteVector,flash,4.1,8,,1,14
975,ByteVector,flash,4.1,9,,1,13
975,ByteVector,flash,4.1,10,,0,15
975,ByteVector,flash,4.1,11,,1,15
975,ByteVector,flash,4.1,12,,0,15
975,ByteVector,flash,4.1,13,,0,15
975,ByteVector,flash,4.1,14,,0,15
975,ByteVector,flash,4.1,15,,0,15
975,ByteVector,flash,4.1,16,,1,12
975,ByteVector,flash,4.1,17,,1,14
975,ByteVector,flash,4.1,18,,1,13
975,ByteVector,flash,4.1,19,,1,13
975,ByteVector,flash,4.1,20,,0,15
976,ByteVector,flash,flash,1,,0,15
976,ByteVector,flash,flash,2,,1,15
976,ByteVector,flash,flash,3,,1,11
976,ByteVector,flash,flash,4,,0,15
976,ByteVector,flash,flash,5,,1,11
976,ByteVector,flash,flash,6,,2,10
976,ByteVector,flash,flash,7,,0,15
976,ByteVector,flash,flash,8,,0,15
976,ByteVector,flash,flash,9,,0,15
976,ByteVector,flash,flash,10,,1,13
976,ByteVector,flash,flash,11,,0,15
976,ByteVector,flash,flash,12,,1,12
976,ByteVector,flash,flash,13,,1,14
976,ByteVector,flash,flash,14,,3,7
976,ByteVector,flash,flash,15,,0,15
976,ByteVector,flash,flash,16,,1,15
976,ByteVector,flash,flash,17,,0,15
976,ByteVector,flash,flash,18,,2,14
976,ByteVector,flash,flash,19,,0,15
976,ByteVector,flash,flash,20,,0,15
977,ByteVector,flash,pro,1,,0,15
977,ByteVector,flash,pro,2,,0,15
977,ByteVector,flash,pro,3,,0,15
977,ByteVector,flash,pro,4,,0,15
977,ByteVector,flash,pro,5,,1,14
977,ByteVector,flash,pro,6,,0,15
977,ByteVector,flash,pro,7,,0,15
977,ByteVector,flash,pro,8,,1,11
977,ByteVector,flash,pro,9,,1,15
977,ByteVector,flash,pro,10,,1,11
977,ByteVector,flash,pro,11,,1,11
977,ByteVector,flash,pro,12,,1,14
977,ByteVector,flash,pro,13,,0,15
977,ByteVector,flash,pro,14,,0,15
977,ByteVector,flash,pro,15,,2,9
977,ByteVector,flash,pro,16,,0,15
977,ByteVector,flash,pro,17,,1,12
977,ByteVector,flash,pro,18,,1,15
977,ByteVector,flash,pro,19,,0,15
977,ByteVector,flash,pro,20,,2,13
983,ByteVector,pro,pro,1,,0,15
983,ByteVector,pro,pro,2,,0,15
983,ByteVector,pro,pro,3,,0,15
983,ByteVector,pro,pro,4,,0,15
983,ByteVector,pro,pro,5,,0,15
983,ByteVector,pro,pro,6,,0,15
983,ByteVector,pro,pro,7,,1,14
983,ByteVector,pro,pro,8,,3,7
983,ByteVector,pro,pro,9,,0,15
983,ByteVector,pro,pro,10,,0,15
983,ByteVector,pro,pro,11,,0,15
983,ByteVector,pro,pro,12,,0,15
983,ByteVector,pro,pro,13,,0,15
983,ByteVector,pro,pro,14,,0,15
983,ByteVector,pro,pro,15,,0,15
983,ByteVector,pro,pro,16,,0,15
983,ByteVector,pro,pro,17,,0,15
983,ByteVector,pro,pro,18,,1,14
983,ByteVector,pro,pro,19,,1,12
983,ByteVector,pro,pro,20,,0,15
984,ByteVector,pro,flash,1,,0,15
984,ByteVector,pro,flash,2,,0,15
984,ByteVector,pro,flash,3,,0,15
984,ByteVector,pro,flash,4,,0,15
984,ByteVector,pro,flash,5,,0,15
984,ByteVector,pro,flash,6,,0,15
984,ByteVector,pro,flash,7,,0,15
984,ByteVector,pro,flash,8,,1,12
984,ByteVector,pro,flash,9,,0,15
984,ByteVector,pro,flash,10,,0,15
984,ByteVector,pro,flash,11,,0,15
984,ByteVector,pro,flash,12,,1,15
984,ByteVector,pro,flash,13,,1,13
984,ByteVector,pro,flash,14,,0,15
984,ByteVector,pro,flash,15,,1,15
984,ByteVector,pro,flash,16,,0,15
984,ByteVector,pro,flash,17,,0,15
984,ByteVector,pro,flash,18,,0,15
984,ByteVector,pro,flash,19,,0,15
984,ByteVector,pro,flash,20,,0,15
985,CharRange,flash,flash,1,1.0,1,1
985,CharRange,flash,flash,2,2.0,1,9
985,CharRange,flash,flash,3,1.0,1,3
985,CharRange,flash,flash,4,1.0,1,2
985,CharRange,flash,flash,5,1.0,1,1
985,CharRange,flash,flash,6,,3,5
985,CharRange,flash,flash,7,,3,11
985,CharRange,flash,flash,8,2.0,2,3
985,CharRange,flash,flash,9,2.0,2,2
985,CharRange,flash,flash,10,,3,10
985,CharRange,flash,flash,11,,3,6
985,CharRange,flash,flash,12,1.0,1,1
985,CharRange,flash,flash,13,,3,4
985,CharRange,flash,flash,14,1.0,1,1
985,CharRange,flash,flash,15,,3,6
985,CharRange,flash,flash,16,,3,7
985,CharRange,flash,flash,17,2.0,2,7
985,CharRange,flash,flash,18,,3,3
985,CharRange,flash,flash,19,,2,10
985,CharRange,flash,flash,20,,3,5
986,CharRange,flash,pro,1,1.0,1,1
986,CharRange,flash,pro,2,1.0,1,1
986,CharRange,flash,pro,3,3.0,3,4
986,CharRange,flash,pro,4,1.0,1,2
986,CharRange,flash,pro,5,1.0,1,1
986,CharRange,flash,pro,6,1.0,1,1
986,CharRange,flash,pro,7,,3,3
986,CharRange,flash,pro,8,,2,8
986,CharRange,flash,pro,9,1.0,1,2
986,CharRange,flash,pro,10,3.0,3,7
986,CharRange,flash,pro,11,3.0,3,5
986,CharRange,flash,pro,12,,3,3
986,CharRange,flash,pro,13,3.0,3,5
986,CharRange,flash,pro,14,1.0,1,2
986,CharRange,flash,pro,15,,3,7
986,CharRange,flash,pro,16,,3,4
986,CharRange,flash,pro,17,,3,4
986,CharRange,flash,pro,18,3.0,3,5
986,CharRange,flash,pro,19,,3,7
986,CharRange,flash,pro,20,,3,3
987,CharRange,flash,4.1 mini,1,1.0,1,3
987,CharRange,flash,4.1 mini,2,1.0,1,3
987,CharRange,flash,4.1 mini,3,1.0,1,3
987,CharRange,flash,4.1 mini,4,1.0,1,1
987,CharRange,flash,4.1 mini,5,1.0,1,3
987,CharRange,flash,4.1 mini,6,,3,8
987,CharRange,flash,4.1 mini,7,2.0,2,4
987,CharRange,flash,4.1 mini,8,3.0,3,8
987,CharRange,flash,4.1 mini,9,2.0,2,4
987,CharRange,flash,4.1 mini,10,,3,6
987,CharRange,flash,4.1 mini,11,,3,6
987,CharRange,flash,4.1 mini,12,,3,9
987,CharRange,flash,4.1 mini,13,2.0,1,6
987,CharRange,flash,4.1 mini,14,3.0,3,6
987,CharRange,flash,4.1 mini,15,,3,9
987,CharRange,flash,4.1 mini,16,,3,9
987,CharRange,flash,4.1 mini,17,,3,5
987,CharRange,flash,4.1 mini,18,,3,5
987,CharRange,flash,4.1 mini,19,1.0,1,2
987,CharRange,flash,4.1 mini,20,,3,8
988,CharRange,flash,4.1,1,1.0,1,2
988,CharRange,flash,4.1,2,1.0,1,1
988,CharRange,flash,4.1,3,,3,7
988,CharRange,flash,4.1,4,,2,8
988,CharRange,flash,4.1,5,1.0,1,4
988,CharRange,flash,4.1,6,1.0,1,2
988,CharRange,flash,4.1,7,3.0,3,6
988,CharRange,flash,4.1,8,3.0,3,3
988,CharRange,flash,4.1,9,1.0,1,2
988,CharRange,flash,4.1,10,2.0,2,3
988,CharRange,flash,4.1,11,,3,3
988,CharRange,flash,4.1,12,,3,4
988,CharRange,flash,4.1,13,,3,6
988,CharRange,flash,4.1,14,,3,8
988,CharRange,flash,4.1,15,,3,10
988,CharRange,flash,4.1,16,,3,4
988,CharRange,flash,4.1,17,,2,11
988,CharRange,flash,4.1,18,,3,7
988,CharRange,flash,4.1,19,1.0,1,2
988,CharRange,flash,4.1,20,1.0,1,2
989,ByteVector,pro,4.1 mini,1,,0,15
989,ByteVector,pro,4.1 mini,2,,1,15
989,ByteVector,pro,4.1 mini,3,,1,12
989,ByteVector,pro,4.1 mini,4,,1,15
989,ByteVector,pro,4.1 mini,5,,0,15
989,ByteVector,pro,4.1 mini,6,,1,12
989,ByteVector,pro,4.1 mini,7,,0,15
989,ByteVector,pro,4.1 mini,8,,0,15
989,ByteVector,pro,4.1 mini,9,,0,15
989,ByteVector,pro,4.1 mini,10,,0,15
989,ByteVector,pro,4.1 mini,11,,1,15
989,ByteVector,pro,4.1 mini,12,,0,15
989,ByteVector,pro,4.1 mini,13,,0,15
989,ByteVector,pro,4.1 mini,14,,0,15
989,ByteVector,pro,4.1 mini,15,,1,13
989,ByteVector,pro,4.1 mini,16,,1,13
989,ByteVector,pro,4.1 mini,17,,0,15
989,ByteVector,pro,4.1 mini,18,,1,12
989,ByteVector,pro,4.1 mini,19,,0,15
989,ByteVector,pro,4.1 mini,20,,0,15
990,ByteVector,pro,sonnet,1,,0,15
990,ByteVector,pro,sonnet,2,,0,15
990,ByteVector,pro,sonnet,3,,0,15
990,ByteVector,pro,sonnet,4,,0,15
990,ByteVector,pro,sonnet,5,,0,15
990,ByteVector,pro,sonnet,6,,1,11
990,ByteVector,pro,sonnet,7,,0,15
990,ByteVector,pro,sonnet,8,,1,14
990,ByteVector,pro,sonnet,9,,0,15
990,ByteVector,pro,sonnet,10,,0,15
990,ByteVector,pro,sonnet,11,,0,15
990,ByteVector,pro,sonnet,12,,0,15
990,ByteVector,pro,sonnet,13,,1,11
990,ByteVector,pro,sonnet,14,,1,15
990,ByteVector,pro,sonnet,15,,0,15
990,ByteVector,pro,sonnet,16,,0,15
990,ByteVector,pro,sonnet,17,,0,15
990,ByteVector,pro,sonnet,18,,0,15
990,ByteVector,pro,sonnet,19,,1,13
990,ByteVector,pro,sonnet,20,,0,15
991,CharRange,pro,haiku,1,1.0,1,2
991,CharRange,pro,haiku,2,1.0,1,1
991,CharRange,pro,haiku,3,1.0,1,3
991,CharRange,pro,haiku,4,,3,6
991,CharRange,pro,haiku,5,2.0,2,5
991,CharRange,pro,haiku,6,,2,10
991,CharRange,pro,haiku,7,1.0,1,1
991,CharRange,pro,haiku,8,,3,6
991,CharRange,pro,haiku,9,2.0,2,2
991,CharRange,pro,haiku,10,,3,3
991,CharRange,pro,haiku,11,,3,4
991,CharRange,pro,haiku,12,1.0,1,5
991,CharRange,pro,haiku,13,2.0,2,2
991,CharRange,pro,haiku,14,3.0,3,8
991,CharRange,pro,haiku,15,,3,4
991,CharRange,pro,haiku,16,,3,6
991,CharRange,pro,haiku,17,1.0,1,4
991,CharRange,pro,haiku,18,,1,12
991,CharRange,pro,haiku,19,2.0,2,5
991,CharRange,pro,haiku,20,,3,7
993,CharRange,pro,4.1 mini,1,1.0,1,1
993,CharRange,pro,4.1 mini,2,1.0,1,3
993,CharRange,pro,4.1 mini,3,1.0,1,1
993,CharRange,pro,4.1 mini,4,2.0,2,6
993,CharRange,pro,4.1 mini,5,1.0,1,1
993,CharRange,pro,4.1 mini,6,2.0,2,4
993,CharRange,pro,4.1 mini,7,1.0,1,2
993,CharRange,pro,4.1 mini,8,,3,4
993,CharRange,pro,4.1 mini,9,,3,4
993,CharRange,pro,4.1 mini,10,3.0,3,6
993,CharRange,pro,4.1 mini,11,,3,8
993,CharRange,pro,4.1 mini,12,,2,9
993,CharRange,pro,4.1 mini,13,,3,9
993,CharRange,pro,4.1 mini,14,2.0,2,3
993,CharRange,pro,4.1 mini,15,,3,7
993,CharRange,pro,4.1 mini,16,,3,6
993,CharRange,pro,4.1 mini,17,,3,12
993,CharRange,pro,4.1 mini,18,,2,8
993,CharRange,pro,4.1 mini,19,,3,7
993,CharRange,pro,4.1 mini,20,,3,5
994,ByteVector,pro,4.1,1,,0,15
994,ByteVector,pro,4.1,2,,0,15
994,ByteVector,pro,4.1,3,,0,15
994,ByteVector,pro,4.1,4,,1,12
994,ByteVector,pro,4.1,5,,1,14
994,ByteVector,pro,4.1,6,,0,15
994,ByteVector,pro,4.1,7,,0,15
994,ByteVector,pro,4.1,8,,1,12
994,ByteVector,pro,4.1,9,,1,11
994,ByteVector,pro,4.1,10,,0,15
994,ByteVector,pro,4.1,11,,0,15
994,ByteVector,pro,4.1,12,,0,15
994,ByteVector,pro,4.1,13,,1,12
994,ByteVector,pro,4.1,14,,1,11
994,ByteVector,pro,4.1,15,,0,15
994,ByteVector,pro,4.1,16,,0,15
994,ByteVector,pro,4.1,17,,1,13
994,ByteVector,pro,4.1,18,,0,15
994,ByteVector,pro,4.1,19,,1,13
994,ByteVector,pro,4.1,20,,0,15
995,CharRange,pro,sonnet,1,1.0,1,1
995,CharRange,pro,sonnet,2,2.0,1,6
995,CharRange,pro,sonnet,3,1.0,1,4
995,CharRange,pro,sonnet,4,3.0,2,8
995,CharRange,pro,sonnet,5,1.0,1,4
995,CharRange,pro,sonnet,6,1.0,1,2
995,CharRange,pro,sonnet,7,1.0,1,2
995,CharRange,pro,sonnet,8,,3,3
995,CharRange,pro,sonnet,9,,3,7
995,CharRange,pro,sonnet,10,,3,9
995,CharRange,pro,sonnet,11,,3,4
995,CharRange,pro,sonnet,12,,3,5
995,CharRange,pro,sonnet,13,,3,4
995,CharRange,pro,sonnet,14,,3,4
995,CharRange,pro,sonnet,15,,3,6
995,CharRange,pro,sonnet,16,,3,4
995,CharRange,pro,sonnet,17,,3,6
995,CharRange,pro,sonnet,18,,3,8
995,CharRange,pro,sonnet,19,2.0,2,7
995,CharRange,pro,sonnet,20,2.0,2,6
996,ByteVector,pro,haiku,1,,0,15
996,ByteVector,pro,haiku,2,,0,15
996,ByteVector,pro,haiku,3,,1,11
996,ByteVector,pro,haiku,4,,0,15
996,ByteVector,pro,haiku,5,,0,15
996,ByteVector,pro,haiku,6,,0,15
996,ByteVector,pro,haiku,7,,0,15
996,ByteVector,pro,haiku,8,,0,15
996,ByteVector,pro,haiku,9,,1,14
996,ByteVector,pro,haiku,10,,0,15
996,ByteVector,pro,haiku,11,,1,15
996,ByteVector,pro,haiku,12,,1,14
996,ByteVector,pro,haiku,13,,0,15
996,ByteVector,pro,haiku,14,,0,15
996,ByteVector,pro,haiku,15,,0,15
996,ByteVector,pro,haiku,16,,0,15
996,ByteVector,pro,haiku,17,,0,15
996,ByteVector,pro,haiku,18,,0,15
996,ByteVector,pro,haiku,19,,0,15
996,ByteVector,pro,haiku,20,,1,11
997,CharRange,flash,haiku,1,1.0,1,1
997,CharRange,flash,haiku,2,1.0,1,1
997,CharRange,flash,haiku,3,1.0,1,2
997,CharRange,flash,haiku,4,2.0,2,4
997,CharRange,flash,haiku,5,3.0,3,5
997,CharRange,flash,haiku,6,3.0,3,7
997,CharRange,flash,haiku,7,1.0,1,1
997,CharRange,flash,haiku,8,,2,8
997,CharRange,flash,haiku,9,3.0,3,7
997,CharRange,flash,haiku,10,2.0,2,3
997,CharRange,flash,haiku,11,,3,7
997,CharRange,flash,haiku,12,1.0,1,2
997,CharRange,flash,haiku,13,3.0,3,4
997,CharRange,flash,haiku,14,,3,6
997,CharRange,flash,haiku,15,,2,8
997,CharRange,flash,haiku,16,3.0,3,5
997,CharRange,flash,haiku,17,,3,4
997,CharRange,flash,haiku,18,1.0,1,1
997,CharRange,flash,haiku,19,,3,6
997,CharRange,flash,haiku,20,,3,10
998,CharRange,pro,4.1,1,1.0,1,2
998,CharRange,pro,4.1,2,1.0,1,3
998,CharRange,pro,4.1,3,1.0,1,1
998,CharRange,pro,4.1,4,2.0,2,3
998,CharRange,pro,4.1,5,,2,9
998,CharRange,pro,4.1,6,3.0,3,8
998,CharRange,pro,4.1,7,1.0,1,1
998,CharRange,pro,4.1,8,1.0,1,2
998,CharRange,pro,4.1,9,,3,11
998,CharRange,pro,4.1,10,,2,9
998,CharRange,pro,4.1,11,,3,6
998,CharRange,pro,4.1,12,,3,6
998,CharRange,pro,4.1,13,1.0,1,1
998,CharRange,pro,4.1,14,,3,4
998,CharRange,pro,4.1,15,,3,4
998,CharRange,pro,4.1,16,,2,10
998,CharRange,pro,4.1,17,,3,7
998,CharRange,pro,4.1,18,,3,5
998,CharRange,pro,4.1,19,,3,5
998,CharRange,pro,4.1,20,,3,9
999,CharRange,pro,flash,1,3.0,1,11
999,CharRange,pro,flash,2,2.0,2,3
999,CharRange,pro,flash,3,1.0,1,2
999,CharRange,pro,flash,4,,3,6
999,CharRange,pro,flash,5,2.0,2,4
999,CharRange,pro,flash,6,2.0,2,5
999,CharRange,pro,flash,7,1.0,1,1
999,CharRange,pro,flash,8,2.0,2,6
999,CharRange,pro,flash,9,,2,8
999,CharRange,pro,flash,10,,2,10
999,CharRange,pro,flash,11,,3,9
999,CharRange,pro,flash,12,,3,7
999,CharRange,pro,flash,13,,3,7
999,CharRange,pro,flash,14,,3,7
999,CharRange,pro,flash,15,,3,3
999,CharRange,pro,flash,16,,3,10
999,CharRange,pro,flash,17,,3,6
999,CharRange,pro,flash,18,,2,9
999,CharRange,pro,flash,19,,3,4
999,CharRange,pro,flash,20,,1,11
1000,CharRange,pro,pro,1,2.0,1,6
1000,CharRange,pro,pro,2,1.0,1,1
1000,CharRange,pro,pro,3,1.0,1,2
1000,CharRange,pro,pro,4,1.0,1,1
1000,CharRange,pro,pro,5,1.0,1,3
1000,CharRange,pro,pro,6,,2,7
1000,CharRange,pro,pro,7,,2,11
1000,CharRange,pro,pro,8,2.0,2,3
1000,CharRange,pro,pro,9,2.0,2,3
1000,CharRange,pro,pro,10,2.0,1,6
1000,CharRange,pro,pro,11,,3,7
1000,CharRange,pro,pro,12,,3,6
1000,CharRange,pro,pro,13,,3,7
1000,CharRange,pro,pro,14,,3,6
1000,CharRange,pro,pro,15,1.0,1,3
1000,CharRange,pro,pro,16,,3,5
1000,CharRange,pro,pro,17,,3,4
1000,CharRange,pro,pro,18,,3,10
1000,CharRange,pro,pro,19,3.0,3,6
1000,CharRange,pro,pro,20,,3,5
1001,CaseInsensitiveString,flash,haiku,1,1.0,1,2
1001,CaseInsensitiveString,flash,haiku,2,1.0,1,2
1001,CaseInsensitiveString,flash,haiku,3,1.0,1,3
1001,CaseInsensitiveString,flash,haiku,4,1.0,1,1
1001,CaseInsensitiveString,flash,haiku,5,2.0,1,7
1001,CaseInsensitiveString,flash,haiku,6,1.0,1,1
1001,CaseInsensitiveString,flash,haiku,7,1.0,1,4
1001,CaseInsensitiveString,flash,haiku,8,1.0,1,1
1001,CaseInsensitiveString,flash,haiku,9,1.0,1,2
1001,CaseInsensitiveString,flash,haiku,10,1.0,1,2
1001,CaseInsensitiveString,flash,haiku,11,1.0,1,1
1001,CaseInsensitiveString,flash,haiku,12,3.0,2,11
1001,CaseInsensitiveString,flash,haiku,13,1.0,1,1
1001,CaseInsensitiveString,flash,haiku,14,1.0,1,3
1001,CaseInsensitiveString,flash,haiku,15,1.0,1,1
1001,CaseInsensitiveString,flash,haiku,16,1.0,1,5
1001,CaseInsensitiveString,flash,haiku,17,1.0,1,1
1001,CaseInsensitiveString,flash,haiku,18,2.0,2,6
1001,CaseInsensitiveString,flash,haiku,19,1.0,1,2
1001,CaseInsensitiveString,flash,haiku,20,,1,11
1002,CaseInsensitiveString,flash,sonnet,1,1.0,1,1
1002,CaseInsensitiveString,flash,sonnet,2,1.0,1,1
1002,CaseInsensitiveString,flash,sonnet,3,1.0,1,2
1002,CaseInsensitiveString,flash,sonnet,4,1.0,1,1
1002,CaseInsensitiveString,flash,sonnet,5,1.0,1,1
1002,CaseInsensitiveString,flash,sonnet,6,1.0,1,1
1002,CaseInsensitiveString,flash,sonnet,7,1.0,1,2
1002,CaseInsensitiveString,flash,sonnet,8,3.0,3,3
1002,CaseInsensitiveString,flash,sonnet,9,1.0,1,2
1002,CaseInsensitiveString,flash,sonnet,10,1.0,1,2
1002,CaseInsensitiveString,flash,sonnet,11,1.0,1,5
1002,CaseInsensitiveString,flash,sonnet,12,2.0,1,7
1002,CaseInsensitiveString,flash,sonnet,13,1.0,1,1
1002,CaseInsensitiveString,flash,sonnet,14,1.0,1,2
1002,CaseInsensitiveString,flash,sonnet,15,1.0,1,3
1002,CaseInsensitiveString,flash,sonnet,16,1.0,1,1
1002,CaseInsensitiveString,flash,sonnet,17,1.0,1,1
1002,CaseInsensitiveString,flash,sonnet,18,1.0,1,1
1002,CaseInsensitiveString,flash,sonnet,19,3.0,3,8
1002,CaseInsensitiveString,flash,sonnet,20,1.0,1,2
1003,CaseInsensitiveString,flash,4.1 mini,1,1.0,1,2
1003,CaseInsensitiveString,flash,4.1 mini,2,1.0,1,1
1003,CaseInsensitiveString,flash,4.1 mini,3,1.0,1,4
1003,CaseInsensitiveString,flash,4.1 mini,4,1.0,1,1
1003,CaseInsensitiveString,flash,4.1 mini,5,1.0,1,2
1003,CaseInsensitiveString,flash,4.1 mini,6,1.0,1,4
1003,CaseInsensitiveString,flash,4.1 mini,7,1.0,1,1
1003,CaseInsensitiveString,flash,4.1 mini,8,1.0,1,1
1003,CaseInsensitiveString,flash,4.1 mini,9,1.0,1,1
1003,CaseInsensitiveString,flash,4.1 mini,10,3.0,3,4
1003,CaseInsensitiveString,flash,4.1 mini,11,2.0,2,4
1003,CaseInsensitiveString,flash,4.1 mini,12,1.0,1,2
1003,CaseInsensitiveString,flash,4.1 mini,13,1.0,1,2
1003,CaseInsensitiveString,flash,4.1 mini,14,1.0,1,1
1003,CaseInsensitiveString,flash,4.1 mini,15,1.0,1,5
1003,CaseInsensitiveString,flash,4.1 mini,16,1.0,1,1
1003,CaseInsensitiveString,flash,4.1 mini,17,,2,8
1003,CaseInsensitiveString,flash,4.1 mini,18,3.0,2,7
1003,CaseInsensitiveString,flash,4.1 mini,19,1.0,1,3
1003,CaseInsensitiveString,flash,4.1 mini,20,3.0,2,10
1004,CaseInsensitiveString,flash,4.1,1,1.0,1,1
1004,CaseInsensitiveString,flash,4.1,2,1.0,1,2
1004,CaseInsensitiveString,flash,4.1,3,1.0,1,1
1004,CaseInsensitiveString,flash,4.1,4,1.0,1,1
1004,CaseInsensitiveString,flash,4.1,5,2.0,2,2
1004,CaseInsensitiveString,flash,4.1,6,1.0,1,1
1004,CaseInsensitiveString,flash,4.1,7,1.0,1,2
1004,CaseInsensitiveString,flash,4.1,8,3.0,3,5
1004,CaseInsensitiveString,flash,4.1,9,2.0,1,7
1004,CaseInsensitiveString,flash,4.1,10,2.0,2,4
1004,CaseInsensitiveString,flash,4.1,11,1.0,1,2
1004,CaseInsensitiveString,flash,4.1,12,2.0,1,6
1004,CaseInsensitiveString,flash,4.1,13,1.0,1,4
1004,CaseInsensitiveString,flash,4.1,14,1.0,1,5
1004,CaseInsensitiveString,flash,4.1,15,1.0,1,5
1004,CaseInsensitiveString,flash,4.1,16,1.0,1,1
1004,CaseInsensitiveString,flash,4.1,17,2.0,2,6
1004,CaseInsensitiveString,flash,4.1,18,1.0,1,1
1004,CaseInsensitiveString,flash,4.1,19,2.0,2,4
1004,CaseInsensitiveString,flash,4.1,20,1.0,1,1
1005,CaseInsensitiveString,flash,flash,1,1.0,1,1
1005,CaseInsensitiveString,flash,flash,2,1.0,1,1
1005,CaseInsensitiveString,flash,flash,3,1.0,1,3
1005,CaseInsensitiveString,flash,flash,4,1.0,1,2
1005,CaseInsensitiveString,flash,flash,5,1.0,1,2
1005,CaseInsensitiveString,flash,flash,6,1.0,1,1
1005,CaseInsensitiveString,flash,flash,7,,3,7
1005,CaseInsensitiveString,flash,flash,8,1.0,1,1
1005,CaseInsensitiveString,flash,flash,9,1.0,1,1
1005,CaseInsensitiveString,flash,flash,10,2.0,1,6
1005,CaseInsensitiveString,flash,flash,11,2.0,2,2
1005,CaseInsensitiveString,flash,flash,12,2.0,1,6
1005,CaseInsensitiveString,flash,flash,13,1.0,1,2
1005,CaseInsensitiveString,flash,flash,14,2.0,1,10
1005,CaseInsensitiveString,flash,flash,15,,1,13
1005,CaseInsensitiveString,flash,flash,16,1.0,1,3
1005,CaseInsensitiveString,flash,flash,17,1.0,1,1
1005,CaseInsensitiveString,flash,flash,18,2.0,2,4
1005,CaseInsensitiveString,flash,flash,19,3.0,2,14
1005,CaseInsensitiveString,flash,flash,20,1.0,1,2
1006,CaseInsensitiveString,flash,pro,1,1.0,1,2
1006,CaseInsensitiveString,flash,pro,2,1.0,1,1
1006,CaseInsensitiveString,flash,pro,3,1.0,1,5
1006,CaseInsensitiveString,flash,pro,4,1.0,1,2
1006,CaseInsensitiveString,flash,pro,5,2.0,2,2
1006,CaseInsensitiveString,flash,pro,6,1.0,1,2
1006,CaseInsensitiveString,flash,pro,7,1.0,1,1
1006,CaseInsensitiveString,flash,pro,8,1.0,1,3
1006,CaseInsensitiveString,flash,pro,9,1.0,1,1
1006,CaseInsensitiveString,flash,pro,10,3.0,3,8
1006,CaseInsensitiveString,flash,pro,11,3.0,3,7
1006,CaseInsensitiveString,flash,pro,12,1.0,1,1
1006,CaseInsensitiveString,flash,pro,13,,2,8
1006,CaseInsensitiveString,flash,pro,14,1.0,1,2
1006,CaseInsensitiveString,flash,pro,15,1.0,1,1
1006,CaseInsensitiveString,flash,pro,16,,2,13
1006,CaseInsensitiveString,flash,pro,17,3.0,3,9
1006,CaseInsensitiveString,flash,pro,18,1.0,1,2
1006,CaseInsensitiveString,flash,pro,19,,1,14
1006,CaseInsensitiveString,flash,pro,20,1.0,1,4
1007,CaseInsensitiveString,pro,haiku,1,1.0,1,1
1007,CaseInsensitiveString,pro,haiku,2,1.0,1,1
1007,CaseInsensitiveString,pro,haiku,3,1.0,1,1
1007,CaseInsensitiveString,pro,haiku,4,3.0,3,3
1007,CaseInsensitiveString,pro,haiku,5,1.0,1,2
1007,CaseInsensitiveString,pro,haiku,6,1.0,1,2
1007,CaseInsensitiveString,pro,haiku,7,1.0,1,1
1007,CaseInsensitiveString,pro,haiku,8,1.0,1,1
1007,CaseInsensitiveString,pro,haiku,9,2.0,1,10
1007,CaseInsensitiveString,pro,haiku,10,2.0,1,8
1007,CaseInsensitiveString,pro,haiku,11,,1,13
1007,CaseInsensitiveString,pro,haiku,12,,1,11
1007,CaseInsensitiveString,pro,haiku,13,2.0,2,6
1007,CaseInsensitiveString,pro,haiku,14,1.0,1,3
1007,CaseInsensitiveString,pro,haiku,15,,0,15
1007,CaseInsensitiveString,pro,haiku,16,2.0,1,9
1007,CaseInsensitiveString,pro,haiku,17,,0,15
1007,CaseInsensitiveString,pro,haiku,18,3.0,2,8
1007,CaseInsensitiveString,pro,haiku,19,1.0,1,3
1007,CaseInsensitiveString,pro,haiku,20,,0,15
1008,CaseInsensitiveString,pro,sonnet,1,1.0,1,5
1008,CaseInsensitiveString,pro,sonnet,2,1.0,1,3
1008,CaseInsensitiveString,pro,sonnet,3,1.0,1,1
1008,CaseInsensitiveString,pro,sonnet,4,1.0,1,1
1008,CaseInsensitiveString,pro,sonnet,5,1.0,1,1
1008,CaseInsensitiveString,pro,sonnet,6,1.0,1,1
1008,CaseInsensitiveString,pro,sonnet,7,1.0,1,2
1008,CaseInsensitiveString,pro,sonnet,8,1.0,1,1
1008,CaseInsensitiveString,pro,sonnet,9,1.0,1,2
1008,CaseInsensitiveString,pro,sonnet,10,,0,15
1008,CaseInsensitiveString,pro,sonnet,11,,0,15
1008,CaseInsensitiveString,pro,sonnet,12,2.0,1,7
1008,CaseInsensitiveString,pro,sonnet,13,3.0,1,14
1008,CaseInsensitiveString,pro,sonnet,14,,1,14
1008,CaseInsensitiveString,pro,sonnet,15,2.0,1,6
1008,CaseInsensitiveString,pro,sonnet,16,2.0,1,6
1008,CaseInsensitiveString,pro,sonnet,17,,0,15
1008,CaseInsensitiveString,pro,sonnet,18,,1,15
1008,CaseInsensitiveString,pro,sonnet,19,2.0,1,10
1008,CaseInsensitiveString,pro,sonnet,20,3.0,1,14
1009,CaseInsensitiveString,pro,4.1 mini,1,1.0,1,1
1009,CaseInsensitiveString,pro,4.1 mini,2,1.0,1,1
1009,CaseInsensitiveString,pro,4.1 mini,3,1.0,1,1
1009,CaseInsensitiveString,pro,4.1 mini,4,1.0,1,1
1009,CaseInsensitiveString,pro,4.1 mini,5,2.0,2,2
1009,CaseInsensitiveString,pro,4.1 mini,6,1.0,1,1
1009,CaseInsensitiveString,pro,4.1 mini,7,1.0,1,1
1009,CaseInsensitiveString,pro,4.1 mini,8,1.0,1,1
1009,CaseInsensitiveString,pro,4.1 mini,9,3.0,1,11
1009,CaseInsensitiveString,pro,4.1 mini,10,1.0,1,3
1009,CaseInsensitiveString,pro,4.1 mini,11,2.0,1,6
1009,CaseInsensitiveString,pro,4.1 mini,12,,1,14
1009,CaseInsensitiveString,pro,4.1 mini,13,,1,13
1009,CaseInsensitiveString,pro,4.1 mini,14,1.0,1,1
1009,CaseInsensitiveString,pro,4.1 mini,15,1.0,1,2
1009,CaseInsensitiveString,pro,4.1 mini,16,,3,11
1009,CaseInsensitiveString,pro,4.1 mini,17,,2,11
1009,CaseInsensitiveString,pro,4.1 mini,18,,1,12
1009,CaseInsensitiveString,pro,4.1 mini,19,,1,13
1009,CaseInsensitiveString,pro,4.1 mini,20,,0,15
1010,CaseInsensitiveString,pro,4.1,1,1.0,1,3
1010,CaseInsensitiveString,pro,4.1,2,1.0,1,1
1010,CaseInsensitiveString,pro,4.1,3,2.0,2,3
1010,CaseInsensitiveString,pro,4.1,4,1.0,1,1
1010,CaseInsensitiveString,pro,4.1,5,1.0,1,1
1010,CaseInsensitiveString,pro,4.1,6,1.0,1,2
1010,CaseInsensitiveString,pro,4.1,7,,2,7
1010,CaseInsensitiveString,pro,4.1,8,1.0,1,3
1010,CaseInsensitiveString,pro,4.1,9,3.0,1,12
1010,CaseInsensitiveString,pro,4.1,10,1.0,1,1
1010,CaseInsensitiveString,pro,4.1,11,,0,15
1010,CaseInsensitiveString,pro,4.1,12,,0,15
1010,CaseInsensitiveString,pro,4.1,13,,0,15
1010,CaseInsensitiveString,pro,4.1,14,2.0,1,7
1010,CaseInsensitiveString,pro,4.1,15,,1,11
1010,CaseInsensitiveString,pro,4.1,16,,1,12
1010,CaseInsensitiveString,pro,4.1,17,2.0,1,6
1010,CaseInsensitiveString,pro,4.1,18,,1,12
1010,CaseInsensitiveString,pro,4.1,19,,0,15
1010,CaseInsensitiveString,pro,4.1,20,2.0,1,8
1011,CaseInsensitiveString,pro,flash,1,1.0,1,1
1011,CaseInsensitiveString,pro,flash,2,1.0,1,1
1011,CaseInsensitiveString,pro,flash,3,1.0,1,1
1011,CaseInsensitiveString,pro,flash,4,1.0,1,1
1011,CaseInsensitiveString,pro,flash,5,1.0,1,5
1011,CaseInsensitiveString,pro,flash,6,1.0,1,2
1011,CaseInsensitiveString,pro,flash,7,1.0,1,3
1011,CaseInsensitiveString,pro,flash,8,,2,8
1011,CaseInsensitiveString,pro,flash,9,,0,15
1011,CaseInsensitiveString,pro,flash,10,,1,14
1011,CaseInsensitiveString,pro,flash,11,1.0,1,1
1011,CaseInsensitiveString,pro,flash,12,,1,12
1011,CaseInsensitiveString,pro,flash,13,1.0,1,5
1011,CaseInsensitiveString,pro,flash,14,1.0,1,5
1011,CaseInsensitiveString,pro,flash,15,1.0,1,2
1011,CaseInsensitiveString,pro,flash,16,1.0,1,3
1011,CaseInsensitiveString,pro,flash,17,3.0,2,13
1011,CaseInsensitiveString,pro,flash,18,,0,15
1011,CaseInsensitiveString,pro,flash,19,,1,12
1011,CaseInsensitiveString,pro,flash,20,,1,13
1012,CaseInsensitiveString,pro,pro,1,1.0,1,1
1012,CaseInsensitiveString,pro,pro,2,1.0,1,1
1012,CaseInsensitiveString,pro,pro,3,1.0,1,1
1012,CaseInsensitiveString,pro,pro,4,1.0,1,2
1012,CaseInsensitiveString,pro,pro,5,2.0,2,3
1012,CaseInsensitiveString,pro,pro,6,1.0,1,1
1012,CaseInsensitiveString,pro,pro,7,1.0,1,1
1012,CaseInsensitiveString,pro,pro,8,1.0,1,3
1012,CaseInsensitiveString,pro,pro,9,,0,15
1012,CaseInsensitiveString,pro,pro,10,,0,15
1012,CaseInsensitiveString,pro,pro,11,2.0,1,8
1012,CaseInsensitiveString,pro,pro,12,2.0,2,5
1012,CaseInsensitiveString,pro,pro,13,3.0,1,15
1012,CaseInsensitiveString,pro,pro,14,3.0,1,14
1012,CaseInsensitiveString,pro,pro,15,2.0,1,8
1012,CaseInsensitiveString,pro,pro,16,3.0,1,12
1012,CaseInsensitiveString,pro,pro,17,,0,15
1012,CaseInsensitiveString,pro,pro,18,2.0,1,6
1012,CaseInsensitiveString,pro,pro,19,,1,14
1012,CaseInsensitiveString,pro,pro,20,,0,15
1013,Document,pro,pro,1,1.0,1,1
1013,Document,pro,pro,2,2.0,2,2
1013,Document,pro,pro,3,1.0,1,1
1013,Document,pro,pro,4,,3,4
1013,Document,pro,pro,5,,3,3
1013,Document,pro,pro,6,3.0,3,3
1013,Document,pro,pro,7,1.0,1,1
1013,Document,pro,pro,8,1.0,1,1
1013,Document,pro,pro,9,3.0,3,3
1013,Document,pro,pro,10,,3,3
1013,Document,pro,pro,11,,3,3
1013,Document,pro,pro,12,,3,6
1013,Document,pro,pro,13,,3,3
1013,Document,pro,pro,14,,3,3
1013,Document,pro,pro,15,,3,5
1013,Document,pro,pro,16,3.0,3,4
1013,Document,pro,pro,17,,3,4
1013,Document,pro,pro,18,,3,3
1013,Document,pro,pro,19,,3,3
1013,Document,pro,pro,20,3.0,3,5
1014,Document,flash,pro,1,1.0,1,3
1014,Document,flash,pro,2,1.0,1,2
1014,Document,flash,pro,3,1.0,1,1
1014,Document,flash,pro,4,1.0,1,1
1014,Document,flash,pro,5,1.0,1,1
1014,Document,flash,pro,6,1.0,1,1
1014,Document,flash,pro,7,1.0,1,1
1014,Document,flash,pro,8,1.0,1,1
1014,Document,flash,pro,9,1.0,1,1
1014,Document,flash,pro,10,1.0,1,2
1014,Document,flash,pro,11,1.0,1,2
1014,Document,flash,pro,12,1.0,1,3
1014,Document,flash,pro,13,1.0,1,2
1014,Document,flash,pro,14,1.0,1,1
1014,Document,flash,pro,15,1.0,1,2
1014,Document,flash,pro,16,1.0,1,1
1014,Document,flash,pro,17,1.0,1,1
1014,Document,flash,pro,18,1.0,1,1
1014,Document,flash,pro,19,1.0,1,1
1014,Document,flash,pro,20,1.0,1,2
1015,Document,flash,flash,1,1.0,1,2
1015,Document,flash,flash,2,1.0,1,1
1015,Document,flash,flash,3,1.0,1,3
1015,Document,flash,flash,4,1.0,1,1
1015,Document,flash,flash,5,1.0,1,1
1015,Document,flash,flash,6,1.0,1,1
1015,Document,flash,flash,7,1.0,1,1
1015,Document,flash,flash,8,1.0,1,1
1015,Document,flash,flash,9,1.0,1,1
1015,Document,flash,flash,10,1.0,1,1
1015,Document,flash,flash,11,1.0,1,2
1015,Document,flash,flash,12,1.0,1,1
1015,Document,flash,flash,13,1.0,1,1
1015,Document,flash,flash,14,1.0,1,1
1015,Document,flash,flash,15,1.0,1,2
1015,Document,flash,flash,16,1.0,1,2
1015,Document,flash,flash,17,1.0,1,1
1015,Document,flash,flash,18,1.0,1,1
1015,Document,flash,flash,19,1.0,1,1
1015,Document,flash,flash,20,2.0,1,6
1016,Document,pro,flash,1,1.0,1,1
1016,Document,pro,flash,2,1.0,1,1
1016,Document,pro,flash,3,3.0,3,3
1016,Document,pro,flash,4,2.0,2,2
1016,Document,pro,flash,5,2.0,2,2
1016,Document,pro,flash,6,1.0,1,1
1016,Document,pro,flash,7,1.0,1,1
1016,Document,pro,flash,8,2.0,2,2
1016,Document,pro,flash,9,3.0,3,3
1016,Document,pro,flash,10,,3,3
1016,Document,pro,flash,11,1.0,1,1
1016,Document,pro,flash,12,1.0,1,1
1016,Document,pro,flash,13,,3,5
1016,Document,pro,flash,14,3.0,3,3
1016,Document,pro,flash,15,,3,5
1016,Document,pro,flash,16,3.0,3,4
1016,Document,pro,flash,17,,3,3
1016,Document,pro,flash,18,,3,3
1016,Document,pro,flash,19,,3,5
1016,Document,pro,flash,20,,3,3
1017,Document,flash,haiku,1,1.0,1,1
1017,Document,flash,haiku,2,1.0,1,3
1017,Document,flash,haiku,3,1.0,1,1
1017,Document,flash,haiku,4,1.0,1,2
1017,Document,flash,haiku,5,1.0,1,3
1017,Document,flash,haiku,6,1.0,1,1
1017,Document,flash,haiku,7,1.0,1,1
1017,Document,flash,haiku,8,1.0,1,1
1017,Document,flash,haiku,9,1.0,1,1
1017,Document,flash,haiku,10,1.0,1,1
1017,Document,flash,haiku,11,1.0,1,1
1017,Document,flash,haiku,12,1.0,1,1
1017,Document,flash,haiku,13,1.0,1,1
1017,Document,flash,haiku,14,1.0,1,1
1017,Document,flash,haiku,15,1.0,1,1
1017,Document,flash,haiku,16,1.0,1,1
1017,Document,flash,haiku,17,1.0,1,2
1017,Document,flash,haiku,18,1.0,1,1
1017,Document,flash,haiku,19,1.0,1,1
1017,Document,flash,haiku,20,1.0,1,1
1018,Document,flash,4.1,1,1.0,1,2
1018,Document,flash,4.1,2,1.0,1,1
1018,Document,flash,4.1,3,1.0,1,1
1018,Document,flash,4.1,4,1.0,1,1
1018,Document,flash,4.1,5,1.0,1,2
1018,Document,flash,4.1,6,1.0,1,2
1018,Document,flash,4.1,7,1.0,1,2
1018,Document,flash,4.1,8,1.0,1,1
1018,Document,flash,4.1,9,1.0,1,1
1018,Document,flash,4.1,10,1.0,1,2
1018,Document,flash,4.1,11,1.0,1,1
1018,Document,flash,4.1,12,1.0,1,1
1018,Document,flash,4.1,13,1.0,1,1
1018,Document,flash,4.1,14,1.0,1,1
1018,Document,flash,4.1,15,1.0,1,2
1018,Document,flash,4.1,16,1.0,1,2
1018,Document,flash,4.1,17,1.0,1,1
1018,Document,flash,4.1,18,1.0,1,3
1018,Document,flash,4.1,19,1.0,1,1
1018,Document,flash,4.1,20,1.0,1,1
1019,CharRange,flash,sonnet,1,1.0,1,5
1019,CharRange,flash,sonnet,2,1.0,1,2
1019,CharRange,flash,sonnet,3,2.0,2,3
1019,CharRange,flash,sonnet,4,1.0,1,2
1019,CharRange,flash,sonnet,5,1.0,1,3
1019,CharRange,flash,sonnet,6,1.0,1,2
1019,CharRange,flash,sonnet,7,3.0,3,8
1019,CharRange,flash,sonnet,8,,3,3
1019,CharRange,flash,sonnet,9,1.0,1,1
1019,CharRange,flash,sonnet,10,,3,5
1019,CharRange,flash,sonnet,11,,3,6
1019,CharRange,flash,sonnet,12,,3,3
1019,CharRange,flash,sonnet,13,,3,4
1019,CharRange,flash,sonnet,14,,3,6
1019,CharRange,flash,sonnet,15,1.0,1,1
1019,CharRange,flash,sonnet,16,,2,8
1019,CharRange,flash,sonnet,17,2.0,2,2
1019,CharRange,flash,sonnet,18,,3,4
1019,CharRange,flash,sonnet,19,,3,4
1019,CharRange,flash,sonnet,20,3.0,3,6
1020,Rational,haiku,flash,1,1.0,1,1
1020,Rational,haiku,flash,2,1.0,1,2
1020,Rational,haiku,flash,3,1.0,1,2
1020,Rational,haiku,flash,4,3.0,3,4
1020,Rational,haiku,flash,5,1.0,1,1
1020,Rational,haiku,flash,6,,3,5
1020,Rational,haiku,flash,7,1.0,1,1
1020,Rational,haiku,flash,8,3.0,3,3
1020,Rational,haiku,flash,9,,3,3
1020,Rational,haiku,flash,10,2.0,2,2
1020,Rational,haiku,flash,11,,3,3
1020,Rational,haiku,flash,12,1.0,1,1
1020,Rational,haiku,flash,13,1.0,1,1
1020,Rational,haiku,flash,14,2.0,2,2
1020,Rational,haiku,flash,15,,3,3
1020,Rational,haiku,flash,16,1.0,1,1
1020,Rational,haiku,flash,17,1.0,1,1
1020,Rational,haiku,flash,18,1.0,1,1
1020,Rational,haiku,flash,19,,3,3
1020,Rational,haiku,flash,20,2.0,2,2
1021,Document,pro,4.1,1,1.0,1,1
1021,Document,pro,4.1,2,1.0,1,1
1021,Document,pro,4.1,3,1.0,1,1
1021,Document,pro,4.1,4,1.0,1,1
1021,Document,pro,4.1,5,1.0,1,1
1021,Document,pro,4.1,6,,3,3
1021,Document,pro,4.1,7,1.0,1,3
1021,Document,pro,4.1,8,2.0,2,2
1021,Document,pro,4.1,9,,3,6
1021,Document,pro,4.1,10,,3,3
1021,Document,pro,4.1,11,1.0,1,2
1021,Document,pro,4.1,12,1.0,1,1
1021,Document,pro,4.1,13,2.0,2,2
1021,Document,pro,4.1,14,3.0,3,4
1021,Document,pro,4.1,15,,3,5
1021,Document,pro,4.1,16,3.0,3,3
1021,Document,pro,4.1,17,,3,3
1021,Document,pro,4.1,18,3.0,3,3
1021,Document,pro,4.1,19,,3,4
1021,Document,pro,4.1,20,,3,4
1022,Document,pro,4.1 mini,1,1.0,1,2
1022,Document,pro,4.1 mini,2,1.0,1,3
1022,Document,pro,4.1 mini,3,3.0,3,4
1022,Document,pro,4.1 mini,4,1.0,1,1
1022,Document,pro,4.1 mini,5,,3,3
1022,Document,pro,4.1 mini,6,,3,3
1022,Document,pro,4.1 mini,7,2.0,2,3
1022,Document,pro,4.1 mini,8,3.0,3,5
1022,Document,pro,4.1 mini,9,1.0,1,1
1022,Document,pro,4.1 mini,10,1.0,1,2
1022,Document,pro,4.1 mini,11,1.0,1,2
1022,Document,pro,4.1 mini,12,1.0,1,1
1022,Document,pro,4.1 mini,13,,3,4
1022,Document,pro,4.1 mini,14,3.0,3,3
1022,Document,pro,4.1 mini,15,,3,3
1022,Document,pro,4.1 mini,16,2.0,2,5
1022,Document,pro,4.1 mini,17,2.0,2,3
1022,Document,pro,4.1 mini,18,,3,4
1022,Document,pro,4.1 mini,19,,3,4
1022,Document,pro,4.1 mini,20,3.0,3,4
1023,Document,pro,haiku,1,1.0,1,1
1023,Document,pro,haiku,2,1.0,1,3
1023,Document,pro,haiku,3,2.0,2,2
1023,Document,pro,haiku,4,2.0,2,2
1023,Document,pro,haiku,5,2.0,2,3
1023,Document,pro,haiku,6,,3,6
1023,Document,pro,haiku,7,,3,4
1023,Document,pro,haiku,8,1.0,1,4
1023,Document,pro,haiku,9,,3,3
1023,Document,pro,haiku,10,2.0,2,2
1023,Document,pro,haiku,11,3.0,3,5
1023,Document,pro,haiku,12,2.0,2,2
1023,Document,pro,haiku,13,1.0,1,1
1023,Document,pro,haiku,14,,3,4
1023,Document,pro,haiku,15,1.0,1,1
1023,Document,pro,haiku,16,,3,5
1023,Document,pro,haiku,17,2.0,2,2
1023,Document,pro,haiku,18,,3,5
1023,Document,pro,haiku,19,3.0,3,4
1023,Document,pro,haiku,20,,3,5
1024,Rational,haiku,pro,1,1.0,1,1
1024,Rational,haiku,pro,2,2.0,2,3
1024,Rational,haiku,pro,3,1.0,1,1
1024,Rational,haiku,pro,4,1.0,1,1
1024,Rational,haiku,pro,5,1.0,1,1
1024,Rational,haiku,pro,6,3.0,3,3
1024,Rational,haiku,pro,7,,3,3
1024,Rational,haiku,pro,8,1.0,1,1
1024,Rational,haiku,pro,9,,3,4
1024,Rational,haiku,pro,10,2.0,2,3
1024,Rational,haiku,pro,11,,3,4
1024,Rational,haiku,pro,12,,3,3
1024,Rational,haiku,pro,13,1.0,1,1
1024,Rational,haiku,pro,14,,3,3
1024,Rational,haiku,pro,15,1.0,1,1
1024,Rational,haiku,pro,16,1.0,1,1
1024,Rational,haiku,pro,17,2.0,2,2
1024,Rational,haiku,pro,18,2.0,2,2
1024,Rational,haiku,pro,19,,3,3
1024,Rational,haiku,pro,20,1.0,1,1
1025,Document,flash,sonnet,1,1.0,1,1
1025,Document,flash,sonnet,2,1.0,1,1
1025,Document,flash,sonnet,3,1.0,1,1
1025,Document,flash,sonnet,4,1.0,1,2
1025,Document,flash,sonnet,5,1.0,1,3
1025,Document,flash,sonnet,6,1.0,1,2
1025,Document,flash,sonnet,7,1.0,1,1
1025,Document,flash,sonnet,8,1.0,1,1
1025,Document,flash,sonnet,9,1.0,1,1
1025,Document,flash,sonnet,10,1.0,1,2
1025,Document,flash,sonnet,11,2.0,2,2
1025,Document,flash,sonnet,12,1.0,1,2
1025,Document,flash,sonnet,13,1.0,1,1
1025,Document,flash,sonnet,14,1.0,1,2
1025,Document,flash,sonnet,15,1.0,1,1
1025,Document,flash,sonnet,16,1.0,1,1
1025,Document,flash,sonnet,17,1.0,1,1
1025,Document,flash,sonnet,18,1.0,1,1
1025,Document,flash,sonnet,19,1.0,1,1
1025,Document,flash,sonnet,20,1.0,1,2
1026,Document,pro,sonnet,1,1.0,1,1
1026,Document,pro,sonnet,2,1.0,1,1
1026,Document,pro,sonnet,3,1.0,1,1
1026,Document,pro,sonnet,4,,3,4
1026,Document,pro,sonnet,5,2.0,2,2
1026,Document,pro,sonnet,6,1.0,1,1
1026,Document,pro,sonnet,7,1.0,1,1
1026,Document,pro,sonnet,8,,3,4
1026,Document,pro,sonnet,9,1.0,1,2
1026,Document,pro,sonnet,10,1.0,1,1
1026,Document,pro,sonnet,11,,3,3
1026,Document,pro,sonnet,12,,3,3
1026,Document,pro,sonnet,13,1.0,1,2
1026,Document,pro,sonnet,14,3.0,3,4
1026,Document,pro,sonnet,15,1.0,1,1
1026,Document,pro,sonnet,16,,3,6
1026,Document,pro,sonnet,17,,3,3
1026,Document,pro,sonnet,18,1.0,1,1
1026,Document,pro,sonnet,19,,3,4
1026,Document,pro,sonnet,20,1.0,1,1
1027,Document,flash,4.1 mini,1,1.0,1,1
1027,Document,flash,4.1 mini,2,1.0,1,1
1027,Document,flash,4.1 mini,3,1.0,1,1
1027,Document,flash,4.1 mini,4,1.0,1,1
1027,Document,flash,4.1 mini,5,1.0,1,1
1027,Document,flash,4.1 mini,6,1.0,1,1
1027,Document,flash,4.1 mini,7,1.0,1,1
1027,Document,flash,4.1 mini,8,1.0,1,1
1027,Document,flash,4.1 mini,9,1.0,1,1
1027,Document,flash,4.1 mini,10,1.0,1,1
1027,Document,flash,4.1 mini,11,1.0,1,1
1027,Document,flash,4.1 mini,12,1.0,1,1
1027,Document,flash,4.1 mini,13,1.0,1,2
1027,Document,flash,4.1 mini,14,1.0,1,4
1027,Document,flash,4.1 mini,15,1.0,1,1
1027,Document,flash,4.1 mini,16,1.0,1,1
1027,Document,flash,4.1 mini,17,1.0,1,1
1027,Document,flash,4.1 mini,18,1.0,1,1
1027,Document,flash,4.1 mini,19,1.0,1,2
1027,Document,flash,4.1 mini,20,1.0,1,2
1028,Rational,flash,pro,1,3.0,1,12
1028,Rational,flash,pro,2,1.0,1,2
1028,Rational,flash,pro,3,3.0,1,15
1028,Rational,flash,pro,4,2.0,2,8
1028,Rational,flash,pro,5,3.0,1,15
1028,Rational,flash,pro,6,2.0,1,9
1028,Rational,flash,pro,7,,2,10
1028,Rational,flash,pro,8,,2,13
1028,Rational,flash,pro,9,,0,15
1028,Rational,flash,pro,10,,0,15
1028,Rational,flash,pro,11,3.0,2,10
1028,Rational,flash,pro,12,1.0,1,2
1028,Rational,flash,pro,13,,0,15
1028,Rational,flash,pro,14,,0,15
1028,Rational,flash,pro,15,3.0,2,13
1028,Rational,flash,pro,16,,0,15
1028,Rational,flash,pro,17,2.0,1,9
1028,Rational,flash,pro,18,,1,13
1028,Rational,flash,pro,19,,0,15
1028,Rational,flash,pro,20,,0,15
1029,Rational,flash,flash,1,1.0,1,4
1029,Rational,flash,flash,2,,0,15
1029,Rational,flash,flash,3,,0,15
1029,Rational,flash,flash,4,2.0,1,7
1029,Rational,flash,flash,5,2.0,1,7
1029,Rational,flash,flash,6,,0,15
1029,Rational,flash,flash,7,,0,15
1029,Rational,flash,flash,8,1.0,1,4
1029,Rational,flash,flash,9,2.0,1,7
1029,Rational,flash,flash,10,2.0,1,8
1029,Rational,flash,flash,11,,0,15
1029,Rational,flash,flash,12,3.0,1,14
1029,Rational,flash,flash,13,1.0,1,1
1029,Rational,flash,flash,14,,3,9
1029,Rational,flash,flash,15,,1,12
1029,Rational,flash,flash,16,2.0,1,10
1029,Rational,flash,flash,17,,2,9
1029,Rational,flash,flash,18,,0,15
1029,Rational,flash,flash,19,,3,7
1029,Rational,flash,flash,20,,2,11
1030,Rational,4.1,pro,1,1.0,1,1
1030,Rational,4.1,pro,2,,3,3
1030,Rational,4.1,pro,3,3.0,3,3
1030,Rational,4.1,pro,4,1.0,1,1
1030,Rational,4.1,pro,5,,3,3
1030,Rational,4.1,pro,6,,3,3
1030,Rational,4.1,pro,7,3.0,3,3
1030,Rational,4.1,pro,8,,3,3
1030,Rational,4.1,pro,9,,3,3
1030,Rational,4.1,pro,10,,3,3
1030,Rational,4.1,pro,11,,3,3
1030,Rational,4.1,pro,12,1.0,1,1
1030,Rational,4.1,pro,13,,3,3
1030,Rational,4.1,pro,14,3.0,3,3
1030,Rational,4.1,pro,15,1.0,1,1
1030,Rational,4.1,pro,16,2.0,2,2
1030,Rational,4.1,pro,17,,3,3
1030,Rational,4.1,pro,18,,3,3
1030,Rational,4.1,pro,19,,3,3
1030,Rational,4.1,pro,20,,3,3
1031,Rational,4.1 mini,flash,1,1.0,1,1
1031,Rational,4.1 mini,flash,2,2.0,2,2
1031,Rational,4.1 mini,flash,3,1.0,1,1
1031,Rational,4.1 mini,flash,4,2.0,2,2
1031,Rational,4.1 mini,flash,5,1.0,1,1
1031,Rational,4.1 mini,flash,6,2.0,2,2
1031,Rational,4.1 mini,flash,7,3.0,3,3
1031,Rational,4.1 mini,flash,8,,3,3
1031,Rational,4.1 mini,flash,9,,3,3
1031,Rational,4.1 mini,flash,10,1.0,1,1
1031,Rational,4.1 mini,flash,11,1.0,1,1
1031,Rational,4.1 mini,flash,12,,3,3
1031,Rational,4.1 mini,flash,13,,3,3
1031,Rational,4.1 mini,flash,14,,3,3
1031,Rational,4.1 mini,flash,15,,3,3
1031,Rational,4.1 mini,flash,16,,3,3
1031,Rational,4.1 mini,flash,17,1.0,1,1
1031,Rational,4.1 mini,flash,18,,3,3
1031,Rational,4.1 mini,flash,19,2.0,2,2
1031,Rational,4.1 mini,flash,20,2.0,2,2
1032,Rational,4.1,flash,1,1.0,1,1
1032,Rational,4.1,flash,2,1.0,1,1
1032,Rational,4.1,flash,3,1.0,1,1
1032,Rational,4.1,flash,4,,3,3
1032,Rational,4.1,flash,5,1.0,1,1
1032,Rational,4.1,flash,6,,3,3
1032,Rational,4.1,flash,7,,3,3
1032,Rational,4.1,flash,8,1.0,1,1
1032,Rational,4.1,flash,9,,3,3
1032,Rational,4.1,flash,10,3.0,3,3
1032,Rational,4.1,flash,11,,3,4
1032,Rational,4.1,flash,12,2.0,2,2
1032,Rational,4.1,flash,13,,3,3
1032,Rational,4.1,flash,14,,3,3
1032,Rational,4.1,flash,15,,3,3
1032,Rational,4.1,flash,16,,3,3
1032,Rational,4.1,flash,17,1.0,1,1
1032,Rational,4.1,flash,18,,3,3
1032,Rational,4.1,flash,19,,3,3
1032,Rational,4.1,flash,20,,3,3
1033,Rational,flash,4.1 mini,1,3.0,1,11
1033,Rational,flash,4.1 mini,2,3.0,1,12
1033,Rational,flash,4.1 mini,3,,0,15
1033,Rational,flash,4.1 mini,4,,0,15
1033,Rational,flash,4.1 mini,5,3.0,1,12
1033,Rational,flash,4.1 mini,6,3.0,3,8
1033,Rational,flash,4.1 mini,7,1.0,1,4
1033,Rational,flash,4.1 mini,8,,1,12
1033,Rational,flash,4.1 mini,9,,0,15
1033,Rational,flash,4.1 mini,10,3.0,1,11
1033,Rational,flash,4.1 mini,11,3.0,1,12
1033,Rational,flash,4.1 mini,12,,1,12
1033,Rational,flash,4.1 mini,13,,0,15
1033,Rational,flash,4.1 mini,14,,2,13
1033,Rational,flash,4.1 mini,15,2.0,1,6
1033,Rational,flash,4.1 mini,16,,1,12
1033,Rational,flash,4.1 mini,17,,0,15
1033,Rational,flash,4.1 mini,18,,1,13
1033,Rational,flash,4.1 mini,19,,1,14
1033,Rational,flash,4.1 mini,20,,3,7
1034,Rational,flash,haiku,1,3.0,1,12
1034,Rational,flash,haiku,2,1.0,1,2
1034,Rational,flash,haiku,3,,0,15
1034,Rational,flash,haiku,4,1.0,1,1
1034,Rational,flash,haiku,5,,0,15
1034,Rational,flash,haiku,6,1.0,1,1
1034,Rational,flash,haiku,7,1.0,1,3
1034,Rational,flash,haiku,8,,0,15
1034,Rational,flash,haiku,9,1.0,1,2
1034,Rational,flash,haiku,10,,0,15
1034,Rational,flash,haiku,11,3.0,1,11
1034,Rational,flash,haiku,12,,2,12
1034,Rational,flash,haiku,13,3.0,1,11
1034,Rational,flash,haiku,14,,0,15
1034,Rational,flash,haiku,15,3.0,1,12
1034,Rational,flash,haiku,16,,0,15
1034,Rational,flash,haiku,17,,2,13
1034,Rational,flash,haiku,18,,1,11
1034,Rational,flash,haiku,19,,0,15
1034,Rational,flash,haiku,20,3.0,3,6
1035,Rational,4.1 mini,pro,1,1.0,1,1
1035,Rational,4.1 mini,pro,2,1.0,1,1
1035,Rational,4.1 mini,pro,3,2.0,2,2
1035,Rational,4.1 mini,pro,4,1.0,1,1
1035,Rational,4.1 mini,pro,5,,3,3
1035,Rational,4.1 mini,pro,6,2.0,2,2
1035,Rational,4.1 mini,pro,7,2.0,2,2
1035,Rational,4.1 mini,pro,8,2.0,2,2
1035,Rational,4.1 mini,pro,9,1.0,1,1
1035,Rational,4.1 mini,pro,10,3.0,3,4
1035,Rational,4.1 mini,pro,11,,3,3
1035,Rational,4.1 mini,pro,12,,3,3
1035,Rational,4.1 mini,pro,13,,3,3
1035,Rational,4.1 mini,pro,14,,3,3
1035,Rational,4.1 mini,pro,15,1.0,1,1
1035,Rational,4.1 mini,pro,16,3.0,3,3
1035,Rational,4.1 mini,pro,17,,3,3
1035,Rational,4.1 mini,pro,18,2.0,2,2
1035,Rational,4.1 mini,pro,19,,3,3
1035,Rational,4.1 mini,pro,20,,3,3
1036,Rational,flash,sonnet,1,1.0,1,5
1036,Rational,flash,sonnet,2,1.0,1,3
1036,Rational,flash,sonnet,3,,0,15
1036,Rational,flash,sonnet,4,1.0,1,1
1036,Rational,flash,sonnet,5,2.0,1,8
1036,Rational,flash,sonnet,6,,0,15
1036,Rational,flash,sonnet,7,1.0,1,2
1036,Rational,flash,sonnet,8,1.0,1,5
1036,Rational,flash,sonnet,9,1.0,1,3
1036,Rational,flash,sonnet,10,1.0,1,3
1036,Rational,flash,sonnet,11,,0,15
1036,Rational,flash,sonnet,12,,0,15
1036,Rational,flash,sonnet,13,3.0,1,11
1036,Rational,flash,sonnet,14,1.0,1,2
1036,Rational,flash,sonnet,15,,0,15
1036,Rational,flash,sonnet,16,2.0,2,5
1036,Rational,flash,sonnet,17,1.0,1,3
1036,Rational,flash,sonnet,18,2.0,2,7
1036,Rational,flash,sonnet,19,1.0,1,3
1036,Rational,flash,sonnet,20,1.0,1,2
1037,Rational,flash,4.1,1,1.0,1,5
1037,Rational,flash,4.1,2,,0,15
1037,Rational,flash,4.1,3,2.0,1,9
1037,Rational,flash,4.1,4,,0,15
1037,Rational,flash,4.1,5,3.0,2,10
1037,Rational,flash,4.1,6,,0,15
1037,Rational,flash,4.1,7,,1,14
1037,Rational,flash,4.1,8,3.0,2,12
1037,Rational,flash,4.1,9,,0,15
1037,Rational,flash,4.1,10,,0,15
1037,Rational,flash,4.1,11,,0,15
1037,Rational,flash,4.1,12,3.0,1,13
1037,Rational,flash,4.1,13,,1,14
1037,Rational,flash,4.1,14,,1,14
1037,Rational,flash,4.1,15,,0,15
1037,Rational,flash,4.1,16,,0,15
1037,Rational,flash,4.1,17,,0,15
1037,Rational,flash,4.1,18,,0,15
1037,Rational,flash,4.1,19,,1,11
1037,Rational,flash,4.1,20,2.0,1,7
1038,Rational,pro,haiku,1,1.0,1,4
1038,Rational,pro,haiku,2,1.0,1,2
1038,Rational,pro,haiku,3,1.0,1,2
1038,Rational,pro,haiku,4,2.0,1,9
1038,Rational,pro,haiku,5,1.0,1,1
1038,Rational,pro,haiku,6,1.0,1,3
1038,Rational,pro,haiku,7,,2,10
1038,Rational,pro,haiku,8,1.0,1,1
1038,Rational,pro,haiku,9,,1,11
1038,Rational,pro,haiku,10,,2,9
1038,Rational,pro,haiku,11,,1,13
1038,Rational,pro,haiku,12,,1,12
1038,Rational,pro,haiku,13,1.0,1,3
1038,Rational,pro,haiku,14,,2,10
1038,Rational,pro,haiku,15,,1,13
1038,Rational,pro,haiku,16,1.0,1,2
1038,Rational,pro,haiku,17,,1,13
1038,Rational,pro,haiku,18,,2,13
1038,Rational,pro,haiku,19,,2,10
1038,Rational,pro,haiku,20,,3,6
1039,Rational,pro,sonnet,1,1.0,1,3
1039,Rational,pro,sonnet,2,2.0,1,10
1039,Rational,pro,sonnet,3,1.0,1,2
1039,Rational,pro,sonnet,4,,2,15
1039,Rational,pro,sonnet,5,1.0,1,2
1039,Rational,pro,sonnet,6,2.0,2,5
1039,Rational,pro,sonnet,7,2.0,2,5
1039,Rational,pro,sonnet,8,1.0,1,1
1039,Rational,pro,sonnet,9,2.0,1,6
1039,Rational,pro,sonnet,10,,1,12
1039,Rational,pro,sonnet,11,,3,7
1039,Rational,pro,sonnet,12,2.0,1,8
1039,Rational,pro,sonnet,13,2.0,1,6
1039,Rational,pro,sonnet,14,,2,9
1039,Rational,pro,sonnet,15,,1,12
1039,Rational,pro,sonnet,16,,1,13
1039,Rational,pro,sonnet,17,,2,13
1039,Rational,pro,sonnet,18,,2,10
1039,Rational,pro,sonnet,19,,2,8
1039,Rational,pro,sonnet,20,,1,12
1040,Rational,pro,4.1 mini,1,1.0,1,5
1040,Rational,pro,4.1 mini,2,,0,15
1040,Rational,pro,4.1 mini,3,2.0,1,6
1040,Rational,pro,4.1 mini,4,1.0,1,5
1040,Rational,pro,4.1 mini,5,,0,15
1040,Rational,pro,4.1 mini,6,,1,11
1040,Rational,pro,4.1 mini,7,,2,8
1040,Rational,pro,4.1 mini,8,,2,12
1040,Rational,pro,4.1 mini,9,1.0,1,2
1040,Rational,pro,4.1 mini,10,2.0,1,6
1040,Rational,pro,4.1 mini,11,,1,12
1040,Rational,pro,4.1 mini,12,3.0,2,13
1040,Rational,pro,4.1 mini,13,3.0,2,14
1040,Rational,pro,4.1 mini,14,,3,5
1040,Rational,pro,4.1 mini,15,,2,11
1040,Rational,pro,4.1 mini,16,,3,11
1040,Rational,pro,4.1 mini,17,,2,7
1040,Rational,pro,4.1 mini,18,2.0,1,6
1040,Rational,pro,4.1 mini,19,,2,10
1040,Rational,pro,4.1 mini,20,,3,7
1041,Rational,pro,4.1,1,2.0,1,6
1041,Rational,pro,4.1,2,,0,15
1041,Rational,pro,4.1,3,3.0,2,11
1041,Rational,pro,4.1,4,2.0,2,9
1041,Rational,pro,4.1,5,3.0,3,8
1041,Rational,pro,4.1,6,,1,12
1041,Rational,pro,4.1,7,,2,13
1041,Rational,pro,4.1,8,,2,8
1041,Rational,pro,4.1,9,,1,14
1041,Rational,pro,4.1,10,3.0,2,13
1041,Rational,pro,4.1,11,,2,12
1041,Rational,pro,4.1,12,,2,9
1041,Rational,pro,4.1,13,2.0,2,2
1041,Rational,pro,4.1,14,,2,12
1041,Rational,pro,4.1,15,,1,14
1041,Rational,pro,4.1,16,,2,11
1041,Rational,pro,4.1,17,3.0,2,10
1041,Rational,pro,4.1,18,,1,11
1041,Rational,pro,4.1,19,,2,8
1041,Rational,pro,4.1,20,,2,14
1042,Rational,pro,flash,1,2.0,1,9
1042,Rational,pro,flash,2,2.0,1,6
1042,Rational,pro,flash,3,3.0,1,13
1042,Rational,pro,flash,4,1.0,1,1
1042,Rational,pro,flash,5,1.0,1,4
1042,Rational,pro,flash,6,,1,15
1042,Rational,pro,flash,7,2.0,1,6
1042,Rational,pro,flash,8,,1,11
1042,Rational,pro,flash,9,1.0,1,1
1042,Rational,pro,flash,10,,2,7
1042,Rational,pro,flash,11,3.0,2,8
1042,Rational,pro,flash,12,,2,8
1042,Rational,pro,flash,13,,1,13
1042,Rational,pro,flash,14,,1,15
1042,Rational,pro,flash,15,2.0,2,10
1042,Rational,pro,flash,16,,2,9
1042,Rational,pro,flash,17,,1,12
1042,Rational,pro,flash,18,,2,11
1042,Rational,pro,flash,19,,2,10
1042,Rational,pro,flash,20,,1,11
1043,Rational,pro,pro,1,1.0,1,2
1043,Rational,pro,pro,2,1.0,1,3
1043,Rational,pro,pro,3,2.0,2,3
1043,Rational,pro,pro,4,3.0,1,15
1043,Rational,pro,pro,5,,3,8
1043,Rational,pro,pro,6,1.0,1,1
1043,Rational,pro,pro,7,2.0,1,8
1043,Rational,pro,pro,8,2.0,1,8
1043,Rational,pro,pro,9,3.0,3,11
1043,Rational,pro,pro,10,,2,12
1043,Rational,pro,pro,11,,2,9
1043,Rational,pro,pro,12,1.0,1,1
1043,Rational,pro,pro,13,,2,12
1043,Rational,pro,pro,14,2.0,1,6
1043,Rational,pro,pro,15,,3,5
1043,Rational,pro,pro,16,,1,12
1043,Rational,pro,pro,17,3.0,1,14
1043,Rational,pro,pro,18,,2,12
1043,Rational,pro,pro,19,,0,15
1043,Rational,pro,pro,20,,1,11
