game_id,class_alias,attacker,defender,turn,success,compilable,attempts
223,Complex,haiku,4.1 mini,3,,,
223,Complex,haiku,4.1 mini,7,,,
223,Complex,haiku,4.1 mini,8,,,
223,Complex,haiku,4.1 mini,9,,,
223,Complex,haiku,4.1 mini,11,,,
223,Complex,haiku,4.1 mini,12,,,
223,Complex,haiku,4.1 mini,15,,,
223,Complex,haiku,4.1 mini,16,,,
223,Complex,haiku,4.1 mini,17,,,
223,Complex,haiku,4.1 mini,18,,,
223,Complex,haiku,4.1 mini,19,,,
223,Complex,haiku,4.1 mini,20,,,
223,Complex,haiku,4.1 mini,1,1.0,1.0,4.0
223,Complex,haiku,4.1 mini,2,,3.0,5.0
223,Complex,haiku,4.1 mini,4,,3.0,4.0
223,Complex,haiku,4.1 mini,5,,3.0,3.0
223,Complex,haiku,4.1 mini,6,,3.0,3.0
223,Complex,haiku,4.1 mini,10,,3.0,3.0
223,Complex,haiku,4.1 mini,13,2.0,2.0,2.0
223,Complex,haiku,4.1 mini,14,,3.0,3.0
227,Complex,4.1 mini,4.1 mini,8,,,
227,Complex,4.1 mini,4.1 mini,9,,,
227,Complex,4.1 mini,4.1 mini,10,,,
227,Complex,4.1 mini,4.1 mini,11,,,
227,Complex,4.1 mini,4.1 mini,12,,,
227,Complex,4.1 mini,4.1 mini,14,,,
227,Complex,4.1 mini,4.1 mini,15,,,
227,Complex,4.1 mini,4.1 mini,16,,,
227,Complex,4.1 mini,4.1 mini,17,,,
227,Complex,4.1 mini,4.1 mini,18,,,
227,Complex,4.1 mini,4.1 mini,19,,,
227,Complex,4.1 mini,4.1 mini,20,,,
227,Complex,4.1 mini,4.1 mini,1,,3.0,9.0
227,Complex,4.1 mini,4.1 mini,2,,3.0,10.0
227,Complex,4.1 mini,4.1 mini,3,2.0,1.0,8.0
227,Complex,4.1 mini,4.1 mini,4,,3.0,8.0
227,Complex,4.1 mini,4.1 mini,5,1.0,1.0,4.0
227,Complex,4.1 mini,4.1 mini,6,,2.0,7.0
227,Complex,4.1 mini,4.1 mini,7,1.0,1.0,2.0
227,Complex,4.1 mini,4.1 mini,13,3.0,3.0,3.0
229,Complex,4.1,haiku,5,,,
229,Complex,4.1,haiku,7,,,
229,Complex,4.1,haiku,8,,,
229,Complex,4.1,haiku,11,,,
229,Complex,4.1,haiku,12,,,
229,Complex,4.1,haiku,15,,,
229,Complex,4.1,haiku,18,,,
229,Complex,4.1,haiku,19,,,
229,Complex,4.1,haiku,20,,,
229,Complex,4.1,haiku,1,1.0,1.0,3.0
229,Complex,4.1,haiku,2,1.0,1.0,1.0
229,Complex,4.1,haiku,3,,1.0,12.0
229,Complex,4.1,haiku,4,,0.0,15.0
229,Complex,4.1,haiku,6,2.0,1.0,6.0
229,Complex,4.1,haiku,9,,1.0,14.0
229,Complex,4.1,haiku,10,,2.0,9.0
229,Complex,4.1,haiku,13,,0.0,15.0
229,Complex,4.1,haiku,14,1.0,1.0,4.0
229,Complex,4.1,haiku,16,2.0,2.0,6.0
229,Complex,4.1,haiku,17,,0.0,15.0
230,Complex,4.1 mini,haiku,9,,,
230,Complex,4.1 mini,haiku,15,,,
230,Complex,4.1 mini,haiku,16,,,
230,Complex,4.1 mini,haiku,17,,,
230,Complex,4.1 mini,haiku,18,,,
230,Complex,4.1 mini,haiku,19,,,
230,Complex,4.1 mini,haiku,20,,,
230,Complex,4.1 mini,haiku,1,,3.0,12.0
230,Complex,4.1 mini,haiku,2,1.0,1.0,3.0
230,Complex,4.1 mini,haiku,3,1.0,1.0,2.0
230,Complex,4.1 mini,haiku,4,,2.0,11.0
230,Complex,4.1 mini,haiku,5,,1.0,15.0
230,Complex,4.1 mini,haiku,6,2.0,1.0,9.0
230,Complex,4.1 mini,haiku,7,,1.0,13.0
230,Complex,4.1 mini,haiku,8,,1.0,14.0
230,Complex,4.1 mini,haiku,10,1.0,1.0,1.0
230,Complex,4.1 mini,haiku,11,2.0,1.0,9.0
230,Complex,4.1 mini,haiku,12,,1.0,11.0
230,Complex,4.1 mini,haiku,13,,1.0,12.0
230,Complex,4.1 mini,haiku,14,,0.0,15.0
231,Complex,haiku,sonnet,5,,,
231,Complex,haiku,sonnet,6,,,
231,Complex,haiku,sonnet,8,,,
231,Complex,haiku,sonnet,9,,,
231,Complex,haiku,sonnet,10,,,
231,Complex,haiku,sonnet,11,,,
231,Complex,haiku,sonnet,12,,,
231,Complex,haiku,sonnet,13,,,
231,Complex,haiku,sonnet,14,,,
231,Complex,haiku,sonnet,15,,,
231,Complex,haiku,sonnet,16,,,
231,Complex,haiku,sonnet,17,,,
231,Complex,haiku,sonnet,18,,,
231,Complex,haiku,sonnet,19,,,
231,Complex,haiku,sonnet,20,,,
231,Complex,haiku,sonnet,1,2.0,1.0,7.0
231,Complex,haiku,sonnet,2,,3.0,3.0
231,Complex,haiku,sonnet,3,,3.0,3.0
231,Complex,haiku,sonnet,4,,3.0,3.0
231,Complex,haiku,sonnet,7,,3.0,3.0
235,Complex,4.1,4.1,8,,,
235,Complex,4.1,4.1,9,,,
235,Complex,4.1,4.1,10,,,
235,Complex,4.1,4.1,13,,,
235,Complex,4.1,4.1,14,,,
235,Complex,4.1,4.1,15,,,
235,Complex,4.1,4.1,16,,,
235,Complex,4.1,4.1,19,,,
235,Complex,4.1,4.1,20,,,
235,Complex,4.1,4.1,1,,0.0,15.0
235,Complex,4.1,4.1,2,1.0,1.0,1.0
235,Complex,4.1,4.1,3,,3.0,4.0
235,Complex,4.1,4.1,4,1.0,1.0,2.0
235,Complex,4.1,4.1,5,1.0,1.0,1.0
235,Complex,4.1,4.1,6,,0.0,15.0
235,Complex,4.1,4.1,7,1.0,1.0,1.0
235,Complex,4.1,4.1,11,1.0,1.0,2.0
235,Complex,4.1,4.1,12,1.0,1.0,1.0
235,Complex,4.1,4.1,17,,3.0,7.0
235,Complex,4.1,4.1,18,,0.0,15.0
236,Complex,4.1 mini,4.1,5,,,
236,Complex,4.1 mini,4.1,6,,,
236,Complex,4.1 mini,4.1,7,,,
236,Complex,4.1 mini,4.1,12,,,
236,Complex,4.1 mini,4.1,17,,,
236,Complex,4.1 mini,4.1,19,,,
236,Complex,4.1 mini,4.1,1,,3.0,7.0
236,Complex,4.1 mini,4.1,2,,3.0,8.0
236,Complex,4.1 mini,4.1,3,,3.0,6.0
236,Complex,4.1 mini,4.1,4,,3.0,3.0
236,Complex,4.1 mini,4.1,8,,3.0,3.0
236,Complex,4.1 mini,4.1,9,,0.0,15.0
236,Complex,4.1 mini,4.1,10,1.0,1.0,3.0
236,Complex,4.1 mini,4.1,11,,3.0,4.0
236,Complex,4.1 mini,4.1,13,,2.0,8.0
236,Complex,4.1 mini,4.1,14,1.0,1.0,1.0
236,Complex,4.1 mini,4.1,15,1.0,1.0,1.0
236,Complex,4.1 mini,4.1,16,1.0,1.0,1.0
236,Complex,4.1 mini,4.1,18,,3.0,4.0
236,Complex,4.1 mini,4.1,20,2.0,2.0,5.0
237,Complex,haiku,haiku,4,,,
237,Complex,haiku,haiku,6,,,
237,Complex,haiku,haiku,7,,,
237,Complex,haiku,haiku,8,,,
237,Complex,haiku,haiku,9,,,
237,Complex,haiku,haiku,10,,,
237,Complex,haiku,haiku,11,,,
237,Complex,haiku,haiku,13,,,
237,Complex,haiku,haiku,14,,,
237,Complex,haiku,haiku,15,,,
237,Complex,haiku,haiku,16,,,
237,Complex,haiku,haiku,17,,,
237,Complex,haiku,haiku,18,,,
237,Complex,haiku,haiku,19,,,
237,Complex,haiku,haiku,20,,,
237,Complex,haiku,haiku,1,,3.0,8.0
237,Complex,haiku,haiku,2,,3.0,3.0
237,Complex,haiku,haiku,3,1.0,1.0,5.0
237,Complex,haiku,haiku,5,,3.0,8.0
237,Complex,haiku,haiku,12,,1.0,12.0
238,Complex,4.1 mini,sonnet,9,,,
238,Complex,4.1 mini,sonnet,10,,,
238,Complex,4.1 mini,sonnet,13,,,
238,Complex,4.1 mini,sonnet,14,,,
238,Complex,4.1 mini,sonnet,16,,,
238,Complex,4.1 mini,sonnet,17,,,
238,Complex,4.1 mini,sonnet,18,,,
238,Complex,4.1 mini,sonnet,20,,,
238,Complex,4.1 mini,sonnet,1,1.0,1.0,1.0
238,Complex,4.1 mini,sonnet,2,,3.0,3.0
238,Complex,4.1 mini,sonnet,3,,3.0,5.0
238,Complex,4.1 mini,sonnet,4,1.0,1.0,1.0
238,Complex,4.1 mini,sonnet,5,,3.0,6.0
238,Complex,4.1 mini,sonnet,6,,3.0,4.0
238,Complex,4.1 mini,sonnet,7,,0.0,15.0
238,Complex,4.1 mini,sonnet,8,1.0,1.0,1.0
238,Complex,4.1 mini,sonnet,11,,2.0,8.0
238,Complex,4.1 mini,sonnet,12,,3.0,3.0
238,Complex,4.1 mini,sonnet,15,,3.0,3.0
238,Complex,4.1 mini,sonnet,19,1.0,1.0,1.0
240,Complex,4.1,sonnet,2,,,
240,Complex,4.1,sonnet,7,,,
240,Complex,4.1,sonnet,10,,,
240,Complex,4.1,sonnet,11,,,
240,Complex,4.1,sonnet,13,,,
240,Complex,4.1,sonnet,16,,,
240,Complex,4.1,sonnet,17,,,
240,Complex,4.1,sonnet,18,,,
240,Complex,4.1,sonnet,19,,,
240,Complex,4.1,sonnet,20,,,
240,Complex,4.1,sonnet,1,1.0,1.0,1.0
240,Complex,4.1,sonnet,3,,3.0,3.0
240,Complex,4.1,sonnet,4,,3.0,3.0
240,Complex,4.1,sonnet,5,1.0,1.0,1.0
240,Complex,4.1,sonnet,6,1.0,1.0,1.0
240,Complex,4.1,sonnet,8,,3.0,3.0
240,Complex,4.1,sonnet,9,1.0,1.0,3.0
240,Complex,4.1,sonnet,12,1.0,1.0,1.0
240,Complex,4.1,sonnet,14,,0.0,15.0
240,Complex,4.1,sonnet,15,,3.0,3.0
241,Complex,4.1,4.1 mini,4,,,
241,Complex,4.1,4.1 mini,6,,,
241,Complex,4.1,4.1 mini,7,,,
241,Complex,4.1,4.1 mini,9,,,
241,Complex,4.1,4.1 mini,10,,,
241,Complex,4.1,4.1 mini,11,,,
241,Complex,4.1,4.1 mini,12,,,
241,Complex,4.1,4.1 mini,13,,,
241,Complex,4.1,4.1 mini,14,,,
241,Complex,4.1,4.1 mini,15,,,
241,Complex,4.1,4.1 mini,16,,,
241,Complex,4.1,4.1 mini,17,,,
241,Complex,4.1,4.1 mini,19,,,
241,Complex,4.1,4.1 mini,20,,,
241,Complex,4.1,4.1 mini,1,2.0,2.0,3.0
241,Complex,4.1,4.1 mini,2,2.0,2.0,2.0
241,Complex,4.1,4.1 mini,3,3.0,2.0,11.0
241,Complex,4.1,4.1 mini,5,1.0,1.0,1.0
241,Complex,4.1,4.1 mini,8,2.0,2.0,2.0
241,Complex,4.1,4.1 mini,18,1.0,1.0,2.0
242,Complex,haiku,4.1,3,,,
242,Complex,haiku,4.1,5,,,
242,Complex,haiku,4.1,6,,,
242,Complex,haiku,4.1,7,,,
242,Complex,haiku,4.1,8,,,
242,Complex,haiku,4.1,10,,,
242,Complex,haiku,4.1,11,,,
242,Complex,haiku,4.1,12,,,
242,Complex,haiku,4.1,13,,,
242,Complex,haiku,4.1,14,,,
242,Complex,haiku,4.1,15,,,
242,Complex,haiku,4.1,16,,,
242,Complex,haiku,4.1,17,,,
242,Complex,haiku,4.1,18,,,
242,Complex,haiku,4.1,1,3.0,1.0,12.0
242,Complex,haiku,4.1,2,,0.0,15.0
242,Complex,haiku,4.1,4,2.0,1.0,8.0
242,Complex,haiku,4.1,9,1.0,1.0,1.0
242,Complex,haiku,4.1,19,,3.0,4.0
242,Complex,haiku,4.1,20,,3.0,9.0
243,Complex,sonnet,haiku,3,,,
243,Complex,sonnet,haiku,4,,,
243,Complex,sonnet,haiku,5,,,
243,Complex,sonnet,haiku,7,,,
243,Complex,sonnet,haiku,9,,,
243,Complex,sonnet,haiku,10,,,
243,Complex,sonnet,haiku,11,,,
243,Complex,sonnet,haiku,12,,,
243,Complex,sonnet,haiku,13,,,
243,Complex,sonnet,haiku,14,,,
243,Complex,sonnet,haiku,15,,,
243,Complex,sonnet,haiku,16,,,
243,Complex,sonnet,haiku,17,,,
243,Complex,sonnet,haiku,18,,,
243,Complex,sonnet,haiku,19,,,
243,Complex,sonnet,haiku,20,,,
243,Complex,sonnet,haiku,1,,3.0,8.0
243,Complex,sonnet,haiku,2,,1.0,11.0
243,Complex,sonnet,haiku,6,,2.0,11.0
243,Complex,sonnet,haiku,8,,2.0,12.0
374,SparseIntArray,4.1 mini,4.1,4,,,
374,SparseIntArray,4.1 mini,4.1,6,,,
374,SparseIntArray,4.1 mini,4.1,10,,,
374,SparseIntArray,4.1 mini,4.1,14,,,
374,SparseIntArray,4.1 mini,4.1,16,,,
374,SparseIntArray,4.1 mini,4.1,19,,,
374,SparseIntArray,4.1 mini,4.1,20,,,
374,SparseIntArray,4.1 mini,4.1,1,1.0,1.0,1.0
374,SparseIntArray,4.1 mini,4.1,2,1.0,1.0,1.0
374,SparseIntArray,4.1 mini,4.1,3,,3.0,3.0
374,SparseIntArray,4.1 mini,4.1,5,,3.0,3.0
374,SparseIntArray,4.1 mini,4.1,7,1.0,1.0,1.0
374,SparseIntArray,4.1 mini,4.1,8,,3.0,3.0
374,SparseIntArray,4.1 mini,4.1,9,1.0,1.0,1.0
374,SparseIntArray,4.1 mini,4.1,11,1.0,1.0,1.0
374,SparseIntArray,4.1 mini,4.1,12,1.0,1.0,1.0
374,SparseIntArray,4.1 mini,4.1,13,,3.0,3.0
374,SparseIntArray,4.1 mini,4.1,15,,3.0,3.0
374,SparseIntArray,4.1 mini,4.1,17,,3.0,3.0
374,SparseIntArray,4.1 mini,4.1,18,,3.0,3.0
375,SparseIntArray,sonnet,4.1,3,,,
375,SparseIntArray,sonnet,4.1,4,,,
375,SparseIntArray,sonnet,4.1,5,,,
375,SparseIntArray,sonnet,4.1,6,,,
375,SparseIntArray,sonnet,4.1,7,,,
375,SparseIntArray,sonnet,4.1,8,,,
375,SparseIntArray,sonnet,4.1,9,,,
375,SparseIntArray,sonnet,4.1,10,,,
375,SparseIntArray,sonnet,4.1,11,,,
375,SparseIntArray,sonnet,4.1,12,,,
375,SparseIntArray,sonnet,4.1,13,,,
375,SparseIntArray,sonnet,4.1,14,,,
375,SparseIntArray,sonnet,4.1,15,,,
375,SparseIntArray,sonnet,4.1,16,,,
375,SparseIntArray,sonnet,4.1,17,,,
375,SparseIntArray,sonnet,4.1,18,,,
375,SparseIntArray,sonnet,4.1,19,,,
375,SparseIntArray,sonnet,4.1,20,,,
375,SparseIntArray,sonnet,4.1,1,1.0,1.0,1.0
375,SparseIntArray,sonnet,4.1,2,,1.0,11.0
376,SparseIntArray,4.1 mini,4.1 mini,7,,,
376,SparseIntArray,4.1 mini,4.1 mini,15,,,
376,SparseIntArray,4.1 mini,4.1 mini,17,,,
376,SparseIntArray,4.1 mini,4.1 mini,19,,,
376,SparseIntArray,4.1 mini,4.1 mini,20,,,
376,SparseIntArray,4.1 mini,4.1 mini,1,1.0,1.0,1.0
376,SparseIntArray,4.1 mini,4.1 mini,2,1.0,1.0,1.0
376,SparseIntArray,4.1 mini,4.1 mini,3,1.0,1.0,1.0
376,SparseIntArray,4.1 mini,4.1 mini,4,1.0,1.0,1.0
376,SparseIntArray,4.1 mini,4.1 mini,5,1.0,1.0,1.0
376,SparseIntArray,4.1 mini,4.1 mini,6,,3.0,3.0
376,SparseIntArray,4.1 mini,4.1 mini,8,1.0,1.0,1.0
376,SparseIntArray,4.1 mini,4.1 mini,9,1.0,1.0,5.0
376,SparseIntArray,4.1 mini,4.1 mini,10,,3.0,3.0
376,SparseIntArray,4.1 mini,4.1 mini,11,,3.0,3.0
376,SparseIntArray,4.1 mini,4.1 mini,12,,3.0,3.0
376,SparseIntArray,4.1 mini,4.1 mini,13,,3.0,3.0
376,SparseIntArray,4.1 mini,4.1 mini,14,1.0,1.0,1.0
376,SparseIntArray,4.1 mini,4.1 mini,16,,3.0,3.0
376,SparseIntArray,4.1 mini,4.1 mini,18,,3.0,3.0
377,SparseIntArray,4.1 mini,haiku,7,,,
377,SparseIntArray,4.1 mini,haiku,8,,,
377,SparseIntArray,4.1 mini,haiku,12,,,
377,SparseIntArray,4.1 mini,haiku,15,,,
377,SparseIntArray,4.1 mini,haiku,16,,,
377,SparseIntArray,4.1 mini,haiku,20,,,
377,SparseIntArray,4.1 mini,haiku,1,2.0,1.0,10.0
377,SparseIntArray,4.1 mini,haiku,2,1.0,1.0,1.0
377,SparseIntArray,4.1 mini,haiku,3,,3.0,4.0
377,SparseIntArray,4.1 mini,haiku,4,,2.0,9.0
377,SparseIntArray,4.1 mini,haiku,5,,3.0,4.0
377,SparseIntArray,4.1 mini,haiku,6,,3.0,3.0
377,SparseIntArray,4.1 mini,haiku,9,,3.0,8.0
377,SparseIntArray,4.1 mini,haiku,10,2.0,2.0,2.0
377,SparseIntArray,4.1 mini,haiku,11,1.0,1.0,1.0
377,SparseIntArray,4.1 mini,haiku,13,,3.0,3.0
377,SparseIntArray,4.1 mini,haiku,14,,3.0,8.0
377,SparseIntArray,4.1 mini,haiku,17,,3.0,4.0
377,SparseIntArray,4.1 mini,haiku,18,,3.0,3.0
377,SparseIntArray,4.1 mini,haiku,19,,3.0,5.0
379,SparseIntArray,sonnet,haiku,3,,,
379,SparseIntArray,sonnet,haiku,4,,,
379,SparseIntArray,sonnet,haiku,5,,,
379,SparseIntArray,sonnet,haiku,6,,,
379,SparseIntArray,sonnet,haiku,7,,,
379,SparseIntArray,sonnet,haiku,8,,,
379,SparseIntArray,sonnet,haiku,9,,,
379,SparseIntArray,sonnet,haiku,10,,,
379,SparseIntArray,sonnet,haiku,11,,,
379,SparseIntArray,sonnet,haiku,12,,,
379,SparseIntArray,sonnet,haiku,13,,,
379,SparseIntArray,sonnet,haiku,14,,,
379,SparseIntArray,sonnet,haiku,15,,,
379,SparseIntArray,sonnet,haiku,16,,,
379,SparseIntArray,sonnet,haiku,17,,,
379,SparseIntArray,sonnet,haiku,18,,,
379,SparseIntArray,sonnet,haiku,19,,,
379,SparseIntArray,sonnet,haiku,20,,,
379,SparseIntArray,sonnet,haiku,1,,3.0,6.0
379,SparseIntArray,sonnet,haiku,2,1.0,1.0,1.0
380,SparseIntArray,4.1,4.1,5,,,
380,SparseIntArray,4.1,4.1,6,,,
380,SparseIntArray,4.1,4.1,7,,,
380,SparseIntArray,4.1,4.1,8,,,
380,SparseIntArray,4.1,4.1,9,,,
380,SparseIntArray,4.1,4.1,10,,,
380,SparseIntArray,4.1,4.1,11,,,
380,SparseIntArray,4.1,4.1,12,,,
380,SparseIntArray,4.1,4.1,13,,,
380,SparseIntArray,4.1,4.1,14,,,
380,SparseIntArray,4.1,4.1,15,,,
380,SparseIntArray,4.1,4.1,16,,,
380,SparseIntArray,4.1,4.1,17,,,
380,SparseIntArray,4.1,4.1,19,,,
380,SparseIntArray,4.1,4.1,1,1.0,1.0,1.0
380,SparseIntArray,4.1,4.1,2,,3.0,3.0
380,SparseIntArray,4.1,4.1,3,1.0,1.0,1.0
380,SparseIntArray,4.1,4.1,4,1.0,1.0,1.0
380,SparseIntArray,4.1,4.1,18,1.0,1.0,1.0
380,SparseIntArray,4.1,4.1,20,,3.0,3.0
383,SparseIntArray,4.1,4.1 mini,3,,,
383,SparseIntArray,4.1,4.1 mini,7,,,
383,SparseIntArray,4.1,4.1 mini,8,,,
383,SparseIntArray,4.1,4.1 mini,9,,,
383,SparseIntArray,4.1,4.1 mini,10,,,
383,SparseIntArray,4.1,4.1 mini,13,,,
383,SparseIntArray,4.1,4.1 mini,15,,,
383,SparseIntArray,4.1,4.1 mini,16,,,
383,SparseIntArray,4.1,4.1 mini,17,,,
383,SparseIntArray,4.1,4.1 mini,18,,,
383,SparseIntArray,4.1,4.1 mini,20,,,
383,SparseIntArray,4.1,4.1 mini,1,1.0,1.0,1.0
383,SparseIntArray,4.1,4.1 mini,2,,3.0,3.0
383,SparseIntArray,4.1,4.1 mini,4,1.0,1.0,1.0
383,SparseIntArray,4.1,4.1 mini,5,,3.0,3.0
383,SparseIntArray,4.1,4.1 mini,6,1.0,1.0,1.0
383,SparseIntArray,4.1,4.1 mini,11,1.0,1.0,1.0
383,SparseIntArray,4.1,4.1 mini,12,,3.0,3.0
383,SparseIntArray,4.1,4.1 mini,14,,3.0,3.0
383,SparseIntArray,4.1,4.1 mini,19,,3.0,3.0
384,SparseIntArray,sonnet,sonnet,3,,,
384,SparseIntArray,sonnet,sonnet,4,,,
384,SparseIntArray,sonnet,sonnet,5,,,
384,SparseIntArray,sonnet,sonnet,6,,,
384,SparseIntArray,sonnet,sonnet,7,,,
384,SparseIntArray,sonnet,sonnet,8,,,
384,SparseIntArray,sonnet,sonnet,9,,,
384,SparseIntArray,sonnet,sonnet,10,,,
384,SparseIntArray,sonnet,sonnet,11,,,
384,SparseIntArray,sonnet,sonnet,12,,,
384,SparseIntArray,sonnet,sonnet,13,,,
384,SparseIntArray,sonnet,sonnet,14,,,
384,SparseIntArray,sonnet,sonnet,15,,,
384,SparseIntArray,sonnet,sonnet,16,,,
384,SparseIntArray,sonnet,sonnet,17,,,
384,SparseIntArray,sonnet,sonnet,18,,,
384,SparseIntArray,sonnet,sonnet,19,,,
384,SparseIntArray,sonnet,sonnet,20,,,
384,SparseIntArray,sonnet,sonnet,1,1.0,1.0,1.0
384,SparseIntArray,sonnet,sonnet,2,,0.0,15.0
387,SparseIntArray,sonnet,4.1 mini,3,,,
387,SparseIntArray,sonnet,4.1 mini,4,,,
387,SparseIntArray,sonnet,4.1 mini,5,,,
387,SparseIntArray,sonnet,4.1 mini,6,,,
387,SparseIntArray,sonnet,4.1 mini,7,,,
387,SparseIntArray,sonnet,4.1 mini,8,,,
387,SparseIntArray,sonnet,4.1 mini,9,,,
387,SparseIntArray,sonnet,4.1 mini,10,,,
387,SparseIntArray,sonnet,4.1 mini,11,,,
387,SparseIntArray,sonnet,4.1 mini,12,,,
387,SparseIntArray,sonnet,4.1 mini,13,,,
387,SparseIntArray,sonnet,4.1 mini,14,,,
387,SparseIntArray,sonnet,4.1 mini,15,,,
387,SparseIntArray,sonnet,4.1 mini,16,,,
387,SparseIntArray,sonnet,4.1 mini,17,,,
387,SparseIntArray,sonnet,4.1 mini,18,,,
387,SparseIntArray,sonnet,4.1 mini,19,,,
387,SparseIntArray,sonnet,4.1 mini,20,,,
387,SparseIntArray,sonnet,4.1 mini,1,1.0,1.0,3.0
387,SparseIntArray,sonnet,4.1 mini,2,,0.0,15.0
390,SparseIntArray,4.1,sonnet,4,,,
390,SparseIntArray,4.1,sonnet,6,,,
390,SparseIntArray,4.1,sonnet,7,,,
390,SparseIntArray,4.1,sonnet,8,,,
390,SparseIntArray,4.1,sonnet,9,,,
390,SparseIntArray,4.1,sonnet,10,,,
390,SparseIntArray,4.1,sonnet,12,,,
390,SparseIntArray,4.1,sonnet,13,,,
390,SparseIntArray,4.1,sonnet,14,,,
390,SparseIntArray,4.1,sonnet,15,,,
390,SparseIntArray,4.1,sonnet,16,,,
390,SparseIntArray,4.1,sonnet,18,,,
390,SparseIntArray,4.1,sonnet,19,,,
390,SparseIntArray,4.1,sonnet,20,,,
390,SparseIntArray,4.1,sonnet,1,1.0,1.0,1.0
390,SparseIntArray,4.1,sonnet,2,1.0,1.0,1.0
390,SparseIntArray,4.1,sonnet,3,1.0,1.0,1.0
390,SparseIntArray,4.1,sonnet,5,1.0,1.0,1.0
390,SparseIntArray,4.1,sonnet,11,1.0,1.0,1.0
390,SparseIntArray,4.1,sonnet,17,,0.0,15.0
394,SparseIntArray,4.1,haiku,6,,,
394,SparseIntArray,4.1,haiku,8,,,
394,SparseIntArray,4.1,haiku,9,,,
394,SparseIntArray,4.1,haiku,12,,,
394,SparseIntArray,4.1,haiku,1,1.0,1.0,1.0
394,SparseIntArray,4.1,haiku,2,,0.0,15.0
394,SparseIntArray,4.1,haiku,3,,0.0,15.0
394,SparseIntArray,4.1,haiku,4,,0.0,15.0
394,SparseIntArray,4.1,haiku,5,1.0,1.0,1.0
394,SparseIntArray,4.1,haiku,7,,0.0,15.0
394,SparseIntArray,4.1,haiku,10,,0.0,15.0
394,SparseIntArray,4.1,haiku,11,1.0,1.0,2.0
394,SparseIntArray,4.1,haiku,13,,0.0,15.0
394,SparseIntArray,4.1,haiku,14,2.0,1.0,9.0
394,SparseIntArray,4.1,haiku,15,1.0,1.0,1.0
394,SparseIntArray,4.1,haiku,16,1.0,1.0,1.0
394,SparseIntArray,4.1,haiku,17,,0.0,15.0
394,SparseIntArray,4.1,haiku,18,,3.0,4.0
394,SparseIntArray,4.1,haiku,19,1.0,1.0,1.0
394,SparseIntArray,4.1,haiku,20,,2.0,12.0
413,IntHashMap,4.1 mini,4.1 mini,12,,,
413,IntHashMap,4.1 mini,4.1 mini,13,,,
413,IntHashMap,4.1 mini,4.1 mini,17,,,
413,IntHashMap,4.1 mini,4.1 mini,19,,,
413,IntHashMap,4.1 mini,4.1 mini,1,,3.0,7.0
413,IntHashMap,4.1 mini,4.1 mini,2,,3.0,3.0
413,IntHashMap,4.1 mini,4.1 mini,3,,3.0,6.0
413,IntHashMap,4.1 mini,4.1 mini,4,,3.0,3.0
413,IntHashMap,4.1 mini,4.1 mini,5,,3.0,3.0
413,IntHashMap,4.1 mini,4.1 mini,6,,3.0,3.0
413,IntHashMap,4.1 mini,4.1 mini,7,,3.0,5.0
413,IntHashMap,4.1 mini,4.1 mini,8,,3.0,3.0
413,IntHashMap,4.1 mini,4.1 mini,9,1.0,1.0,1.0
413,IntHashMap,4.1 mini,4.1 mini,10,1.0,1.0,5.0
413,IntHashMap,4.1 mini,4.1 mini,11,1.0,1.0,1.0
413,IntHashMap,4.1 mini,4.1 mini,14,,3.0,3.0
413,IntHashMap,4.1 mini,4.1 mini,15,,3.0,3.0
413,IntHashMap,4.1 mini,4.1 mini,16,,3.0,3.0
413,IntHashMap,4.1 mini,4.1 mini,18,,3.0,3.0
413,IntHashMap,4.1 mini,4.1 mini,20,1.0,1.0,1.0
414,IntHashMap,4.1 mini,4.1,5,,,
414,IntHashMap,4.1 mini,4.1,15,,,
414,IntHashMap,4.1 mini,4.1,16,,,
414,IntHashMap,4.1 mini,4.1,17,,,
414,IntHashMap,4.1 mini,4.1,18,,,
414,IntHashMap,4.1 mini,4.1,1,2.0,2.0,2.0
414,IntHashMap,4.1 mini,4.1,2,,3.0,6.0
414,IntHashMap,4.1 mini,4.1,3,,3.0,3.0
414,IntHashMap,4.1 mini,4.1,4,1.0,1.0,1.0
414,IntHashMap,4.1 mini,4.1,6,,3.0,3.0
414,IntHashMap,4.1 mini,4.1,7,,3.0,8.0
414,IntHashMap,4.1 mini,4.1,8,,3.0,4.0
414,IntHashMap,4.1 mini,4.1,9,,3.0,3.0
414,IntHashMap,4.1 mini,4.1,10,,3.0,4.0
414,IntHashMap,4.1 mini,4.1,11,1.0,1.0,1.0
414,IntHashMap,4.1 mini,4.1,12,,3.0,3.0
414,IntHashMap,4.1 mini,4.1,13,,3.0,7.0
414,IntHashMap,4.1 mini,4.1,14,,3.0,4.0
414,IntHashMap,4.1 mini,4.1,19,,3.0,4.0
414,IntHashMap,4.1 mini,4.1,20,,3.0,5.0
418,IntHashMap,4.1,4.1 mini,16,,,
418,IntHashMap,4.1,4.1 mini,1,,2.0,10.0
418,IntHashMap,4.1,4.1 mini,2,,2.0,7.0
418,IntHashMap,4.1,4.1 mini,3,1.0,1.0,1.0
418,IntHashMap,4.1,4.1 mini,4,,3.0,3.0
418,IntHashMap,4.1,4.1 mini,5,2.0,2.0,2.0
418,IntHashMap,4.1,4.1 mini,6,,3.0,4.0
418,IntHashMap,4.1,4.1 mini,7,3.0,3.0,3.0
418,IntHashMap,4.1,4.1 mini,8,,3.0,3.0
418,IntHashMap,4.1,4.1 mini,9,,3.0,4.0
418,IntHashMap,4.1,4.1 mini,10,,3.0,3.0
418,IntHashMap,4.1,4.1 mini,11,,3.0,3.0
418,IntHashMap,4.1,4.1 mini,12,1.0,1.0,2.0
418,IntHashMap,4.1,4.1 mini,13,,3.0,8.0
418,IntHashMap,4.1,4.1 mini,14,,3.0,3.0
418,IntHashMap,4.1,4.1 mini,15,,3.0,3.0
418,IntHashMap,4.1,4.1 mini,17,,3.0,3.0
418,IntHashMap,4.1,4.1 mini,18,,3.0,5.0
418,IntHashMap,4.1,4.1 mini,19,,3.0,3.0
418,IntHashMap,4.1,4.1 mini,20,,3.0,3.0
419,IntHashMap,4.1,4.1,8,,,
419,IntHashMap,4.1,4.1,18,,,
419,IntHashMap,4.1,4.1,20,,,
419,IntHashMap,4.1,4.1,1,1.0,1.0,2.0
419,IntHashMap,4.1,4.1,2,1.0,1.0,3.0
419,IntHashMap,4.1,4.1,3,1.0,1.0,2.0
419,IntHashMap,4.1,4.1,4,1.0,1.0,1.0
419,IntHashMap,4.1,4.1,5,,3.0,5.0
419,IntHashMap,4.1,4.1,6,1.0,1.0,1.0
419,IntHashMap,4.1,4.1,7,,3.0,8.0
419,IntHashMap,4.1,4.1,9,1.0,1.0,1.0
419,IntHashMap,4.1,4.1,10,,2.0,10.0
419,IntHashMap,4.1,4.1,11,,3.0,3.0
419,IntHashMap,4.1,4.1,12,,3.0,3.0
419,IntHashMap,4.1,4.1,13,,3.0,4.0
419,IntHashMap,4.1,4.1,14,,3.0,5.0
419,IntHashMap,4.1,4.1,15,,3.0,3.0
419,IntHashMap,4.1,4.1,16,,3.0,3.0
419,IntHashMap,4.1,4.1,17,,3.0,3.0
419,IntHashMap,4.1,4.1,19,1.0,1.0,2.0
438,Rational,4.1 mini,4.1 mini,8,,,
438,Rational,4.1 mini,4.1 mini,10,,,
438,Rational,4.1 mini,4.1 mini,13,,,
438,Rational,4.1 mini,4.1 mini,14,,,
438,Rational,4.1 mini,4.1 mini,15,,,
438,Rational,4.1 mini,4.1 mini,16,,,
438,Rational,4.1 mini,4.1 mini,17,,,
438,Rational,4.1 mini,4.1 mini,20,,,
438,Rational,4.1 mini,4.1 mini,1,,3.0,6.0
438,Rational,4.1 mini,4.1 mini,2,,3.0,3.0
438,Rational,4.1 mini,4.1 mini,3,,3.0,3.0
438,Rational,4.1 mini,4.1 mini,4,2.0,1.0,7.0
438,Rational,4.1 mini,4.1 mini,5,,3.0,7.0
438,Rational,4.1 mini,4.1 mini,6,1.0,1.0,1.0
438,Rational,4.1 mini,4.1 mini,7,1.0,1.0,1.0
438,Rational,4.1 mini,4.1 mini,9,1.0,1.0,2.0
438,Rational,4.1 mini,4.1 mini,11,,1.0,14.0
438,Rational,4.1 mini,4.1 mini,12,,3.0,3.0
438,Rational,4.1 mini,4.1 mini,18,,3.0,10.0
438,Rational,4.1 mini,4.1 mini,19,,3.0,6.0
439,Rational,4.1 mini,4.1,13,,,
439,Rational,4.1 mini,4.1,17,,,
439,Rational,4.1 mini,4.1,18,,,
439,Rational,4.1 mini,4.1,19,,,
439,Rational,4.1 mini,4.1,1,,3.0,3.0
439,Rational,4.1 mini,4.1,2,,3.0,4.0
439,Rational,4.1 mini,4.1,3,,0.0,15.0
439,Rational,4.1 mini,4.1,4,2.0,1.0,10.0
439,Rational,4.1 mini,4.1,5,1.0,1.0,1.0
439,Rational,4.1 mini,4.1,6,,3.0,3.0
439,Rational,4.1 mini,4.1,7,,0.0,15.0
439,Rational,4.1 mini,4.1,8,,1.0,14.0
439,Rational,4.1 mini,4.1,9,1.0,1.0,5.0
439,Rational,4.1 mini,4.1,10,3.0,3.0,4.0
439,Rational,4.1 mini,4.1,11,,3.0,3.0
439,Rational,4.1 mini,4.1,12,2.0,1.0,7.0
439,Rational,4.1 mini,4.1,14,,3.0,5.0
439,Rational,4.1 mini,4.1,15,,3.0,3.0
439,Rational,4.1 mini,4.1,16,3.0,3.0,4.0
439,Rational,4.1 mini,4.1,20,,3.0,3.0
443,Rational,4.1,4.1 mini,3,,,
443,Rational,4.1,4.1 mini,4,,,
443,Rational,4.1,4.1 mini,5,,,
443,Rational,4.1,4.1 mini,7,,,
443,Rational,4.1,4.1 mini,10,,,
443,Rational,4.1,4.1 mini,11,,,
443,Rational,4.1,4.1 mini,12,,,
443,Rational,4.1,4.1 mini,13,,,
443,Rational,4.1,4.1 mini,14,,,
443,Rational,4.1,4.1 mini,15,,,
443,Rational,4.1,4.1 mini,17,,,
443,Rational,4.1,4.1 mini,18,,,
443,Rational,4.1,4.1 mini,19,,,
443,Rational,4.1,4.1 mini,20,,,
443,Rational,4.1,4.1 mini,1,2.0,2.0,2.0
443,Rational,4.1,4.1 mini,2,2.0,1.0,7.0
443,Rational,4.1,4.1 mini,6,1.0,1.0,1.0
443,Rational,4.1,4.1 mini,8,,0.0,15.0
443,Rational,4.1,4.1 mini,9,1.0,1.0,1.0
443,Rational,4.1,4.1 mini,16,,2.0,9.0
444,Rational,4.1,4.1,6,,,
444,Rational,4.1,4.1,7,,,
444,Rational,4.1,4.1,10,,,
444,Rational,4.1,4.1,11,,,
444,Rational,4.1,4.1,14,,,
444,Rational,4.1,4.1,17,,,
444,Rational,4.1,4.1,19,,,
444,Rational,4.1,4.1,20,,,
444,Rational,4.1,4.1,1,,1.0,11.0
444,Rational,4.1,4.1,2,2.0,2.0,3.0
444,Rational,4.1,4.1,3,,2.0,8.0
444,Rational,4.1,4.1,4,1.0,1.0,5.0
444,Rational,4.1,4.1,5,3.0,1.0,12.0
444,Rational,4.1,4.1,8,1.0,1.0,1.0
444,Rational,4.1,4.1,9,,0.0,15.0
444,Rational,4.1,4.1,12,,2.0,12.0
444,Rational,4.1,4.1,13,,2.0,10.0
444,Rational,4.1,4.1,15,2.0,1.0,7.0
444,Rational,4.1,4.1,16,1.0,1.0,2.0
444,Rational,4.1,4.1,18,,0.0,15.0
460,Option,4.1 mini,haiku,18,,,
460,Option,4.1 mini,haiku,19,,,
460,Option,4.1 mini,haiku,20,,,
460,Option,4.1 mini,haiku,1,3.0,2.0,7.0
460,Option,4.1 mini,haiku,2,,2.0,9.0
460,Option,4.1 mini,haiku,3,,0.0,15.0
460,Option,4.1 mini,haiku,4,,2.0,10.0
460,Option,4.1 mini,haiku,5,1.0,1.0,5.0
460,Option,4.1 mini,haiku,6,,0.0,15.0
460,Option,4.1 mini,haiku,7,,0.0,15.0
460,Option,4.1 mini,haiku,8,3.0,1.0,12.0
460,Option,4.1 mini,haiku,9,,1.0,11.0
460,Option,4.1 mini,haiku,10,,1.0,11.0
460,Option,4.1 mini,haiku,11,,2.0,11.0
460,Option,4.1 mini,haiku,12,,0.0,15.0
460,Option,4.1 mini,haiku,13,,1.0,12.0
460,Option,4.1 mini,haiku,14,,2.0,7.0
460,Option,4.1 mini,haiku,15,,3.0,8.0
460,Option,4.1 mini,haiku,16,,3.0,5.0
460,Option,4.1 mini,haiku,17,1.0,1.0,1.0
463,Option,4.1 mini,4.1 mini,3,,,
463,Option,4.1 mini,4.1 mini,7,,,
463,Option,4.1 mini,4.1 mini,9,,,
463,Option,4.1 mini,4.1 mini,10,,,
463,Option,4.1 mini,4.1 mini,12,,,
463,Option,4.1 mini,4.1 mini,13,,,
463,Option,4.1 mini,4.1 mini,14,,,
463,Option,4.1 mini,4.1 mini,16,,,
463,Option,4.1 mini,4.1 mini,17,,,
463,Option,4.1 mini,4.1 mini,20,,,
463,Option,4.1 mini,4.1 mini,1,,3.0,3.0
463,Option,4.1 mini,4.1 mini,2,,2.0,7.0
463,Option,4.1 mini,4.1 mini,4,,1.0,14.0
463,Option,4.1 mini,4.1 mini,5,3.0,3.0,7.0
463,Option,4.1 mini,4.1 mini,6,3.0,1.0,13.0
463,Option,4.1 mini,4.1 mini,8,,3.0,3.0
463,Option,4.1 mini,4.1 mini,11,1.0,1.0,3.0
463,Option,4.1 mini,4.1 mini,15,,2.0,7.0
463,Option,4.1 mini,4.1 mini,18,,3.0,6.0
463,Option,4.1 mini,4.1 mini,19,1.0,1.0,1.0
464,Option,4.1 mini,4.1,4,,,
464,Option,4.1 mini,4.1,5,,,
464,Option,4.1 mini,4.1,10,,,
464,Option,4.1 mini,4.1,16,,,
464,Option,4.1 mini,4.1,18,,,
464,Option,4.1 mini,4.1,19,,,
464,Option,4.1 mini,4.1,20,,,
464,Option,4.1 mini,4.1,1,1.0,1.0,5.0
464,Option,4.1 mini,4.1,2,,3.0,4.0
464,Option,4.1 mini,4.1,3,1.0,1.0,2.0
464,Option,4.1 mini,4.1,6,,3.0,3.0
464,Option,4.1 mini,4.1,7,,3.0,5.0
464,Option,4.1 mini,4.1,8,,3.0,3.0
464,Option,4.1 mini,4.1,9,,0.0,15.0
464,Option,4.1 mini,4.1,11,,3.0,4.0
464,Option,4.1 mini,4.1,12,1.0,1.0,1.0
464,Option,4.1 mini,4.1,13,1.0,1.0,4.0
464,Option,4.1 mini,4.1,14,,3.0,3.0
464,Option,4.1 mini,4.1,15,,3.0,3.0
464,Option,4.1 mini,4.1,17,,3.0,3.0
465,Option,4.1,haiku,1,,1.0,12.0
465,Option,4.1,haiku,2,1.0,1.0,2.0
465,Option,4.1,haiku,3,1.0,1.0,2.0
465,Option,4.1,haiku,4,1.0,1.0,2.0
465,Option,4.1,haiku,5,,3.0,7.0
465,Option,4.1,haiku,6,1.0,1.0,1.0
465,Option,4.1,haiku,7,1.0,1.0,1.0
465,Option,4.1,haiku,8,1.0,1.0,1.0
465,Option,4.1,haiku,9,,3.0,4.0
465,Option,4.1,haiku,10,,1.0,15.0
465,Option,4.1,haiku,11,,0.0,15.0
465,Option,4.1,haiku,12,,2.0,14.0
465,Option,4.1,haiku,13,,0.0,15.0
465,Option,4.1,haiku,14,,3.0,3.0
465,Option,4.1,haiku,15,,0.0,15.0
465,Option,4.1,haiku,16,1.0,1.0,2.0
465,Option,4.1,haiku,17,,3.0,5.0
465,Option,4.1,haiku,18,,3.0,3.0
465,Option,4.1,haiku,19,,3.0,4.0
465,Option,4.1,haiku,20,2.0,1.0,8.0
466,Option,4.1,sonnet,1,,2.0,8.0
466,Option,4.1,sonnet,2,,0.0,15.0
466,Option,4.1,sonnet,3,1.0,1.0,1.0
466,Option,4.1,sonnet,4,,0.0,15.0
466,Option,4.1,sonnet,5,,0.0,15.0
466,Option,4.1,sonnet,6,,3.0,6.0
466,Option,4.1,sonnet,7,,0.0,15.0
466,Option,4.1,sonnet,8,,0.0,15.0
466,Option,4.1,sonnet,9,,0.0,15.0
466,Option,4.1,sonnet,10,,0.0,15.0
466,Option,4.1,sonnet,11,,0.0,15.0
466,Option,4.1,sonnet,12,1.0,1.0,3.0
466,Option,4.1,sonnet,13,1.0,1.0,3.0
466,Option,4.1,sonnet,14,,0.0,15.0
466,Option,4.1,sonnet,15,,0.0,15.0
466,Option,4.1,sonnet,16,,0.0,15.0
466,Option,4.1,sonnet,17,,0.0,15.0
466,Option,4.1,sonnet,18,,0.0,15.0
466,Option,4.1,sonnet,19,,0.0,15.0
466,Option,4.1,sonnet,20,,0.0,15.0
470,XmlElement,haiku,haiku,11,,,
470,XmlElement,haiku,haiku,14,,,
470,XmlElement,haiku,haiku,1,,3.0,5.0
470,XmlElement,haiku,haiku,2,,3.0,4.0
470,XmlElement,haiku,haiku,3,,3.0,3.0
470,XmlElement,haiku,haiku,4,,3.0,15.0
470,XmlElement,haiku,haiku,5,,3.0,3.0
470,XmlElement,haiku,haiku,6,,3.0,3.0
470,XmlElement,haiku,haiku,7,,3.0,8.0
470,XmlElement,haiku,haiku,8,,3.0,4.0
470,XmlElement,haiku,haiku,9,,3.0,3.0
470,XmlElement,haiku,haiku,10,3.0,1.0,13.0
470,XmlElement,haiku,haiku,12,,3.0,4.0
470,XmlElement,haiku,haiku,13,,3.0,3.0
470,XmlElement,haiku,haiku,15,,3.0,3.0
470,XmlElement,haiku,haiku,16,,3.0,3.0
470,XmlElement,haiku,haiku,17,,3.0,3.0
470,XmlElement,haiku,haiku,18,,2.0,8.0
470,XmlElement,haiku,haiku,19,,3.0,3.0
470,XmlElement,haiku,haiku,20,,3.0,5.0
471,XmlElement,haiku,sonnet,1,,0.0,15.0
471,XmlElement,haiku,sonnet,2,,3.0,3.0
471,XmlElement,haiku,sonnet,3,,3.0,3.0
471,XmlElement,haiku,sonnet,4,,3.0,3.0
471,XmlElement,haiku,sonnet,5,,3.0,3.0
471,XmlElement,haiku,sonnet,6,,3.0,3.0
471,XmlElement,haiku,sonnet,7,,3.0,3.0
471,XmlElement,haiku,sonnet,8,,3.0,3.0
471,XmlElement,haiku,sonnet,9,,3.0,3.0
471,XmlElement,haiku,sonnet,10,,3.0,3.0
471,XmlElement,haiku,sonnet,11,,3.0,3.0
471,XmlElement,haiku,sonnet,12,1.0,1.0,1.0
471,XmlElement,haiku,sonnet,13,,3.0,3.0
471,XmlElement,haiku,sonnet,14,,0.0,15.0
471,XmlElement,haiku,sonnet,15,,3.0,3.0
471,XmlElement,haiku,sonnet,16,,3.0,3.0
471,XmlElement,haiku,sonnet,17,,3.0,3.0
471,XmlElement,haiku,sonnet,18,,0.0,15.0
471,XmlElement,haiku,sonnet,19,,3.0,3.0
471,XmlElement,haiku,sonnet,20,,3.0,3.0
473,XmlElement,haiku,4.1 mini,4,,,
473,XmlElement,haiku,4.1 mini,5,,,
473,XmlElement,haiku,4.1 mini,7,,,
473,XmlElement,haiku,4.1 mini,8,,,
473,XmlElement,haiku,4.1 mini,10,,,
473,XmlElement,haiku,4.1 mini,11,,,
473,XmlElement,haiku,4.1 mini,12,,,
473,XmlElement,haiku,4.1 mini,13,,,
473,XmlElement,haiku,4.1 mini,16,,,
473,XmlElement,haiku,4.1 mini,17,,,
473,XmlElement,haiku,4.1 mini,19,,,
473,XmlElement,haiku,4.1 mini,20,,,
473,XmlElement,haiku,4.1 mini,1,1.0,1.0,1.0
473,XmlElement,haiku,4.1 mini,2,,3.0,3.0
473,XmlElement,haiku,4.1 mini,3,1.0,1.0,1.0
473,XmlElement,haiku,4.1 mini,6,,3.0,3.0
473,XmlElement,haiku,4.1 mini,9,,3.0,3.0
473,XmlElement,haiku,4.1 mini,14,,3.0,3.0
473,XmlElement,haiku,4.1 mini,15,,3.0,6.0
473,XmlElement,haiku,4.1 mini,18,,3.0,3.0
474,XmlElement,haiku,4.1,9,,,
474,XmlElement,haiku,4.1,13,,,
474,XmlElement,haiku,4.1,16,,,
474,XmlElement,haiku,4.1,1,1.0,1.0,1.0
474,XmlElement,haiku,4.1,2,,3.0,3.0
474,XmlElement,haiku,4.1,3,1.0,1.0,1.0
474,XmlElement,haiku,4.1,4,,3.0,3.0
474,XmlElement,haiku,4.1,5,,3.0,5.0
474,XmlElement,haiku,4.1,6,,3.0,3.0
474,XmlElement,haiku,4.1,7,,3.0,3.0
474,XmlElement,haiku,4.1,8,,3.0,3.0
474,XmlElement,haiku,4.1,10,,3.0,3.0
474,XmlElement,haiku,4.1,11,,3.0,3.0
474,XmlElement,haiku,4.1,12,,3.0,4.0
474,XmlElement,haiku,4.1,14,,3.0,3.0
474,XmlElement,haiku,4.1,15,,3.0,3.0
474,XmlElement,haiku,4.1,17,,3.0,6.0
474,XmlElement,haiku,4.1,18,,3.0,3.0
474,XmlElement,haiku,4.1,19,,3.0,5.0
474,XmlElement,haiku,4.1,20,,3.0,3.0
475,XmlElement,sonnet,haiku,2,,,
475,XmlElement,sonnet,haiku,3,,,
475,XmlElement,sonnet,haiku,4,,,
475,XmlElement,sonnet,haiku,5,,,
475,XmlElement,sonnet,haiku,6,,,
475,XmlElement,sonnet,haiku,7,,,
475,XmlElement,sonnet,haiku,8,,,
475,XmlElement,sonnet,haiku,9,,,
475,XmlElement,sonnet,haiku,10,,,
475,XmlElement,sonnet,haiku,11,,,
475,XmlElement,sonnet,haiku,12,,,
475,XmlElement,sonnet,haiku,13,,,
475,XmlElement,sonnet,haiku,14,,,
475,XmlElement,sonnet,haiku,15,,,
475,XmlElement,sonnet,haiku,16,,,
475,XmlElement,sonnet,haiku,17,,,
475,XmlElement,sonnet,haiku,18,,,
475,XmlElement,sonnet,haiku,19,,,
475,XmlElement,sonnet,haiku,20,,,
475,XmlElement,sonnet,haiku,1,3.0,1.0,14.0
476,XmlElement,sonnet,sonnet,1,,,
476,XmlElement,sonnet,sonnet,6,,,
476,XmlElement,sonnet,sonnet,7,,,
476,XmlElement,sonnet,sonnet,8,,,
476,XmlElement,sonnet,sonnet,9,,,
476,XmlElement,sonnet,sonnet,10,,,
476,XmlElement,sonnet,sonnet,13,,,
476,XmlElement,sonnet,sonnet,14,,,
476,XmlElement,sonnet,sonnet,15,,,
476,XmlElement,sonnet,sonnet,16,,,
476,XmlElement,sonnet,sonnet,17,,,
476,XmlElement,sonnet,sonnet,19,,,
476,XmlElement,sonnet,sonnet,20,,,
476,XmlElement,sonnet,sonnet,2,,0.0,15.0
476,XmlElement,sonnet,sonnet,3,,0.0,15.0
476,XmlElement,sonnet,sonnet,4,,1.0,11.0
476,XmlElement,sonnet,sonnet,5,,0.0,15.0
476,XmlElement,sonnet,sonnet,11,,2.0,11.0
476,XmlElement,sonnet,sonnet,12,,0.0,15.0
476,XmlElement,sonnet,sonnet,18,,1.0,14.0
478,XmlElement,sonnet,4.1 mini,2,,,
478,XmlElement,sonnet,4.1 mini,3,,,
478,XmlElement,sonnet,4.1 mini,4,,,
478,XmlElement,sonnet,4.1 mini,5,,,
478,XmlElement,sonnet,4.1 mini,6,,,
478,XmlElement,sonnet,4.1 mini,7,,,
478,XmlElement,sonnet,4.1 mini,8,,,
478,XmlElement,sonnet,4.1 mini,9,,,
478,XmlElement,sonnet,4.1 mini,10,,,
478,XmlElement,sonnet,4.1 mini,11,,,
478,XmlElement,sonnet,4.1 mini,12,,,
478,XmlElement,sonnet,4.1 mini,13,,,
478,XmlElement,sonnet,4.1 mini,14,,,
478,XmlElement,sonnet,4.1 mini,15,,,
478,XmlElement,sonnet,4.1 mini,16,,,
478,XmlElement,sonnet,4.1 mini,17,,,
478,XmlElement,sonnet,4.1 mini,18,,,
478,XmlElement,sonnet,4.1 mini,19,,,
478,XmlElement,sonnet,4.1 mini,20,,,
478,XmlElement,sonnet,4.1 mini,1,3.0,3.0,5.0
479,XmlElement,sonnet,4.1,2,,,
479,XmlElement,sonnet,4.1,4,,,
479,XmlElement,sonnet,4.1,6,,,
479,XmlElement,sonnet,4.1,8,,,
479,XmlElement,sonnet,4.1,9,,,
479,XmlElement,sonnet,4.1,11,,,
479,XmlElement,sonnet,4.1,14,,,
479,XmlElement,sonnet,4.1,15,,,
479,XmlElement,sonnet,4.1,16,,,
479,XmlElement,sonnet,4.1,17,,,
479,XmlElement,sonnet,4.1,18,,,
479,XmlElement,sonnet,4.1,19,,,
479,XmlElement,sonnet,4.1,20,,,
479,XmlElement,sonnet,4.1,1,,3.0,3.0
479,XmlElement,sonnet,4.1,3,,3.0,3.0
479,XmlElement,sonnet,4.1,5,,2.0,7.0
479,XmlElement,sonnet,4.1,7,,3.0,9.0
479,XmlElement,sonnet,4.1,10,,3.0,3.0
479,XmlElement,sonnet,4.1,12,,3.0,4.0
479,XmlElement,sonnet,4.1,13,,3.0,3.0
485,XmlElement,4.1 mini,haiku,5,,,
485,XmlElement,4.1 mini,haiku,9,,,
485,XmlElement,4.1 mini,haiku,13,,,
485,XmlElement,4.1 mini,haiku,16,,,
485,XmlElement,4.1 mini,haiku,1,2.0,2.0,2.0
485,XmlElement,4.1 mini,haiku,2,,3.0,3.0
485,XmlElement,4.1 mini,haiku,3,,3.0,3.0
485,XmlElement,4.1 mini,haiku,4,,2.0,10.0
485,XmlElement,4.1 mini,haiku,6,2.0,1.0,10.0
485,XmlElement,4.1 mini,haiku,7,1.0,1.0,1.0
485,XmlElement,4.1 mini,haiku,8,,2.0,10.0
485,XmlElement,4.1 mini,haiku,10,,1.0,15.0
485,XmlElement,4.1 mini,haiku,11,,0.0,15.0
485,XmlElement,4.1 mini,haiku,12,,0.0,15.0
485,XmlElement,4.1 mini,haiku,14,,1.0,13.0
485,XmlElement,4.1 mini,haiku,15,2.0,2.0,2.0
485,XmlElement,4.1 mini,haiku,17,,1.0,11.0
485,XmlElement,4.1 mini,haiku,18,1.0,1.0,1.0
485,XmlElement,4.1 mini,haiku,19,,2.0,12.0
485,XmlElement,4.1 mini,haiku,20,,2.0,12.0
486,XmlElement,4.1 mini,sonnet,17,,,
486,XmlElement,4.1 mini,sonnet,1,,0.0,15.0
486,XmlElement,4.1 mini,sonnet,2,,0.0,15.0
486,XmlElement,4.1 mini,sonnet,3,,0.0,15.0
486,XmlElement,4.1 mini,sonnet,4,,3.0,6.0
486,XmlElement,4.1 mini,sonnet,5,1.0,1.0,3.0
486,XmlElement,4.1 mini,sonnet,6,,3.0,3.0
486,XmlElement,4.1 mini,sonnet,7,,3.0,3.0
486,XmlElement,4.1 mini,sonnet,8,,3.0,3.0
486,XmlElement,4.1 mini,sonnet,9,1.0,1.0,1.0
486,XmlElement,4.1 mini,sonnet,10,,3.0,4.0
486,XmlElement,4.1 mini,sonnet,11,,0.0,15.0
486,XmlElement,4.1 mini,sonnet,12,,0.0,15.0
486,XmlElement,4.1 mini,sonnet,13,,0.0,15.0
486,XmlElement,4.1 mini,sonnet,14,,0.0,15.0
486,XmlElement,4.1 mini,sonnet,15,,0.0,15.0
486,XmlElement,4.1 mini,sonnet,16,,3.0,8.0
486,XmlElement,4.1 mini,sonnet,18,,0.0,15.0
486,XmlElement,4.1 mini,sonnet,19,1.0,1.0,1.0
486,XmlElement,4.1 mini,sonnet,20,,3.0,3.0
488,XmlElement,4.1 mini,4.1 mini,9,,,
488,XmlElement,4.1 mini,4.1 mini,12,,,
488,XmlElement,4.1 mini,4.1 mini,14,,,
488,XmlElement,4.1 mini,4.1 mini,15,,,
488,XmlElement,4.1 mini,4.1 mini,16,,,
488,XmlElement,4.1 mini,4.1 mini,18,,,
488,XmlElement,4.1 mini,4.1 mini,19,,,
488,XmlElement,4.1 mini,4.1 mini,20,,,
488,XmlElement,4.1 mini,4.1 mini,1,2.0,2.0,2.0
488,XmlElement,4.1 mini,4.1 mini,2,1.0,1.0,1.0
488,XmlElement,4.1 mini,4.1 mini,3,,3.0,3.0
488,XmlElement,4.1 mini,4.1 mini,4,1.0,1.0,1.0
488,XmlElement,4.1 mini,4.1 mini,5,,3.0,4.0
488,XmlElement,4.1 mini,4.1 mini,6,1.0,1.0,1.0
488,XmlElement,4.1 mini,4.1 mini,7,3.0,3.0,3.0
488,XmlElement,4.1 mini,4.1 mini,8,1.0,1.0,2.0
488,XmlElement,4.1 mini,4.1 mini,10,1.0,1.0,3.0
488,XmlElement,4.1 mini,4.1 mini,11,1.0,1.0,2.0
488,XmlElement,4.1 mini,4.1 mini,13,,3.0,3.0
488,XmlElement,4.1 mini,4.1 mini,17,1.0,1.0,1.0
489,XmlElement,4.1 mini,4.1,13,,,
489,XmlElement,4.1 mini,4.1,14,,,
489,XmlElement,4.1 mini,4.1,15,,,
489,XmlElement,4.1 mini,4.1,16,,,
489,XmlElement,4.1 mini,4.1,17,,,
489,XmlElement,4.1 mini,4.1,18,,,
489,XmlElement,4.1 mini,4.1,1,,1.0,12.0
489,XmlElement,4.1 mini,4.1,2,1.0,1.0,4.0
489,XmlElement,4.1 mini,4.1,3,2.0,2.0,5.0
489,XmlElement,4.1 mini,4.1,4,1.0,1.0,1.0
489,XmlElement,4.1 mini,4.1,5,1.0,1.0,1.0
489,XmlElement,4.1 mini,4.1,6,,3.0,3.0
489,XmlElement,4.1 mini,4.1,7,,3.0,11.0
489,XmlElement,4.1 mini,4.1,8,,3.0,5.0
489,XmlElement,4.1 mini,4.1,9,2.0,2.0,6.0
489,XmlElement,4.1 mini,4.1,10,,3.0,4.0
489,XmlElement,4.1 mini,4.1,11,,0.0,15.0
489,XmlElement,4.1 mini,4.1,12,1.0,1.0,5.0
489,XmlElement,4.1 mini,4.1,19,,0.0,15.0
489,XmlElement,4.1 mini,4.1,20,,3.0,7.0
490,XmlElement,4.1,haiku,15,,,
490,XmlElement,4.1,haiku,17,,,
490,XmlElement,4.1,haiku,1,,1.0,15.0
490,XmlElement,4.1,haiku,2,,1.0,13.0
490,XmlElement,4.1,haiku,3,1.0,1.0,4.0
490,XmlElement,4.1,haiku,4,,3.0,3.0
490,XmlElement,4.1,haiku,5,,3.0,4.0
490,XmlElement,4.1,haiku,6,1.0,1.0,2.0
490,XmlElement,4.1,haiku,7,,3.0,4.0
490,XmlElement,4.1,haiku,8,,0.0,15.0
490,XmlElement,4.1,haiku,9,,3.0,3.0
490,XmlElement,4.1,haiku,10,1.0,1.0,1.0
490,XmlElement,4.1,haiku,11,,0.0,15.0
490,XmlElement,4.1,haiku,12,,1.0,12.0
490,XmlElement,4.1,haiku,13,,3.0,4.0
490,XmlElement,4.1,haiku,14,,3.0,3.0
490,XmlElement,4.1,haiku,16,2.0,1.0,10.0
490,XmlElement,4.1,haiku,18,3.0,1.0,11.0
490,XmlElement,4.1,haiku,19,,3.0,3.0
490,XmlElement,4.1,haiku,20,1.0,1.0,1.0
491,XmlElement,4.1,sonnet,9,,,
491,XmlElement,4.1,sonnet,1,,0.0,15.0
491,XmlElement,4.1,sonnet,2,1.0,1.0,1.0
491,XmlElement,4.1,sonnet,3,1.0,1.0,1.0
491,XmlElement,4.1,sonnet,4,,3.0,6.0
491,XmlElement,4.1,sonnet,5,,0.0,15.0
491,XmlElement,4.1,sonnet,6,1.0,1.0,1.0
491,XmlElement,4.1,sonnet,7,1.0,1.0,2.0
491,XmlElement,4.1,sonnet,8,,0.0,15.0
491,XmlElement,4.1,sonnet,10,,0.0,15.0
491,XmlElement,4.1,sonnet,11,,0.0,15.0
491,XmlElement,4.1,sonnet,12,,0.0,15.0
491,XmlElement,4.1,sonnet,13,,0.0,15.0
491,XmlElement,4.1,sonnet,14,1.0,1.0,1.0
491,XmlElement,4.1,sonnet,15,,0.0,15.0
491,XmlElement,4.1,sonnet,16,,0.0,15.0
491,XmlElement,4.1,sonnet,17,,0.0,15.0
491,XmlElement,4.1,sonnet,18,,0.0,15.0
491,XmlElement,4.1,sonnet,19,1.0,1.0,1.0
491,XmlElement,4.1,sonnet,20,,0.0,15.0
493,XmlElement,4.1,4.1 mini,19,,,
493,XmlElement,4.1,4.1 mini,20,,,
493,XmlElement,4.1,4.1 mini,1,,3.0,3.0
493,XmlElement,4.1,4.1 mini,2,1.0,1.0,1.0
493,XmlElement,4.1,4.1 mini,3,,3.0,3.0
493,XmlElement,4.1,4.1 mini,4,2.0,2.0,2.0
493,XmlElement,4.1,4.1 mini,5,1.0,1.0,1.0
493,XmlElement,4.1,4.1 mini,6,1.0,1.0,1.0
493,XmlElement,4.1,4.1 mini,7,,3.0,5.0
493,XmlElement,4.1,4.1 mini,8,,0.0,15.0
493,XmlElement,4.1,4.1 mini,9,2.0,2.0,2.0
493,XmlElement,4.1,4.1 mini,10,1.0,1.0,3.0
493,XmlElement,4.1,4.1 mini,11,,0.0,15.0
493,XmlElement,4.1,4.1 mini,12,1.0,1.0,2.0
493,XmlElement,4.1,4.1 mini,13,,3.0,4.0
493,XmlElement,4.1,4.1 mini,14,1.0,1.0,1.0
493,XmlElement,4.1,4.1 mini,15,,3.0,4.0
493,XmlElement,4.1,4.1 mini,16,1.0,1.0,3.0
493,XmlElement,4.1,4.1 mini,17,1.0,1.0,1.0
493,XmlElement,4.1,4.1 mini,18,,3.0,3.0
494,XmlElement,4.1,4.1,12,,,
494,XmlElement,4.1,4.1,15,,,
494,XmlElement,4.1,4.1,20,,,
494,XmlElement,4.1,4.1,1,1.0,1.0,1.0
494,XmlElement,4.1,4.1,2,1.0,1.0,1.0
494,XmlElement,4.1,4.1,3,,0.0,15.0
494,XmlElement,4.1,4.1,4,,1.0,12.0
494,XmlElement,4.1,4.1,5,,3.0,3.0
494,XmlElement,4.1,4.1,6,2.0,1.0,7.0
494,XmlElement,4.1,4.1,7,,0.0,15.0
494,XmlElement,4.1,4.1,8,,3.0,3.0
494,XmlElement,4.1,4.1,9,,0.0,15.0
494,XmlElement,4.1,4.1,10,,0.0,15.0
494,XmlElement,4.1,4.1,11,1.0,1.0,1.0
494,XmlElement,4.1,4.1,13,1.0,1.0,1.0
494,XmlElement,4.1,4.1,14,,0.0,15.0
494,XmlElement,4.1,4.1,16,,3.0,3.0
494,XmlElement,4.1,4.1,17,1.0,1.0,1.0
494,XmlElement,4.1,4.1,18,,3.0,5.0
494,XmlElement,4.1,4.1,19,1.0,1.0,1.0
496,ByteVector,4.1,haiku,5,,,
496,ByteVector,4.1,haiku,6,,,
496,ByteVector,4.1,haiku,7,,,
496,ByteVector,4.1,haiku,8,,,
496,ByteVector,4.1,haiku,9,,,
496,ByteVector,4.1,haiku,10,,,
496,ByteVector,4.1,haiku,11,,,
496,ByteVector,4.1,haiku,12,,,
496,ByteVector,4.1,haiku,13,,,
496,ByteVector,4.1,haiku,14,,,
496,ByteVector,4.1,haiku,15,,,
496,ByteVector,4.1,haiku,16,,,
496,ByteVector,4.1,haiku,17,,,
496,ByteVector,4.1,haiku,18,,,
496,ByteVector,4.1,haiku,19,,,
496,ByteVector,4.1,haiku,20,,,
496,ByteVector,4.1,haiku,1,,0.0,15.0
496,ByteVector,4.1,haiku,2,1.0,1.0,1.0
496,ByteVector,4.1,haiku,3,,0.0,15.0
496,ByteVector,4.1,haiku,4,,1.0,12.0
497,ByteVector,4.1 mini,haiku,6,,,
497,ByteVector,4.1 mini,haiku,15,,,
497,ByteVector,4.1 mini,haiku,16,,,
497,ByteVector,4.1 mini,haiku,17,,,
497,ByteVector,4.1 mini,haiku,18,,,
497,ByteVector,4.1 mini,haiku,20,,,
497,ByteVector,4.1 mini,haiku,1,,0.0,15.0
497,ByteVector,4.1 mini,haiku,2,,1.0,12.0
497,ByteVector,4.1 mini,haiku,3,,2.0,7.0
497,ByteVector,4.1 mini,haiku,4,,3.0,3.0
497,ByteVector,4.1 mini,haiku,5,,3.0,5.0
497,ByteVector,4.1 mini,haiku,7,,2.0,7.0
497,ByteVector,4.1 mini,haiku,8,,1.0,13.0
497,ByteVector,4.1 mini,haiku,9,,1.0,15.0
497,ByteVector,4.1 mini,haiku,10,1.0,1.0,1.0
497,ByteVector,4.1 mini,haiku,11,,3.0,6.0
497,ByteVector,4.1 mini,haiku,12,,3.0,3.0
497,ByteVector,4.1 mini,haiku,13,,3.0,6.0
497,ByteVector,4.1 mini,haiku,14,,1.0,12.0
497,ByteVector,4.1 mini,haiku,19,,2.0,8.0
505,ByteVector,sonnet,4.1,5,,,
505,ByteVector,sonnet,4.1,8,,,
505,ByteVector,sonnet,4.1,12,,,
505,ByteVector,sonnet,4.1,13,,,
505,ByteVector,sonnet,4.1,14,,,
505,ByteVector,sonnet,4.1,15,,,
505,ByteVector,sonnet,4.1,19,,,
505,ByteVector,sonnet,4.1,20,,,
505,ByteVector,sonnet,4.1,1,,3.0,7.0
505,ByteVector,sonnet,4.1,2,,3.0,3.0
505,ByteVector,sonnet,4.1,3,,3.0,4.0
505,ByteVector,sonnet,4.1,4,,3.0,4.0
505,ByteVector,sonnet,4.1,6,2.0,2.0,9.0
505,ByteVector,sonnet,4.1,7,,3.0,3.0
505,ByteVector,sonnet,4.1,9,,3.0,3.0
505,ByteVector,sonnet,4.1,10,,3.0,4.0
505,ByteVector,sonnet,4.1,11,,3.0,4.0
505,ByteVector,sonnet,4.1,16,,3.0,3.0
505,ByteVector,sonnet,4.1,17,,3.0,3.0
505,ByteVector,sonnet,4.1,18,,3.0,3.0
508,ByteVector,4.1,4.1,11,,,
508,ByteVector,4.1,4.1,13,,,
508,ByteVector,4.1,4.1,14,,,
508,ByteVector,4.1,4.1,16,,,
508,ByteVector,4.1,4.1,1,1.0,1.0,1.0
508,ByteVector,4.1,4.1,2,3.0,1.0,11.0
508,ByteVector,4.1,4.1,3,1.0,1.0,1.0
508,ByteVector,4.1,4.1,4,1.0,1.0,3.0
508,ByteVector,4.1,4.1,5,3.0,3.0,5.0
508,ByteVector,4.1,4.1,6,1.0,1.0,1.0
508,ByteVector,4.1,4.1,7,,3.0,3.0
508,ByteVector,4.1,4.1,8,1.0,1.0,4.0
508,ByteVector,4.1,4.1,9,1.0,1.0,1.0
508,ByteVector,4.1,4.1,10,2.0,2.0,2.0
508,ByteVector,4.1,4.1,12,2.0,1.0,6.0
508,ByteVector,4.1,4.1,15,,3.0,3.0
508,ByteVector,4.1,4.1,17,,0.0,15.0
508,ByteVector,4.1,4.1,18,1.0,1.0,2.0
508,ByteVector,4.1,4.1,19,,3.0,5.0
508,ByteVector,4.1,4.1,20,,0.0,15.0
510,ByteVector,4.1 mini,4.1,3,,,
510,ByteVector,4.1 mini,4.1,5,,,
510,ByteVector,4.1 mini,4.1,7,,,
510,ByteVector,4.1 mini,4.1,9,,,
510,ByteVector,4.1 mini,4.1,10,,,
510,ByteVector,4.1 mini,4.1,11,,,
510,ByteVector,4.1 mini,4.1,12,,,
510,ByteVector,4.1 mini,4.1,13,,,
510,ByteVector,4.1 mini,4.1,14,,,
510,ByteVector,4.1 mini,4.1,19,,,
510,ByteVector,4.1 mini,4.1,1,,3.0,4.0
510,ByteVector,4.1 mini,4.1,2,1.0,1.0,1.0
510,ByteVector,4.1 mini,4.1,4,,3.0,3.0
510,ByteVector,4.1 mini,4.1,6,,2.0,9.0
510,ByteVector,4.1 mini,4.1,8,2.0,2.0,2.0
510,ByteVector,4.1 mini,4.1,15,1.0,1.0,1.0
510,ByteVector,4.1 mini,4.1,16,,3.0,3.0
510,ByteVector,4.1 mini,4.1,17,1.0,1.0,2.0
510,ByteVector,4.1 mini,4.1,18,1.0,1.0,1.0
510,ByteVector,4.1 mini,4.1,20,,3.0,3.0
511,ByteVector,haiku,4.1 mini,5,,,
511,ByteVector,haiku,4.1 mini,9,,,
511,ByteVector,haiku,4.1 mini,15,,,
511,ByteVector,haiku,4.1 mini,19,,,
511,ByteVector,haiku,4.1 mini,1,2.0,2.0,2.0
511,ByteVector,haiku,4.1 mini,2,1.0,1.0,2.0
511,ByteVector,haiku,4.1 mini,3,,3.0,5.0
511,ByteVector,haiku,4.1 mini,4,1.0,1.0,1.0
511,ByteVector,haiku,4.1 mini,6,1.0,1.0,1.0
511,ByteVector,haiku,4.1 mini,7,,3.0,3.0
511,ByteVector,haiku,4.1 mini,8,,3.0,3.0
511,ByteVector,haiku,4.1 mini,10,,3.0,3.0
511,ByteVector,haiku,4.1 mini,11,,3.0,3.0
511,ByteVector,haiku,4.1 mini,12,,3.0,3.0
511,ByteVector,haiku,4.1 mini,13,,3.0,3.0
511,ByteVector,haiku,4.1 mini,14,,3.0,3.0
511,ByteVector,haiku,4.1 mini,16,,3.0,3.0
511,ByteVector,haiku,4.1 mini,17,,3.0,3.0
511,ByteVector,haiku,4.1 mini,18,,3.0,3.0
511,ByteVector,haiku,4.1 mini,20,,3.0,3.0
517,ByteVector,4.1 mini,4.1 mini,5,,,
517,ByteVector,4.1 mini,4.1 mini,6,,,
517,ByteVector,4.1 mini,4.1 mini,8,,,
517,ByteVector,4.1 mini,4.1 mini,10,,,
517,ByteVector,4.1 mini,4.1 mini,16,,,
517,ByteVector,4.1 mini,4.1 mini,18,,,
517,ByteVector,4.1 mini,4.1 mini,1,,3.0,3.0
517,ByteVector,4.1 mini,4.1 mini,2,1.0,1.0,1.0
517,ByteVector,4.1 mini,4.1 mini,3,2.0,1.0,6.0
517,ByteVector,4.1 mini,4.1 mini,4,1.0,1.0,1.0
517,ByteVector,4.1 mini,4.1 mini,7,2.0,2.0,2.0
517,ByteVector,4.1 mini,4.1 mini,9,,3.0,3.0
517,ByteVector,4.1 mini,4.1 mini,11,,3.0,3.0
517,ByteVector,4.1 mini,4.1 mini,12,,3.0,3.0
517,ByteVector,4.1 mini,4.1 mini,13,,3.0,3.0
517,ByteVector,4.1 mini,4.1 mini,14,,3.0,3.0
517,ByteVector,4.1 mini,4.1 mini,15,,3.0,4.0
517,ByteVector,4.1 mini,4.1 mini,17,,3.0,4.0
517,ByteVector,4.1 mini,4.1 mini,19,,3.0,3.0
517,ByteVector,4.1 mini,4.1 mini,20,,3.0,4.0
520,CharRange,haiku,haiku,4,,,
520,CharRange,haiku,haiku,10,,,
520,CharRange,haiku,haiku,11,,,
520,CharRange,haiku,haiku,12,,,
520,CharRange,haiku,haiku,14,,,
520,CharRange,haiku,haiku,20,,,
520,CharRange,haiku,haiku,1,,0.0,15.0
520,CharRange,haiku,haiku,2,1.0,1.0,1.0
520,CharRange,haiku,haiku,3,,3.0,3.0
520,CharRange,haiku,haiku,5,1.0,1.0,3.0
520,CharRange,haiku,haiku,6,,3.0,4.0
520,CharRange,haiku,haiku,7,,3.0,9.0
520,CharRange,haiku,haiku,8,,1.0,12.0
520,CharRange,haiku,haiku,9,,3.0,5.0
520,CharRange,haiku,haiku,13,,1.0,12.0
520,CharRange,haiku,haiku,15,,0.0,15.0
520,CharRange,haiku,haiku,16,2.0,1.0,8.0
520,CharRange,haiku,haiku,17,,3.0,4.0
520,CharRange,haiku,haiku,18,,3.0,3.0
520,CharRange,haiku,haiku,19,,0.0,15.0
538,CharRange,4.1 mini,4.1 mini,2,,,
538,CharRange,4.1 mini,4.1 mini,3,,,
538,CharRange,4.1 mini,4.1 mini,6,,,
538,CharRange,4.1 mini,4.1 mini,7,,,
538,CharRange,4.1 mini,4.1 mini,9,,,
538,CharRange,4.1 mini,4.1 mini,11,,,
538,CharRange,4.1 mini,4.1 mini,12,,,
538,CharRange,4.1 mini,4.1 mini,14,,,
538,CharRange,4.1 mini,4.1 mini,15,,,
538,CharRange,4.1 mini,4.1 mini,16,,,
538,CharRange,4.1 mini,4.1 mini,17,,,
538,CharRange,4.1 mini,4.1 mini,18,,,
538,CharRange,4.1 mini,4.1 mini,19,,,
538,CharRange,4.1 mini,4.1 mini,20,,,
538,CharRange,4.1 mini,4.1 mini,1,2.0,1.0,10.0
538,CharRange,4.1 mini,4.1 mini,4,1.0,1.0,1.0
538,CharRange,4.1 mini,4.1 mini,5,1.0,1.0,1.0
538,CharRange,4.1 mini,4.1 mini,8,,3.0,4.0
538,CharRange,4.1 mini,4.1 mini,10,2.0,2.0,2.0
538,CharRange,4.1 mini,4.1 mini,13,2.0,1.0,8.0
539,CharRange,4.1 mini,4.1,2,,,
539,CharRange,4.1 mini,4.1,4,,,
539,CharRange,4.1 mini,4.1,6,,,
539,CharRange,4.1 mini,4.1,7,,,
539,CharRange,4.1 mini,4.1,8,,,
539,CharRange,4.1 mini,4.1,9,,,
539,CharRange,4.1 mini,4.1,10,,,
539,CharRange,4.1 mini,4.1,11,,,
539,CharRange,4.1 mini,4.1,12,,,
539,CharRange,4.1 mini,4.1,14,,,
539,CharRange,4.1 mini,4.1,15,,,
539,CharRange,4.1 mini,4.1,16,,,
539,CharRange,4.1 mini,4.1,17,,,
539,CharRange,4.1 mini,4.1,18,,,
539,CharRange,4.1 mini,4.1,19,,,
539,CharRange,4.1 mini,4.1,20,,,
539,CharRange,4.1 mini,4.1,1,2.0,1.0,6.0
539,CharRange,4.1 mini,4.1,3,1.0,1.0,1.0
539,CharRange,4.1 mini,4.1,5,1.0,1.0,5.0
539,CharRange,4.1 mini,4.1,13,1.0,1.0,3.0
540,CharRange,4.1,haiku,2,,,
540,CharRange,4.1,haiku,3,,,
540,CharRange,4.1,haiku,4,,,
540,CharRange,4.1,haiku,5,,,
540,CharRange,4.1,haiku,6,,,
540,CharRange,4.1,haiku,7,,,
540,CharRange,4.1,haiku,8,,,
540,CharRange,4.1,haiku,9,,,
540,CharRange,4.1,haiku,10,,,
540,CharRange,4.1,haiku,11,,,
540,CharRange,4.1,haiku,12,,,
540,CharRange,4.1,haiku,13,,,
540,CharRange,4.1,haiku,14,,,
540,CharRange,4.1,haiku,15,,,
540,CharRange,4.1,haiku,16,,,
540,CharRange,4.1,haiku,17,,,
540,CharRange,4.1,haiku,18,,,
540,CharRange,4.1,haiku,19,,,
540,CharRange,4.1,haiku,20,,,
540,CharRange,4.1,haiku,1,1.0,1.0,1.0
543,CharRange,4.1,4.1 mini,2,,,
543,CharRange,4.1,4.1 mini,3,,,
543,CharRange,4.1,4.1 mini,4,,,
543,CharRange,4.1,4.1 mini,5,,,
543,CharRange,4.1,4.1 mini,6,,,
543,CharRange,4.1,4.1 mini,7,,,
543,CharRange,4.1,4.1 mini,8,,,
543,CharRange,4.1,4.1 mini,9,,,
543,CharRange,4.1,4.1 mini,10,,,
543,CharRange,4.1,4.1 mini,12,,,
543,CharRange,4.1,4.1 mini,14,,,
543,CharRange,4.1,4.1 mini,15,,,
543,CharRange,4.1,4.1 mini,16,,,
543,CharRange,4.1,4.1 mini,17,,,
543,CharRange,4.1,4.1 mini,18,,,
543,CharRange,4.1,4.1 mini,19,,,
543,CharRange,4.1,4.1 mini,20,,,
543,CharRange,4.1,4.1 mini,1,1.0,1.0,1.0
543,CharRange,4.1,4.1 mini,11,2.0,1.0,8.0
543,CharRange,4.1,4.1 mini,13,1.0,1.0,1.0
544,CharRange,4.1,4.1,2,,,
544,CharRange,4.1,4.1,3,,,
544,CharRange,4.1,4.1,4,,,
544,CharRange,4.1,4.1,5,,,
544,CharRange,4.1,4.1,6,,,
544,CharRange,4.1,4.1,7,,,
544,CharRange,4.1,4.1,8,,,
544,CharRange,4.1,4.1,9,,,
544,CharRange,4.1,4.1,10,,,
544,CharRange,4.1,4.1,11,,,
544,CharRange,4.1,4.1,12,,,
544,CharRange,4.1,4.1,13,,,
544,CharRange,4.1,4.1,14,,,
544,CharRange,4.1,4.1,15,,,
544,CharRange,4.1,4.1,16,,,
544,CharRange,4.1,4.1,17,,,
544,CharRange,4.1,4.1,18,,,
544,CharRange,4.1,4.1,20,,,
544,CharRange,4.1,4.1,1,1.0,1.0,1.0
544,CharRange,4.1,4.1,19,1.0,1.0,3.0
563,CaseInsensitiveString,4.1 mini,4.1 mini,5,,,
563,CaseInsensitiveString,4.1 mini,4.1 mini,7,,,
563,CaseInsensitiveString,4.1 mini,4.1 mini,8,,,
563,CaseInsensitiveString,4.1 mini,4.1 mini,11,,,
563,CaseInsensitiveString,4.1 mini,4.1 mini,14,,,
563,CaseInsensitiveString,4.1 mini,4.1 mini,15,,,
563,CaseInsensitiveString,4.1 mini,4.1 mini,18,,,
563,CaseInsensitiveString,4.1 mini,4.1 mini,1,1.0,1.0,1.0
563,CaseInsensitiveString,4.1 mini,4.1 mini,2,,3.0,3.0
563,CaseInsensitiveString,4.1 mini,4.1 mini,3,,0.0,15.0
563,CaseInsensitiveString,4.1 mini,4.1 mini,4,,3.0,3.0
563,CaseInsensitiveString,4.1 mini,4.1 mini,6,,3.0,3.0
563,CaseInsensitiveString,4.1 mini,4.1 mini,9,,2.0,10.0
563,CaseInsensitiveString,4.1 mini,4.1 mini,10,,2.0,11.0
563,CaseInsensitiveString,4.1 mini,4.1 mini,12,1.0,1.0,1.0
563,CaseInsensitiveString,4.1 mini,4.1 mini,13,,3.0,3.0
563,CaseInsensitiveString,4.1 mini,4.1 mini,16,,3.0,3.0
563,CaseInsensitiveString,4.1 mini,4.1 mini,17,3.0,3.0,7.0
563,CaseInsensitiveString,4.1 mini,4.1 mini,19,,3.0,3.0
563,CaseInsensitiveString,4.1 mini,4.1 mini,20,,0.0,15.0
568,CaseInsensitiveString,4.1,4.1 mini,17,,,
568,CaseInsensitiveString,4.1,4.1 mini,18,,,
568,CaseInsensitiveString,4.1,4.1 mini,1,1.0,1.0,1.0
568,CaseInsensitiveString,4.1,4.1 mini,2,1.0,1.0,1.0
568,CaseInsensitiveString,4.1,4.1 mini,3,,3.0,5.0
568,CaseInsensitiveString,4.1,4.1 mini,4,,3.0,5.0
568,CaseInsensitiveString,4.1,4.1 mini,5,1.0,1.0,1.0
568,CaseInsensitiveString,4.1,4.1 mini,6,,3.0,3.0
568,CaseInsensitiveString,4.1,4.1 mini,7,,3.0,3.0
568,CaseInsensitiveString,4.1,4.1 mini,8,,3.0,3.0
568,CaseInsensitiveString,4.1,4.1 mini,9,,3.0,3.0
568,CaseInsensitiveString,4.1,4.1 mini,10,,3.0,3.0
568,CaseInsensitiveString,4.1,4.1 mini,11,,1.0,13.0
568,CaseInsensitiveString,4.1,4.1 mini,12,,2.0,11.0
568,CaseInsensitiveString,4.1,4.1 mini,13,,3.0,3.0
568,CaseInsensitiveString,4.1,4.1 mini,14,,3.0,4.0
568,CaseInsensitiveString,4.1,4.1 mini,15,,3.0,4.0
568,CaseInsensitiveString,4.1,4.1 mini,16,,3.0,4.0
568,CaseInsensitiveString,4.1,4.1 mini,19,,3.0,3.0
568,CaseInsensitiveString,4.1,4.1 mini,20,2.0,1.0,10.0
569,CaseInsensitiveString,4.1,4.1,14,,,
569,CaseInsensitiveString,4.1,4.1,15,,,
569,CaseInsensitiveString,4.1,4.1,18,,,
569,CaseInsensitiveString,4.1,4.1,19,,,
569,CaseInsensitiveString,4.1,4.1,1,1.0,1.0,1.0
569,CaseInsensitiveString,4.1,4.1,2,,3.0,3.0
569,CaseInsensitiveString,4.1,4.1,3,1.0,1.0,1.0
569,CaseInsensitiveString,4.1,4.1,4,1.0,1.0,1.0
569,CaseInsensitiveString,4.1,4.1,5,,3.0,4.0
569,CaseInsensitiveString,4.1,4.1,6,,3.0,3.0
569,CaseInsensitiveString,4.1,4.1,7,,3.0,3.0
569,CaseInsensitiveString,4.1,4.1,8,,3.0,3.0
569,CaseInsensitiveString,4.1,4.1,9,,3.0,3.0
569,CaseInsensitiveString,4.1,4.1,10,,3.0,3.0
569,CaseInsensitiveString,4.1,4.1,11,,3.0,3.0
569,CaseInsensitiveString,4.1,4.1,12,,3.0,3.0
569,CaseInsensitiveString,4.1,4.1,13,,3.0,3.0
569,CaseInsensitiveString,4.1,4.1,16,,3.0,3.0
569,CaseInsensitiveString,4.1,4.1,17,,2.0,9.0
569,CaseInsensitiveString,4.1,4.1,20,,3.0,3.0
588,Document,4.1 mini,4.1 mini,19,,,
588,Document,4.1 mini,4.1 mini,20,,,
588,Document,4.1 mini,4.1 mini,1,,0.0,15.0
588,Document,4.1 mini,4.1 mini,2,,0.0,15.0
588,Document,4.1 mini,4.1 mini,3,,0.0,15.0
588,Document,4.1 mini,4.1 mini,4,,0.0,15.0
588,Document,4.1 mini,4.1 mini,5,,0.0,15.0
588,Document,4.1 mini,4.1 mini,6,,0.0,15.0
588,Document,4.1 mini,4.1 mini,7,,0.0,15.0
588,Document,4.1 mini,4.1 mini,8,,0.0,15.0
588,Document,4.1 mini,4.1 mini,9,,0.0,15.0
588,Document,4.1 mini,4.1 mini,10,,0.0,15.0
588,Document,4.1 mini,4.1 mini,11,,0.0,15.0
588,Document,4.1 mini,4.1 mini,12,,0.0,15.0
588,Document,4.1 mini,4.1 mini,13,,0.0,15.0
588,Document,4.1 mini,4.1 mini,14,,0.0,15.0
588,Document,4.1 mini,4.1 mini,15,,0.0,15.0
588,Document,4.1 mini,4.1 mini,16,,0.0,15.0
588,Document,4.1 mini,4.1 mini,17,,0.0,15.0
588,Document,4.1 mini,4.1 mini,18,,0.0,15.0
589,Document,4.1 mini,4.1,10,,,
589,Document,4.1 mini,4.1,1,,0.0,15.0
589,Document,4.1 mini,4.1,2,,0.0,15.0
589,Document,4.1 mini,4.1,3,,0.0,15.0
589,Document,4.1 mini,4.1,4,,0.0,15.0
589,Document,4.1 mini,4.1,5,,0.0,15.0
589,Document,4.1 mini,4.1,6,,0.0,15.0
589,Document,4.1 mini,4.1,7,,0.0,15.0
589,Document,4.1 mini,4.1,8,,0.0,15.0
589,Document,4.1 mini,4.1,9,,0.0,15.0
589,Document,4.1 mini,4.1,11,,0.0,15.0
589,Document,4.1 mini,4.1,12,,0.0,15.0
589,Document,4.1 mini,4.1,13,,0.0,15.0
589,Document,4.1 mini,4.1,14,,0.0,15.0
589,Document,4.1 mini,4.1,15,,0.0,15.0
589,Document,4.1 mini,4.1,16,,0.0,15.0
589,Document,4.1 mini,4.1,17,,0.0,15.0
589,Document,4.1 mini,4.1,18,,0.0,15.0
589,Document,4.1 mini,4.1,19,,0.0,15.0
589,Document,4.1 mini,4.1,20,,0.0,15.0
593,Document,4.1,4.1 mini,4,,,
593,Document,4.1,4.1 mini,6,,,
593,Document,4.1,4.1 mini,11,,,
593,Document,4.1,4.1 mini,12,,,
593,Document,4.1,4.1 mini,14,,,
593,Document,4.1,4.1 mini,15,,,
593,Document,4.1,4.1 mini,17,,,
593,Document,4.1,4.1 mini,18,,,
593,Document,4.1,4.1 mini,1,,0.0,15.0
593,Document,4.1,4.1 mini,2,,0.0,15.0
593,Document,4.1,4.1 mini,3,,0.0,15.0
593,Document,4.1,4.1 mini,5,,0.0,15.0
593,Document,4.1,4.1 mini,7,,0.0,15.0
593,Document,4.1,4.1 mini,8,,0.0,15.0
593,Document,4.1,4.1 mini,9,,0.0,15.0
593,Document,4.1,4.1 mini,10,,0.0,15.0
593,Document,4.1,4.1 mini,13,,0.0,15.0
593,Document,4.1,4.1 mini,16,1.0,1.0,3.0
593,Document,4.1,4.1 mini,19,,0.0,15.0
593,Document,4.1,4.1 mini,20,,0.0,15.0
594,Document,4.1,4.1,4,,,
594,Document,4.1,4.1,6,,,
594,Document,4.1,4.1,7,,,
594,Document,4.1,4.1,8,,,
594,Document,4.1,4.1,9,,,
594,Document,4.1,4.1,11,,,
594,Document,4.1,4.1,12,,,
594,Document,4.1,4.1,14,,,
594,Document,4.1,4.1,16,,,
594,Document,4.1,4.1,18,,,
594,Document,4.1,4.1,19,,,
594,Document,4.1,4.1,20,,,
594,Document,4.1,4.1,1,,0.0,15.0
594,Document,4.1,4.1,2,,0.0,15.0
594,Document,4.1,4.1,3,,0.0,15.0
594,Document,4.1,4.1,5,1.0,1.0,1.0
594,Document,4.1,4.1,10,,0.0,15.0
594,Document,4.1,4.1,13,,0.0,15.0
594,Document,4.1,4.1,15,,0.0,15.0
594,Document,4.1,4.1,17,,0.0,15.0
595,IntHashMap,4.1,haiku,14,,,
595,IntHashMap,4.1,haiku,16,,,
595,IntHashMap,4.1,haiku,19,,,
595,IntHashMap,4.1,haiku,1,,2.0,12.0
595,IntHashMap,4.1,haiku,2,,2.0,10.0
595,IntHashMap,4.1,haiku,3,,3.0,3.0
595,IntHashMap,4.1,haiku,4,,0.0,15.0
595,IntHashMap,4.1,haiku,5,1.0,1.0,2.0
595,IntHashMap,4.1,haiku,6,,2.0,7.0
595,IntHashMap,4.1,haiku,7,1.0,1.0,1.0
595,IntHashMap,4.1,haiku,8,,2.0,11.0
595,IntHashMap,4.1,haiku,9,,2.0,11.0
595,IntHashMap,4.1,haiku,10,,1.0,14.0
595,IntHashMap,4.1,haiku,11,,3.0,3.0
595,IntHashMap,4.1,haiku,12,,3.0,5.0
595,IntHashMap,4.1,haiku,13,,3.0,8.0
595,IntHashMap,4.1,haiku,15,,3.0,5.0
595,IntHashMap,4.1,haiku,17,,1.0,11.0
595,IntHashMap,4.1,haiku,18,,0.0,15.0
595,IntHashMap,4.1,haiku,20,,2.0,9.0
596,SparseIntArray,haiku,4.1 mini,4,,,
596,SparseIntArray,haiku,4.1 mini,5,,,
596,SparseIntArray,haiku,4.1 mini,9,,,
596,SparseIntArray,haiku,4.1 mini,11,,,
596,SparseIntArray,haiku,4.1 mini,13,,,
596,SparseIntArray,haiku,4.1 mini,1,1.0,1.0,1.0
596,SparseIntArray,haiku,4.1 mini,2,1.0,1.0,1.0
596,SparseIntArray,haiku,4.1 mini,3,,3.0,3.0
596,SparseIntArray,haiku,4.1 mini,6,,3.0,4.0
596,SparseIntArray,haiku,4.1 mini,7,,3.0,4.0
596,SparseIntArray,haiku,4.1 mini,8,,3.0,3.0
596,SparseIntArray,haiku,4.1 mini,10,,3.0,3.0
596,SparseIntArray,haiku,4.1 mini,12,,3.0,3.0
596,SparseIntArray,haiku,4.1 mini,14,,3.0,3.0
596,SparseIntArray,haiku,4.1 mini,15,,3.0,3.0
596,SparseIntArray,haiku,4.1 mini,16,,3.0,3.0
596,SparseIntArray,haiku,4.1 mini,17,1.0,1.0,1.0
596,SparseIntArray,haiku,4.1 mini,18,,3.0,3.0
596,SparseIntArray,haiku,4.1 mini,19,,3.0,4.0
596,SparseIntArray,haiku,4.1 mini,20,,3.0,3.0
597,SparseIntArray,haiku,haiku,1,,,
597,SparseIntArray,haiku,haiku,13,,,
597,SparseIntArray,haiku,haiku,18,,,
597,SparseIntArray,haiku,haiku,19,,,
597,SparseIntArray,haiku,haiku,2,1.0,1.0,1.0
597,SparseIntArray,haiku,haiku,3,,3.0,6.0
597,SparseIntArray,haiku,haiku,4,2.0,1.0,9.0
597,SparseIntArray,haiku,haiku,5,,3.0,6.0
597,SparseIntArray,haiku,haiku,6,,1.0,12.0
597,SparseIntArray,haiku,haiku,7,,1.0,12.0
597,SparseIntArray,haiku,haiku,8,3.0,3.0,5.0
597,SparseIntArray,haiku,haiku,9,,3.0,4.0
597,SparseIntArray,haiku,haiku,10,,3.0,3.0
597,SparseIntArray,haiku,haiku,11,,3.0,6.0
597,SparseIntArray,haiku,haiku,12,,3.0,12.0
597,SparseIntArray,haiku,haiku,14,,3.0,3.0
597,SparseIntArray,haiku,haiku,15,,3.0,4.0
597,SparseIntArray,haiku,haiku,16,,0.0,15.0
597,SparseIntArray,haiku,haiku,17,,3.0,3.0
597,SparseIntArray,haiku,haiku,20,,3.0,3.0
598,IntHashMap,haiku,4.1,7,,,
598,IntHashMap,haiku,4.1,10,,,
598,IntHashMap,haiku,4.1,11,,,
598,IntHashMap,haiku,4.1,19,,,
598,IntHashMap,haiku,4.1,1,,3.0,4.0
598,IntHashMap,haiku,4.1,2,,3.0,3.0
598,IntHashMap,haiku,4.1,3,,3.0,6.0
598,IntHashMap,haiku,4.1,4,1.0,1.0,4.0
598,IntHashMap,haiku,4.1,5,,3.0,3.0
598,IntHashMap,haiku,4.1,6,,3.0,3.0
598,IntHashMap,haiku,4.1,8,,3.0,6.0
598,IntHashMap,haiku,4.1,9,1.0,1.0,1.0
598,IntHashMap,haiku,4.1,12,,3.0,4.0
598,IntHashMap,haiku,4.1,13,,3.0,3.0
598,IntHashMap,haiku,4.1,14,,3.0,3.0
598,IntHashMap,haiku,4.1,15,,3.0,3.0
598,IntHashMap,haiku,4.1,16,,3.0,3.0
598,IntHashMap,haiku,4.1,17,,3.0,3.0
598,IntHashMap,haiku,4.1,18,,3.0,7.0
598,IntHashMap,haiku,4.1,20,,3.0,4.0
599,IntHashMap,4.1,sonnet,14,,,
599,IntHashMap,4.1,sonnet,17,,,
599,IntHashMap,4.1,sonnet,20,,,
599,IntHashMap,4.1,sonnet,1,1.0,1.0,4.0
599,IntHashMap,4.1,sonnet,2,,0.0,15.0
599,IntHashMap,4.1,sonnet,3,,0.0,15.0
599,IntHashMap,4.1,sonnet,4,,0.0,15.0
599,IntHashMap,4.1,sonnet,5,,0.0,15.0
599,IntHashMap,4.1,sonnet,6,,0.0,15.0
599,IntHashMap,4.1,sonnet,7,,0.0,15.0
599,IntHashMap,4.1,sonnet,8,,0.0,15.0
599,IntHashMap,4.1,sonnet,9,,0.0,15.0
599,IntHashMap,4.1,sonnet,10,,0.0,15.0
599,IntHashMap,4.1,sonnet,11,1.0,1.0,1.0
599,IntHashMap,4.1,sonnet,12,,0.0,15.0
599,IntHashMap,4.1,sonnet,13,,0.0,15.0
599,IntHashMap,4.1,sonnet,15,,3.0,6.0
599,IntHashMap,4.1,sonnet,16,,0.0,15.0
599,IntHashMap,4.1,sonnet,18,,0.0,15.0
599,IntHashMap,4.1,sonnet,19,,0.0,15.0
600,IntHashMap,4.1 mini,haiku,1,,1.0,13.0
600,IntHashMap,4.1 mini,haiku,2,1.0,1.0,3.0
600,IntHashMap,4.1 mini,haiku,3,,3.0,7.0
600,IntHashMap,4.1 mini,haiku,4,,3.0,5.0
600,IntHashMap,4.1 mini,haiku,5,,3.0,3.0
600,IntHashMap,4.1 mini,haiku,6,,3.0,4.0
600,IntHashMap,4.1 mini,haiku,7,,3.0,4.0
600,IntHashMap,4.1 mini,haiku,8,,2.0,9.0
600,IntHashMap,4.1 mini,haiku,9,,3.0,5.0
600,IntHashMap,4.1 mini,haiku,10,,1.0,15.0
600,IntHashMap,4.1 mini,haiku,11,,3.0,9.0
600,IntHashMap,4.1 mini,haiku,12,,2.0,11.0
600,IntHashMap,4.1 mini,haiku,13,,2.0,8.0
600,IntHashMap,4.1 mini,haiku,14,,3.0,8.0
600,IntHashMap,4.1 mini,haiku,15,,3.0,5.0
600,IntHashMap,4.1 mini,haiku,16,,3.0,10.0
600,IntHashMap,4.1 mini,haiku,17,,2.0,10.0
600,IntHashMap,4.1 mini,haiku,18,,3.0,6.0
600,IntHashMap,4.1 mini,haiku,19,,3.0,5.0
600,IntHashMap,4.1 mini,haiku,20,,3.0,4.0
601,ByteVector,sonnet,haiku,8,,,
601,ByteVector,sonnet,haiku,9,,,
601,ByteVector,sonnet,haiku,10,,,
601,ByteVector,sonnet,haiku,11,,,
601,ByteVector,sonnet,haiku,12,,,
601,ByteVector,sonnet,haiku,13,,,
601,ByteVector,sonnet,haiku,14,,,
601,ByteVector,sonnet,haiku,15,,,
601,ByteVector,sonnet,haiku,16,,,
601,ByteVector,sonnet,haiku,17,,,
601,ByteVector,sonnet,haiku,18,,,
601,ByteVector,sonnet,haiku,19,,,
601,ByteVector,sonnet,haiku,20,,,
601,ByteVector,sonnet,haiku,1,,1.0,14.0
601,ByteVector,sonnet,haiku,2,,3.0,8.0
601,ByteVector,sonnet,haiku,3,,1.0,12.0
601,ByteVector,sonnet,haiku,4,,2.0,7.0
601,ByteVector,sonnet,haiku,5,,3.0,5.0
601,ByteVector,sonnet,haiku,6,,3.0,3.0
601,ByteVector,sonnet,haiku,7,,3.0,10.0
602,IntHashMap,sonnet,4.1 mini,7,,,
602,IntHashMap,sonnet,4.1 mini,8,,,
602,IntHashMap,sonnet,4.1 mini,12,,,
602,IntHashMap,sonnet,4.1 mini,13,,,
602,IntHashMap,sonnet,4.1 mini,16,,,
602,IntHashMap,sonnet,4.1 mini,17,,,
602,IntHashMap,sonnet,4.1 mini,18,,,
602,IntHashMap,sonnet,4.1 mini,19,,,
602,IntHashMap,sonnet,4.1 mini,20,,,
602,IntHashMap,sonnet,4.1 mini,1,,3.0,4.0
602,IntHashMap,sonnet,4.1 mini,2,,3.0,3.0
602,IntHashMap,sonnet,4.1 mini,3,,3.0,3.0
602,IntHashMap,sonnet,4.1 mini,4,,3.0,3.0
602,IntHashMap,sonnet,4.1 mini,5,,3.0,8.0
602,IntHashMap,sonnet,4.1 mini,6,,3.0,3.0
602,IntHashMap,sonnet,4.1 mini,9,,3.0,7.0
602,IntHashMap,sonnet,4.1 mini,10,,3.0,4.0
602,IntHashMap,sonnet,4.1 mini,11,,3.0,3.0
602,IntHashMap,sonnet,4.1 mini,14,1.0,1.0,1.0
602,IntHashMap,sonnet,4.1 mini,15,,3.0,3.0
603,SparseIntArray,haiku,4.1,7,,,
603,SparseIntArray,haiku,4.1,8,,,
603,SparseIntArray,haiku,4.1,16,,,
603,SparseIntArray,haiku,4.1,17,,,
603,SparseIntArray,haiku,4.1,19,,,
603,SparseIntArray,haiku,4.1,1,1.0,1.0,1.0
603,SparseIntArray,haiku,4.1,2,1.0,1.0,1.0
603,SparseIntArray,haiku,4.1,3,,3.0,3.0
603,SparseIntArray,haiku,4.1,4,1.0,1.0,1.0
603,SparseIntArray,haiku,4.1,5,1.0,1.0,1.0
603,SparseIntArray,haiku,4.1,6,,3.0,4.0
603,SparseIntArray,haiku,4.1,9,,3.0,3.0
603,SparseIntArray,haiku,4.1,10,,3.0,3.0
603,SparseIntArray,haiku,4.1,11,,3.0,3.0
603,SparseIntArray,haiku,4.1,12,2.0,2.0,3.0
603,SparseIntArray,haiku,4.1,13,1.0,1.0,1.0
603,SparseIntArray,haiku,4.1,14,1.0,1.0,1.0
603,SparseIntArray,haiku,4.1,15,1.0,1.0,1.0
603,SparseIntArray,haiku,4.1,18,,2.0,9.0
603,SparseIntArray,haiku,4.1,20,1.0,1.0,1.0
604,IntHashMap,sonnet,haiku,7,,,
604,IntHashMap,sonnet,haiku,8,,,
604,IntHashMap,sonnet,haiku,12,,,
604,IntHashMap,sonnet,haiku,13,,,
604,IntHashMap,sonnet,haiku,14,,,
604,IntHashMap,sonnet,haiku,15,,,
604,IntHashMap,sonnet,haiku,16,,,
604,IntHashMap,sonnet,haiku,17,,,
604,IntHashMap,sonnet,haiku,19,,,
604,IntHashMap,sonnet,haiku,20,,,
604,IntHashMap,sonnet,haiku,1,,3.0,12.0
604,IntHashMap,sonnet,haiku,2,,3.0,5.0
604,IntHashMap,sonnet,haiku,3,,3.0,8.0
604,IntHashMap,sonnet,haiku,4,,2.0,9.0
604,IntHashMap,sonnet,haiku,5,,3.0,4.0
604,IntHashMap,sonnet,haiku,6,,2.0,11.0
604,IntHashMap,sonnet,haiku,9,,2.0,7.0
604,IntHashMap,sonnet,haiku,10,,2.0,11.0
604,IntHashMap,sonnet,haiku,11,,1.0,13.0
604,IntHashMap,sonnet,haiku,18,,3.0,5.0
605,IntHashMap,sonnet,4.1,6,,,
605,IntHashMap,sonnet,4.1,7,,,
605,IntHashMap,sonnet,4.1,8,,,
605,IntHashMap,sonnet,4.1,9,,,
605,IntHashMap,sonnet,4.1,10,,,
605,IntHashMap,sonnet,4.1,11,,,
605,IntHashMap,sonnet,4.1,12,,,
605,IntHashMap,sonnet,4.1,13,,,
605,IntHashMap,sonnet,4.1,14,,,
605,IntHashMap,sonnet,4.1,15,,,
605,IntHashMap,sonnet,4.1,16,,,
605,IntHashMap,sonnet,4.1,1,,3.0,6.0
605,IntHashMap,sonnet,4.1,2,,3.0,4.0
605,IntHashMap,sonnet,4.1,3,,3.0,9.0
605,IntHashMap,sonnet,4.1,4,,3.0,3.0
605,IntHashMap,sonnet,4.1,5,,3.0,3.0
605,IntHashMap,sonnet,4.1,17,,3.0,3.0
605,IntHashMap,sonnet,4.1,18,,3.0,4.0
605,IntHashMap,sonnet,4.1,19,1.0,1.0,1.0
605,IntHashMap,sonnet,4.1,20,,0.0,15.0
606,Complex,sonnet,4.1,2,,,
606,Complex,sonnet,4.1,4,,,
606,Complex,sonnet,4.1,6,,,
606,Complex,sonnet,4.1,8,,,
606,Complex,sonnet,4.1,10,,,
606,Complex,sonnet,4.1,11,,,
606,Complex,sonnet,4.1,12,,,
606,Complex,sonnet,4.1,13,,,
606,Complex,sonnet,4.1,14,,,
606,Complex,sonnet,4.1,15,,,
606,Complex,sonnet,4.1,16,,,
606,Complex,sonnet,4.1,18,,,
606,Complex,sonnet,4.1,19,,,
606,Complex,sonnet,4.1,20,,,
606,Complex,sonnet,4.1,1,1.0,1.0,2.0
606,Complex,sonnet,4.1,3,,3.0,3.0
606,Complex,sonnet,4.1,5,3.0,3.0,3.0
606,Complex,sonnet,4.1,7,,0.0,15.0
606,Complex,sonnet,4.1,9,,3.0,3.0
606,Complex,sonnet,4.1,17,1.0,1.0,1.0
607,Complex,sonnet,sonnet,4,,,
607,Complex,sonnet,sonnet,5,,,
607,Complex,sonnet,sonnet,6,,,
607,Complex,sonnet,sonnet,7,,,
607,Complex,sonnet,sonnet,8,,,
607,Complex,sonnet,sonnet,9,,,
607,Complex,sonnet,sonnet,10,,,
607,Complex,sonnet,sonnet,11,,,
607,Complex,sonnet,sonnet,12,,,
607,Complex,sonnet,sonnet,14,,,
607,Complex,sonnet,sonnet,15,,,
607,Complex,sonnet,sonnet,16,,,
607,Complex,sonnet,sonnet,17,,,
607,Complex,sonnet,sonnet,18,,,
607,Complex,sonnet,sonnet,19,,,
607,Complex,sonnet,sonnet,20,,,
607,Complex,sonnet,sonnet,1,,0.0,15.0
607,Complex,sonnet,sonnet,2,,0.0,15.0
607,Complex,sonnet,sonnet,3,1.0,1.0,1.0
607,Complex,sonnet,sonnet,13,,3.0,3.0
608,IntHashMap,4.1 mini,sonnet,3,,,
608,IntHashMap,4.1 mini,sonnet,8,,,
608,IntHashMap,4.1 mini,sonnet,1,,0.0,15.0
608,IntHashMap,4.1 mini,sonnet,2,1.0,1.0,1.0
608,IntHashMap,4.1 mini,sonnet,4,,0.0,15.0
608,IntHashMap,4.1 mini,sonnet,5,,0.0,15.0
608,IntHashMap,4.1 mini,sonnet,6,,0.0,15.0
608,IntHashMap,4.1 mini,sonnet,7,,0.0,15.0
608,IntHashMap,4.1 mini,sonnet,9,,0.0,15.0
608,IntHashMap,4.1 mini,sonnet,10,,0.0,15.0
608,IntHashMap,4.1 mini,sonnet,11,,0.0,15.0
608,IntHashMap,4.1 mini,sonnet,12,,0.0,15.0
608,IntHashMap,4.1 mini,sonnet,13,,0.0,15.0
608,IntHashMap,4.1 mini,sonnet,14,,0.0,15.0
608,IntHashMap,4.1 mini,sonnet,15,,0.0,15.0
608,IntHashMap,4.1 mini,sonnet,16,,0.0,15.0
608,IntHashMap,4.1 mini,sonnet,17,,0.0,15.0
608,IntHashMap,4.1 mini,sonnet,18,,0.0,15.0
608,IntHashMap,4.1 mini,sonnet,19,,0.0,15.0
608,IntHashMap,4.1 mini,sonnet,20,,0.0,15.0
609,SparseIntArray,4.1 mini,sonnet,16,,,
609,SparseIntArray,4.1 mini,sonnet,1,,0.0,15.0
609,SparseIntArray,4.1 mini,sonnet,2,,0.0,15.0
609,SparseIntArray,4.1 mini,sonnet,3,1.0,1.0,1.0
609,SparseIntArray,4.1 mini,sonnet,4,,3.0,3.0
609,SparseIntArray,4.1 mini,sonnet,5,,0.0,15.0
609,SparseIntArray,4.1 mini,sonnet,6,1.0,1.0,1.0
609,SparseIntArray,4.1 mini,sonnet,7,,0.0,15.0
609,SparseIntArray,4.1 mini,sonnet,8,1.0,1.0,1.0
609,SparseIntArray,4.1 mini,sonnet,9,,0.0,15.0
609,SparseIntArray,4.1 mini,sonnet,10,,0.0,15.0
609,SparseIntArray,4.1 mini,sonnet,11,,0.0,15.0
609,SparseIntArray,4.1 mini,sonnet,12,1.0,1.0,1.0
609,SparseIntArray,4.1 mini,sonnet,13,,0.0,15.0
609,SparseIntArray,4.1 mini,sonnet,14,,0.0,15.0
609,SparseIntArray,4.1 mini,sonnet,15,,0.0,15.0
609,SparseIntArray,4.1 mini,sonnet,17,1.0,1.0,1.0
609,SparseIntArray,4.1 mini,sonnet,18,,0.0,15.0
609,SparseIntArray,4.1 mini,sonnet,19,,0.0,15.0
609,SparseIntArray,4.1 mini,sonnet,20,,0.0,15.0
610,Complex,sonnet,4.1 mini,2,,,
610,Complex,sonnet,4.1 mini,3,,,
610,Complex,sonnet,4.1 mini,4,,,
610,Complex,sonnet,4.1 mini,5,,,
610,Complex,sonnet,4.1 mini,8,,,
610,Complex,sonnet,4.1 mini,9,,,
610,Complex,sonnet,4.1 mini,10,,,
610,Complex,sonnet,4.1 mini,11,,,
610,Complex,sonnet,4.1 mini,12,,,
610,Complex,sonnet,4.1 mini,13,,,
610,Complex,sonnet,4.1 mini,15,,,
610,Complex,sonnet,4.1 mini,16,,,
610,Complex,sonnet,4.1 mini,17,,,
610,Complex,sonnet,4.1 mini,18,,,
610,Complex,sonnet,4.1 mini,19,,,
610,Complex,sonnet,4.1 mini,20,,,
610,Complex,sonnet,4.1 mini,1,1.0,1.0,1.0
610,Complex,sonnet,4.1 mini,6,3.0,3.0,3.0
610,Complex,sonnet,4.1 mini,7,1.0,1.0,4.0
610,Complex,sonnet,4.1 mini,14,1.0,1.0,1.0
611,IntHashMap,sonnet,sonnet,14,,,
611,IntHashMap,sonnet,sonnet,15,,,
611,IntHashMap,sonnet,sonnet,16,,,
611,IntHashMap,sonnet,sonnet,1,,0.0,15.0
611,IntHashMap,sonnet,sonnet,2,,0.0,15.0
611,IntHashMap,sonnet,sonnet,3,,0.0,15.0
611,IntHashMap,sonnet,sonnet,4,,0.0,15.0
611,IntHashMap,sonnet,sonnet,5,,0.0,15.0
611,IntHashMap,sonnet,sonnet,6,,0.0,15.0
611,IntHashMap,sonnet,sonnet,7,,0.0,15.0
611,IntHashMap,sonnet,sonnet,8,,0.0,15.0
611,IntHashMap,sonnet,sonnet,9,,0.0,15.0
611,IntHashMap,sonnet,sonnet,10,,0.0,15.0
611,IntHashMap,sonnet,sonnet,11,,0.0,15.0
611,IntHashMap,sonnet,sonnet,12,,0.0,15.0
611,IntHashMap,sonnet,sonnet,13,,0.0,15.0
611,IntHashMap,sonnet,sonnet,17,1.0,1.0,1.0
611,IntHashMap,sonnet,sonnet,18,,0.0,15.0
611,IntHashMap,sonnet,sonnet,19,,0.0,15.0
611,IntHashMap,sonnet,sonnet,20,,0.0,15.0
613,IntHashMap,haiku,sonnet,1,,,
613,IntHashMap,haiku,sonnet,2,,,
613,IntHashMap,haiku,sonnet,11,,,
613,IntHashMap,haiku,sonnet,13,,,
613,IntHashMap,haiku,sonnet,16,,,
613,IntHashMap,haiku,sonnet,20,,,
613,IntHashMap,haiku,sonnet,3,,3.0,3.0
613,IntHashMap,haiku,sonnet,4,,0.0,15.0
613,IntHashMap,haiku,sonnet,5,,0.0,15.0
613,IntHashMap,haiku,sonnet,6,,0.0,15.0
613,IntHashMap,haiku,sonnet,7,,0.0,15.0
613,IntHashMap,haiku,sonnet,8,,0.0,15.0
613,IntHashMap,haiku,sonnet,9,,0.0,15.0
613,IntHashMap,haiku,sonnet,10,,0.0,15.0
613,IntHashMap,haiku,sonnet,12,,0.0,15.0
613,IntHashMap,haiku,sonnet,14,,0.0,15.0
613,IntHashMap,haiku,sonnet,15,,0.0,15.0
613,IntHashMap,haiku,sonnet,17,,0.0,15.0
613,IntHashMap,haiku,sonnet,18,,0.0,15.0
613,IntHashMap,haiku,sonnet,19,,0.0,15.0
614,ByteVector,haiku,4.1,4,,,
614,ByteVector,haiku,4.1,5,,,
614,ByteVector,haiku,4.1,9,,,
614,ByteVector,haiku,4.1,10,,,
614,ByteVector,haiku,4.1,11,,,
614,ByteVector,haiku,4.1,12,,,
614,ByteVector,haiku,4.1,1,1.0,1.0,1.0
614,ByteVector,haiku,4.1,2,,3.0,3.0
614,ByteVector,haiku,4.1,3,1.0,1.0,1.0
614,ByteVector,haiku,4.1,6,,3.0,3.0
614,ByteVector,haiku,4.1,7,,3.0,3.0
614,ByteVector,haiku,4.1,8,1.0,1.0,1.0
614,ByteVector,haiku,4.1,13,,3.0,3.0
614,ByteVector,haiku,4.1,14,,3.0,3.0
614,ByteVector,haiku,4.1,15,,3.0,3.0
614,ByteVector,haiku,4.1,16,,3.0,3.0
614,ByteVector,haiku,4.1,17,,3.0,3.0
614,ByteVector,haiku,4.1,18,,3.0,3.0
614,ByteVector,haiku,4.1,19,,3.0,3.0
614,ByteVector,haiku,4.1,20,1.0,1.0,1.0
616,IntHashMap,haiku,4.1 mini,6,,,
616,IntHashMap,haiku,4.1 mini,9,,,
616,IntHashMap,haiku,4.1 mini,11,,,
616,IntHashMap,haiku,4.1 mini,12,,,
616,IntHashMap,haiku,4.1 mini,15,,,
616,IntHashMap,haiku,4.1 mini,16,,,
616,IntHashMap,haiku,4.1 mini,20,,,
616,IntHashMap,haiku,4.1 mini,1,,3.0,3.0
616,IntHashMap,haiku,4.1 mini,2,,3.0,4.0
616,IntHashMap,haiku,4.1 mini,3,,3.0,3.0
616,IntHashMap,haiku,4.1 mini,4,,3.0,10.0
616,IntHashMap,haiku,4.1 mini,5,,3.0,4.0
616,IntHashMap,haiku,4.1 mini,7,,3.0,3.0
616,IntHashMap,haiku,4.1 mini,8,,3.0,7.0
616,IntHashMap,haiku,4.1 mini,10,,3.0,4.0
616,IntHashMap,haiku,4.1 mini,13,,3.0,5.0
616,IntHashMap,haiku,4.1 mini,14,,3.0,6.0
616,IntHashMap,haiku,4.1 mini,17,,3.0,5.0
616,IntHashMap,haiku,4.1 mini,18,,3.0,3.0
616,IntHashMap,haiku,4.1 mini,19,,3.0,4.0
617,IntHashMap,haiku,haiku,1,,,
617,IntHashMap,haiku,haiku,2,,,
617,IntHashMap,haiku,haiku,3,,,
617,IntHashMap,haiku,haiku,4,,,
617,IntHashMap,haiku,haiku,15,,,
617,IntHashMap,haiku,haiku,18,,,
617,IntHashMap,haiku,haiku,19,,,
617,IntHashMap,haiku,haiku,5,,3.0,5.0
617,IntHashMap,haiku,haiku,6,,1.0,15.0
617,IntHashMap,haiku,haiku,7,,1.0,11.0
617,IntHashMap,haiku,haiku,8,,2.0,8.0
617,IntHashMap,haiku,haiku,9,,3.0,6.0
617,IntHashMap,haiku,haiku,10,,3.0,6.0
617,IntHashMap,haiku,haiku,11,,2.0,10.0
617,IntHashMap,haiku,haiku,12,,2.0,13.0
617,IntHashMap,haiku,haiku,13,,1.0,15.0
617,IntHashMap,haiku,haiku,14,,2.0,11.0
617,IntHashMap,haiku,haiku,16,,3.0,9.0
617,IntHashMap,haiku,haiku,17,,3.0,6.0
617,IntHashMap,haiku,haiku,20,,1.0,15.0
618,ByteVector,sonnet,sonnet,7,,,
618,ByteVector,sonnet,sonnet,8,,,
618,ByteVector,sonnet,sonnet,9,,,
618,ByteVector,sonnet,sonnet,10,,,
618,ByteVector,sonnet,sonnet,11,,,
618,ByteVector,sonnet,sonnet,12,,,
618,ByteVector,sonnet,sonnet,13,,,
618,ByteVector,sonnet,sonnet,14,,,
618,ByteVector,sonnet,sonnet,15,,,
618,ByteVector,sonnet,sonnet,16,,,
618,ByteVector,sonnet,sonnet,17,,,
618,ByteVector,sonnet,sonnet,18,,,
618,ByteVector,sonnet,sonnet,19,,,
618,ByteVector,sonnet,sonnet,20,,,
618,ByteVector,sonnet,sonnet,1,,0.0,15.0
618,ByteVector,sonnet,sonnet,2,,0.0,15.0
618,ByteVector,sonnet,sonnet,3,,0.0,15.0
618,ByteVector,sonnet,sonnet,4,,3.0,4.0
618,ByteVector,sonnet,sonnet,5,,3.0,3.0
618,ByteVector,sonnet,sonnet,6,,3.0,3.0
619,SparseIntArray,haiku,sonnet,1,,,
619,SparseIntArray,haiku,sonnet,2,,,
619,SparseIntArray,haiku,sonnet,8,,,
619,SparseIntArray,haiku,sonnet,10,,,
619,SparseIntArray,haiku,sonnet,11,,,
619,SparseIntArray,haiku,sonnet,12,,,
619,SparseIntArray,haiku,sonnet,15,,,
619,SparseIntArray,haiku,sonnet,16,,,
619,SparseIntArray,haiku,sonnet,17,,,
619,SparseIntArray,haiku,sonnet,3,1.0,1.0,1.0
619,SparseIntArray,haiku,sonnet,4,,3.0,3.0
619,SparseIntArray,haiku,sonnet,5,,0.0,15.0
619,SparseIntArray,haiku,sonnet,6,,0.0,15.0
619,SparseIntArray,haiku,sonnet,7,,0.0,15.0
619,SparseIntArray,haiku,sonnet,9,1.0,1.0,1.0
619,SparseIntArray,haiku,sonnet,13,1.0,1.0,1.0
619,SparseIntArray,haiku,sonnet,14,2.0,2.0,2.0
619,SparseIntArray,haiku,sonnet,18,,1.0,14.0
619,SparseIntArray,haiku,sonnet,19,,0.0,15.0
619,SparseIntArray,haiku,sonnet,20,,0.0,15.0
620,ByteVector,sonnet,4.1 mini,5,,,
620,ByteVector,sonnet,4.1 mini,6,,,
620,ByteVector,sonnet,4.1 mini,7,,,
620,ByteVector,sonnet,4.1 mini,8,,,
620,ByteVector,sonnet,4.1 mini,11,,,
620,ByteVector,sonnet,4.1 mini,12,,,
620,ByteVector,sonnet,4.1 mini,17,,,
620,ByteVector,sonnet,4.1 mini,18,,,
620,ByteVector,sonnet,4.1 mini,19,,,
620,ByteVector,sonnet,4.1 mini,20,,,
620,ByteVector,sonnet,4.1 mini,1,,3.0,5.0
620,ByteVector,sonnet,4.1 mini,2,,3.0,5.0
620,ByteVector,sonnet,4.1 mini,3,,3.0,4.0
620,ByteVector,sonnet,4.1 mini,4,1.0,1.0,1.0
620,ByteVector,sonnet,4.1 mini,9,2.0,2.0,6.0
620,ByteVector,sonnet,4.1 mini,10,,3.0,3.0
620,ByteVector,sonnet,4.1 mini,13,,3.0,3.0
620,ByteVector,sonnet,4.1 mini,14,,3.0,3.0
620,ByteVector,sonnet,4.1 mini,15,,3.0,3.0
620,ByteVector,sonnet,4.1 mini,16,,3.0,4.0
621,ByteVector,4.1 mini,sonnet,13,,,
621,ByteVector,4.1 mini,sonnet,1,1.0,1.0,1.0
621,ByteVector,4.1 mini,sonnet,2,1.0,1.0,2.0
621,ByteVector,4.1 mini,sonnet,3,,0.0,15.0
621,ByteVector,4.1 mini,sonnet,4,1.0,1.0,2.0
621,ByteVector,4.1 mini,sonnet,5,,0.0,15.0
621,ByteVector,4.1 mini,sonnet,6,,0.0,15.0
621,ByteVector,4.1 mini,sonnet,7,,0.0,15.0
621,ByteVector,4.1 mini,sonnet,8,,3.0,4.0
621,ByteVector,4.1 mini,sonnet,9,,0.0,15.0
621,ByteVector,4.1 mini,sonnet,10,,0.0,15.0
621,ByteVector,4.1 mini,sonnet,11,,0.0,15.0
621,ByteVector,4.1 mini,sonnet,12,1.0,1.0,5.0
621,ByteVector,4.1 mini,sonnet,14,,0.0,15.0
621,ByteVector,4.1 mini,sonnet,15,,0.0,15.0
621,ByteVector,4.1 mini,sonnet,16,,0.0,15.0
621,ByteVector,4.1 mini,sonnet,17,,3.0,11.0
621,ByteVector,4.1 mini,sonnet,18,,0.0,15.0
621,ByteVector,4.1 mini,sonnet,19,,3.0,3.0
621,ByteVector,4.1 mini,sonnet,20,,0.0,15.0
622,ByteVector,4.1,sonnet,3,,,
622,ByteVector,4.1,sonnet,4,,,
622,ByteVector,4.1,sonnet,5,,,
622,ByteVector,4.1,sonnet,6,,,
622,ByteVector,4.1,sonnet,7,,,
622,ByteVector,4.1,sonnet,8,,,
622,ByteVector,4.1,sonnet,9,,,
622,ByteVector,4.1,sonnet,10,,,
622,ByteVector,4.1,sonnet,11,,,
622,ByteVector,4.1,sonnet,12,,,
622,ByteVector,4.1,sonnet,13,,,
622,ByteVector,4.1,sonnet,14,,,
622,ByteVector,4.1,sonnet,15,,,
622,ByteVector,4.1,sonnet,16,,,
622,ByteVector,4.1,sonnet,17,,,
622,ByteVector,4.1,sonnet,18,,,
622,ByteVector,4.1,sonnet,19,,,
622,ByteVector,4.1,sonnet,20,,,
622,ByteVector,4.1,sonnet,1,1.0,1.0,1.0
622,ByteVector,4.1,sonnet,2,2.0,2.0,5.0
623,ByteVector,4.1,4.1 mini,9,,,
623,ByteVector,4.1,4.1 mini,12,,,
623,ByteVector,4.1,4.1 mini,13,,,
623,ByteVector,4.1,4.1 mini,1,,3.0,3.0
623,ByteVector,4.1,4.1 mini,2,,3.0,5.0
623,ByteVector,4.1,4.1 mini,3,1.0,1.0,4.0
623,ByteVector,4.1,4.1 mini,4,3.0,1.0,12.0
623,ByteVector,4.1,4.1 mini,5,1.0,1.0,4.0
623,ByteVector,4.1,4.1 mini,6,1.0,1.0,2.0
623,ByteVector,4.1,4.1 mini,7,1.0,1.0,1.0
623,ByteVector,4.1,4.1 mini,8,1.0,1.0,1.0
623,ByteVector,4.1,4.1 mini,10,,3.0,5.0
623,ByteVector,4.1,4.1 mini,11,,3.0,4.0
623,ByteVector,4.1,4.1 mini,14,,3.0,4.0
623,ByteVector,4.1,4.1 mini,15,,3.0,4.0
623,ByteVector,4.1,4.1 mini,16,,3.0,5.0
623,ByteVector,4.1,4.1 mini,17,,3.0,3.0
623,ByteVector,4.1,4.1 mini,18,,3.0,3.0
623,ByteVector,4.1,4.1 mini,19,,3.0,5.0
623,ByteVector,4.1,4.1 mini,20,1.0,1.0,1.0
626,CharRange,sonnet,haiku,1,,,
626,CharRange,sonnet,haiku,2,,,
626,CharRange,sonnet,haiku,3,,,
626,CharRange,sonnet,haiku,4,,,
626,CharRange,sonnet,haiku,5,,,
626,CharRange,sonnet,haiku,6,,,
626,CharRange,sonnet,haiku,7,,,
626,CharRange,sonnet,haiku,8,,,
626,CharRange,sonnet,haiku,9,,,
626,CharRange,sonnet,haiku,10,,,
626,CharRange,sonnet,haiku,11,,,
626,CharRange,sonnet,haiku,12,,,
626,CharRange,sonnet,haiku,13,,,
626,CharRange,sonnet,haiku,14,,,
626,CharRange,sonnet,haiku,15,,,
626,CharRange,sonnet,haiku,16,,,
626,CharRange,sonnet,haiku,17,,,
626,CharRange,sonnet,haiku,18,,,
626,CharRange,sonnet,haiku,19,,,
626,CharRange,sonnet,haiku,20,,,
627,CharRange,sonnet,sonnet,1,,,
627,CharRange,sonnet,sonnet,2,,,
627,CharRange,sonnet,sonnet,3,,,
627,CharRange,sonnet,sonnet,4,,,
627,CharRange,sonnet,sonnet,5,,,
627,CharRange,sonnet,sonnet,6,,,
627,CharRange,sonnet,sonnet,7,,,
627,CharRange,sonnet,sonnet,8,,,
627,CharRange,sonnet,sonnet,9,,,
627,CharRange,sonnet,sonnet,10,,,
627,CharRange,sonnet,sonnet,11,,,
627,CharRange,sonnet,sonnet,12,,,
627,CharRange,sonnet,sonnet,13,,,
627,CharRange,sonnet,sonnet,14,,,
627,CharRange,sonnet,sonnet,15,,,
627,CharRange,sonnet,sonnet,16,,,
627,CharRange,sonnet,sonnet,17,,,
627,CharRange,sonnet,sonnet,18,,,
627,CharRange,sonnet,sonnet,19,,,
627,CharRange,sonnet,sonnet,20,,,
628,CharRange,sonnet,4.1 mini,1,,,
628,CharRange,sonnet,4.1 mini,2,,,
628,CharRange,sonnet,4.1 mini,3,,,
628,CharRange,sonnet,4.1 mini,4,,,
628,CharRange,sonnet,4.1 mini,5,,,
628,CharRange,sonnet,4.1 mini,6,,,
628,CharRange,sonnet,4.1 mini,7,,,
628,CharRange,sonnet,4.1 mini,8,,,
628,CharRange,sonnet,4.1 mini,9,,,
628,CharRange,sonnet,4.1 mini,10,,,
628,CharRange,sonnet,4.1 mini,11,,,
628,CharRange,sonnet,4.1 mini,12,,,
628,CharRange,sonnet,4.1 mini,13,,,
628,CharRange,sonnet,4.1 mini,14,,,
628,CharRange,sonnet,4.1 mini,15,,,
628,CharRange,sonnet,4.1 mini,16,,,
628,CharRange,sonnet,4.1 mini,17,,,
628,CharRange,sonnet,4.1 mini,18,,,
628,CharRange,sonnet,4.1 mini,19,,,
628,CharRange,sonnet,4.1 mini,20,,,
629,CharRange,sonnet,4.1,1,,,
629,CharRange,sonnet,4.1,2,,,
629,CharRange,sonnet,4.1,3,,,
629,CharRange,sonnet,4.1,4,,,
629,CharRange,sonnet,4.1,5,,,
629,CharRange,sonnet,4.1,6,,,
629,CharRange,sonnet,4.1,7,,,
629,CharRange,sonnet,4.1,8,,,
629,CharRange,sonnet,4.1,9,,,
629,CharRange,sonnet,4.1,10,,,
629,CharRange,sonnet,4.1,11,,,
629,CharRange,sonnet,4.1,12,,,
629,CharRange,sonnet,4.1,13,,,
629,CharRange,sonnet,4.1,14,,,
629,CharRange,sonnet,4.1,15,,,
629,CharRange,sonnet,4.1,16,,,
629,CharRange,sonnet,4.1,17,,,
629,CharRange,sonnet,4.1,18,,,
629,CharRange,sonnet,4.1,19,,,
629,CharRange,sonnet,4.1,20,,,
630,CharRange,4.1 mini,haiku,2,,,
630,CharRange,4.1 mini,haiku,3,,,
630,CharRange,4.1 mini,haiku,7,,,
630,CharRange,4.1 mini,haiku,8,,,
630,CharRange,4.1 mini,haiku,9,,,
630,CharRange,4.1 mini,haiku,12,,,
630,CharRange,4.1 mini,haiku,13,,,
630,CharRange,4.1 mini,haiku,14,,,
630,CharRange,4.1 mini,haiku,15,,,
630,CharRange,4.1 mini,haiku,17,,,
630,CharRange,4.1 mini,haiku,18,,,
630,CharRange,4.1 mini,haiku,19,,,
630,CharRange,4.1 mini,haiku,20,,,
630,CharRange,4.1 mini,haiku,1,,0.0,15.0
630,CharRange,4.1 mini,haiku,4,1.0,1.0,1.0
630,CharRange,4.1 mini,haiku,5,,0.0,15.0
630,CharRange,4.1 mini,haiku,6,1.0,1.0,5.0
630,CharRange,4.1 mini,haiku,10,,0.0,15.0
630,CharRange,4.1 mini,haiku,11,,3.0,6.0
630,CharRange,4.1 mini,haiku,16,,3.0,3.0
631,CharRange,4.1 mini,sonnet,2,,,
631,CharRange,4.1 mini,sonnet,4,,,
631,CharRange,4.1 mini,sonnet,6,,,
631,CharRange,4.1 mini,sonnet,7,,,
631,CharRange,4.1 mini,sonnet,8,,,
631,CharRange,4.1 mini,sonnet,10,,,
631,CharRange,4.1 mini,sonnet,11,,,
631,CharRange,4.1 mini,sonnet,12,,,
631,CharRange,4.1 mini,sonnet,13,,,
631,CharRange,4.1 mini,sonnet,14,,,
631,CharRange,4.1 mini,sonnet,15,,,
631,CharRange,4.1 mini,sonnet,16,,,
631,CharRange,4.1 mini,sonnet,17,,,
631,CharRange,4.1 mini,sonnet,18,,,
631,CharRange,4.1 mini,sonnet,19,,,
631,CharRange,4.1 mini,sonnet,20,,,
631,CharRange,4.1 mini,sonnet,1,,1.0,13.0
631,CharRange,4.1 mini,sonnet,3,,0.0,15.0
631,CharRange,4.1 mini,sonnet,5,,0.0,15.0
631,CharRange,4.1 mini,sonnet,9,3.0,1.0,12.0
632,CharRange,4.1,sonnet,2,,,
632,CharRange,4.1,sonnet,3,,,
632,CharRange,4.1,sonnet,4,,,
632,CharRange,4.1,sonnet,5,,,
632,CharRange,4.1,sonnet,6,,,
632,CharRange,4.1,sonnet,8,,,
632,CharRange,4.1,sonnet,9,,,
632,CharRange,4.1,sonnet,10,,,
632,CharRange,4.1,sonnet,11,,,
632,CharRange,4.1,sonnet,12,,,
632,CharRange,4.1,sonnet,13,,,
632,CharRange,4.1,sonnet,14,,,
632,CharRange,4.1,sonnet,15,,,
632,CharRange,4.1,sonnet,16,,,
632,CharRange,4.1,sonnet,17,,,
632,CharRange,4.1,sonnet,18,,,
632,CharRange,4.1,sonnet,19,,,
632,CharRange,4.1,sonnet,20,,,
632,CharRange,4.1,sonnet,1,1.0,1.0,1.0
632,CharRange,4.1,sonnet,7,1.0,1.0,1.0
633,CaseInsensitiveString,haiku,haiku,1,,1.0,13.0
633,CaseInsensitiveString,haiku,haiku,2,,1.0,15.0
633,CaseInsensitiveString,haiku,haiku,3,,0.0,15.0
633,CaseInsensitiveString,haiku,haiku,4,2.0,1.0,10.0
633,CaseInsensitiveString,haiku,haiku,5,,2.0,11.0
633,CaseInsensitiveString,haiku,haiku,6,,1.0,11.0
633,CaseInsensitiveString,haiku,haiku,7,1.0,1.0,2.0
633,CaseInsensitiveString,haiku,haiku,8,,2.0,8.0
633,CaseInsensitiveString,haiku,haiku,9,,0.0,15.0
633,CaseInsensitiveString,haiku,haiku,10,,2.0,10.0
633,CaseInsensitiveString,haiku,haiku,11,,1.0,13.0
633,CaseInsensitiveString,haiku,haiku,12,,2.0,14.0
633,CaseInsensitiveString,haiku,haiku,13,,2.0,9.0
633,CaseInsensitiveString,haiku,haiku,14,,0.0,15.0
633,CaseInsensitiveString,haiku,haiku,15,,1.0,11.0
633,CaseInsensitiveString,haiku,haiku,16,,3.0,7.0
633,CaseInsensitiveString,haiku,haiku,17,,3.0,10.0
633,CaseInsensitiveString,haiku,haiku,18,,3.0,6.0
633,CaseInsensitiveString,haiku,haiku,19,,3.0,10.0
633,CaseInsensitiveString,haiku,haiku,20,,2.0,11.0
634,CaseInsensitiveString,haiku,sonnet,1,,0.0,15.0
634,CaseInsensitiveString,haiku,sonnet,2,,3.0,4.0
634,CaseInsensitiveString,haiku,sonnet,3,,0.0,15.0
634,CaseInsensitiveString,haiku,sonnet,4,,0.0,15.0
634,CaseInsensitiveString,haiku,sonnet,5,,0.0,15.0
634,CaseInsensitiveString,haiku,sonnet,6,,3.0,3.0
634,CaseInsensitiveString,haiku,sonnet,7,,3.0,5.0
634,CaseInsensitiveString,haiku,sonnet,8,,3.0,3.0
634,CaseInsensitiveString,haiku,sonnet,9,,0.0,15.0
634,CaseInsensitiveString,haiku,sonnet,10,,0.0,15.0
634,CaseInsensitiveString,haiku,sonnet,11,,0.0,15.0
634,CaseInsensitiveString,haiku,sonnet,12,,0.0,15.0
634,CaseInsensitiveString,haiku,sonnet,13,,1.0,11.0
634,CaseInsensitiveString,haiku,sonnet,14,,3.0,3.0
634,CaseInsensitiveString,haiku,sonnet,15,,1.0,13.0
634,CaseInsensitiveString,haiku,sonnet,16,,1.0,11.0
634,CaseInsensitiveString,haiku,sonnet,17,,3.0,3.0
634,CaseInsensitiveString,haiku,sonnet,18,,0.0,15.0
634,CaseInsensitiveString,haiku,sonnet,19,,0.0,15.0
634,CaseInsensitiveString,haiku,sonnet,20,,1.0,11.0
635,CaseInsensitiveString,haiku,4.1 mini,20,,,
635,CaseInsensitiveString,haiku,4.1 mini,1,,3.0,4.0
635,CaseInsensitiveString,haiku,4.1 mini,2,1.0,1.0,1.0
635,CaseInsensitiveString,haiku,4.1 mini,3,,1.0,13.0
635,CaseInsensitiveString,haiku,4.1 mini,4,,0.0,15.0
635,CaseInsensitiveString,haiku,4.1 mini,5,,2.0,9.0
635,CaseInsensitiveString,haiku,4.1 mini,6,,2.0,13.0
635,CaseInsensitiveString,haiku,4.1 mini,7,,2.0,9.0
635,CaseInsensitiveString,haiku,4.1 mini,8,2.0,2.0,2.0
635,CaseInsensitiveString,haiku,4.1 mini,9,,3.0,3.0
635,CaseInsensitiveString,haiku,4.1 mini,10,,3.0,3.0
635,CaseInsensitiveString,haiku,4.1 mini,11,,3.0,5.0
635,CaseInsensitiveString,haiku,4.1 mini,12,,2.0,11.0
635,CaseInsensitiveString,haiku,4.1 mini,13,,2.0,11.0
635,CaseInsensitiveString,haiku,4.1 mini,14,,3.0,3.0
635,CaseInsensitiveString,haiku,4.1 mini,15,,3.0,7.0
635,CaseInsensitiveString,haiku,4.1 mini,16,,0.0,15.0
635,CaseInsensitiveString,haiku,4.1 mini,17,1.0,1.0,1.0
635,CaseInsensitiveString,haiku,4.1 mini,18,,3.0,4.0
635,CaseInsensitiveString,haiku,4.1 mini,19,2.0,1.0,10.0
637,CaseInsensitiveString,sonnet,haiku,4,,,
637,CaseInsensitiveString,sonnet,haiku,5,,,
637,CaseInsensitiveString,sonnet,haiku,6,,,
637,CaseInsensitiveString,sonnet,haiku,9,,,
637,CaseInsensitiveString,sonnet,haiku,10,,,
637,CaseInsensitiveString,sonnet,haiku,12,,,
637,CaseInsensitiveString,sonnet,haiku,13,,,
637,CaseInsensitiveString,sonnet,haiku,14,,,
637,CaseInsensitiveString,sonnet,haiku,15,,,
637,CaseInsensitiveString,sonnet,haiku,16,,,
637,CaseInsensitiveString,sonnet,haiku,17,,,
637,CaseInsensitiveString,sonnet,haiku,18,,,
637,CaseInsensitiveString,sonnet,haiku,19,,,
637,CaseInsensitiveString,sonnet,haiku,20,,,
637,CaseInsensitiveString,sonnet,haiku,1,,2.0,8.0
637,CaseInsensitiveString,sonnet,haiku,2,,1.0,12.0
637,CaseInsensitiveString,sonnet,haiku,3,,2.0,9.0
637,CaseInsensitiveString,sonnet,haiku,7,,3.0,14.0
637,CaseInsensitiveString,sonnet,haiku,8,2.0,1.0,8.0
637,CaseInsensitiveString,sonnet,haiku,11,,3.0,3.0
639,CaseInsensitiveString,sonnet,4.1 mini,4,,,
639,CaseInsensitiveString,sonnet,4.1 mini,7,,,
639,CaseInsensitiveString,sonnet,4.1 mini,8,,,
639,CaseInsensitiveString,sonnet,4.1 mini,12,,,
639,CaseInsensitiveString,sonnet,4.1 mini,13,,,
639,CaseInsensitiveString,sonnet,4.1 mini,14,,,
639,CaseInsensitiveString,sonnet,4.1 mini,17,,,
639,CaseInsensitiveString,sonnet,4.1 mini,20,,,
639,CaseInsensitiveString,sonnet,4.1 mini,1,,3.0,5.0
639,CaseInsensitiveString,sonnet,4.1 mini,2,,3.0,6.0
639,CaseInsensitiveString,sonnet,4.1 mini,3,1.0,1.0,2.0
639,CaseInsensitiveString,sonnet,4.1 mini,5,,2.0,9.0
639,CaseInsensitiveString,sonnet,4.1 mini,6,3.0,1.0,14.0
639,CaseInsensitiveString,sonnet,4.1 mini,9,,3.0,5.0
639,CaseInsensitiveString,sonnet,4.1 mini,10,,2.0,12.0
639,CaseInsensitiveString,sonnet,4.1 mini,11,1.0,1.0,1.0
639,CaseInsensitiveString,sonnet,4.1 mini,15,,0.0,15.0
639,CaseInsensitiveString,sonnet,4.1 mini,16,,0.0,15.0
639,CaseInsensitiveString,sonnet,4.1 mini,18,,3.0,3.0
639,CaseInsensitiveString,sonnet,4.1 mini,19,,2.0,11.0
640,CaseInsensitiveString,sonnet,4.1,5,,,
640,CaseInsensitiveString,sonnet,4.1,6,,,
640,CaseInsensitiveString,sonnet,4.1,17,,,
640,CaseInsensitiveString,sonnet,4.1,19,,,
640,CaseInsensitiveString,sonnet,4.1,1,,3.0,3.0
640,CaseInsensitiveString,sonnet,4.1,2,,3.0,8.0
640,CaseInsensitiveString,sonnet,4.1,3,1.0,1.0,1.0
640,CaseInsensitiveString,sonnet,4.1,4,,3.0,7.0
640,CaseInsensitiveString,sonnet,4.1,7,3.0,1.0,11.0
640,CaseInsensitiveString,sonnet,4.1,8,,3.0,5.0
640,CaseInsensitiveString,sonnet,4.1,9,,2.0,14.0
640,CaseInsensitiveString,sonnet,4.1,10,,3.0,8.0
640,CaseInsensitiveString,sonnet,4.1,11,1.0,1.0,3.0
640,CaseInsensitiveString,sonnet,4.1,12,1.0,1.0,1.0
640,CaseInsensitiveString,sonnet,4.1,13,,3.0,5.0
640,CaseInsensitiveString,sonnet,4.1,14,,3.0,5.0
640,CaseInsensitiveString,sonnet,4.1,15,,3.0,4.0
640,CaseInsensitiveString,sonnet,4.1,16,,3.0,9.0
640,CaseInsensitiveString,sonnet,4.1,18,,3.0,3.0
640,CaseInsensitiveString,sonnet,4.1,20,,3.0,5.0
641,CaseInsensitiveString,4.1 mini,haiku,5,,,
641,CaseInsensitiveString,4.1 mini,haiku,6,,,
641,CaseInsensitiveString,4.1 mini,haiku,7,,,
641,CaseInsensitiveString,4.1 mini,haiku,8,,,
641,CaseInsensitiveString,4.1 mini,haiku,11,,,
641,CaseInsensitiveString,4.1 mini,haiku,12,,,
641,CaseInsensitiveString,4.1 mini,haiku,14,,,
641,CaseInsensitiveString,4.1 mini,haiku,16,,,
641,CaseInsensitiveString,4.1 mini,haiku,17,,,
641,CaseInsensitiveString,4.1 mini,haiku,18,,,
641,CaseInsensitiveString,4.1 mini,haiku,19,,,
641,CaseInsensitiveString,4.1 mini,haiku,20,,,
641,CaseInsensitiveString,4.1 mini,haiku,1,,3.0,8.0
641,CaseInsensitiveString,4.1 mini,haiku,2,,1.0,11.0
641,CaseInsensitiveString,4.1 mini,haiku,3,,2.0,7.0
641,CaseInsensitiveString,4.1 mini,haiku,4,1.0,1.0,3.0
641,CaseInsensitiveString,4.1 mini,haiku,9,1.0,1.0,1.0
641,CaseInsensitiveString,4.1 mini,haiku,10,,2.0,9.0
641,CaseInsensitiveString,4.1 mini,haiku,13,,2.0,8.0
641,CaseInsensitiveString,4.1 mini,haiku,15,1.0,1.0,1.0
642,CaseInsensitiveString,4.1 mini,sonnet,5,,,
642,CaseInsensitiveString,4.1 mini,sonnet,6,,,
642,CaseInsensitiveString,4.1 mini,sonnet,8,,,
642,CaseInsensitiveString,4.1 mini,sonnet,9,,,
642,CaseInsensitiveString,4.1 mini,sonnet,10,,,
642,CaseInsensitiveString,4.1 mini,sonnet,11,,,
642,CaseInsensitiveString,4.1 mini,sonnet,13,,,
642,CaseInsensitiveString,4.1 mini,sonnet,14,,,
642,CaseInsensitiveString,4.1 mini,sonnet,15,,,
642,CaseInsensitiveString,4.1 mini,sonnet,16,,,
642,CaseInsensitiveString,4.1 mini,sonnet,19,,,
642,CaseInsensitiveString,4.1 mini,sonnet,20,,,
642,CaseInsensitiveString,4.1 mini,sonnet,1,1.0,1.0,1.0
642,CaseInsensitiveString,4.1 mini,sonnet,2,,3.0,6.0
642,CaseInsensitiveString,4.1 mini,sonnet,3,,0.0,15.0
642,CaseInsensitiveString,4.1 mini,sonnet,4,,0.0,15.0
642,CaseInsensitiveString,4.1 mini,sonnet,7,,3.0,3.0
642,CaseInsensitiveString,4.1 mini,sonnet,12,,0.0,15.0
642,CaseInsensitiveString,4.1 mini,sonnet,17,,3.0,3.0
642,CaseInsensitiveString,4.1 mini,sonnet,18,,0.0,15.0
643,CaseInsensitiveString,4.1 mini,4.1,3,,,
643,CaseInsensitiveString,4.1 mini,4.1,4,,,
643,CaseInsensitiveString,4.1 mini,4.1,5,,,
643,CaseInsensitiveString,4.1 mini,4.1,6,,,
643,CaseInsensitiveString,4.1 mini,4.1,8,,,
643,CaseInsensitiveString,4.1 mini,4.1,9,,,
643,CaseInsensitiveString,4.1 mini,4.1,13,,,
643,CaseInsensitiveString,4.1 mini,4.1,14,,,
643,CaseInsensitiveString,4.1 mini,4.1,15,,,
643,CaseInsensitiveString,4.1 mini,4.1,17,,,
643,CaseInsensitiveString,4.1 mini,4.1,18,,,
643,CaseInsensitiveString,4.1 mini,4.1,19,,,
643,CaseInsensitiveString,4.1 mini,4.1,20,,,
643,CaseInsensitiveString,4.1 mini,4.1,1,,3.0,6.0
643,CaseInsensitiveString,4.1 mini,4.1,2,1.0,1.0,1.0
643,CaseInsensitiveString,4.1 mini,4.1,7,,3.0,3.0
643,CaseInsensitiveString,4.1 mini,4.1,10,,3.0,3.0
643,CaseInsensitiveString,4.1 mini,4.1,11,,3.0,3.0
643,CaseInsensitiveString,4.1 mini,4.1,12,,3.0,4.0
643,CaseInsensitiveString,4.1 mini,4.1,16,,3.0,4.0
644,CaseInsensitiveString,4.1,haiku,9,,,
644,CaseInsensitiveString,4.1,haiku,1,1.0,1.0,1.0
644,CaseInsensitiveString,4.1,haiku,2,,3.0,10.0
644,CaseInsensitiveString,4.1,haiku,3,,3.0,9.0
644,CaseInsensitiveString,4.1,haiku,4,,2.0,8.0
644,CaseInsensitiveString,4.1,haiku,5,,2.0,7.0
644,CaseInsensitiveString,4.1,haiku,6,,2.0,12.0
644,CaseInsensitiveString,4.1,haiku,7,,3.0,4.0
644,CaseInsensitiveString,4.1,haiku,8,,2.0,10.0
644,CaseInsensitiveString,4.1,haiku,10,,3.0,3.0
644,CaseInsensitiveString,4.1,haiku,11,,3.0,4.0
644,CaseInsensitiveString,4.1,haiku,12,,3.0,6.0
644,CaseInsensitiveString,4.1,haiku,13,,3.0,3.0
644,CaseInsensitiveString,4.1,haiku,14,,2.0,11.0
644,CaseInsensitiveString,4.1,haiku,15,,1.0,11.0
644,CaseInsensitiveString,4.1,haiku,16,,1.0,14.0
644,CaseInsensitiveString,4.1,haiku,17,,3.0,3.0
644,CaseInsensitiveString,4.1,haiku,18,,3.0,10.0
644,CaseInsensitiveString,4.1,haiku,19,,3.0,8.0
644,CaseInsensitiveString,4.1,haiku,20,,3.0,6.0
645,CaseInsensitiveString,4.1,sonnet,1,1.0,1.0,1.0
645,CaseInsensitiveString,4.1,sonnet,2,,0.0,15.0
645,CaseInsensitiveString,4.1,sonnet,3,,3.0,3.0
645,CaseInsensitiveString,4.1,sonnet,4,1.0,1.0,1.0
645,CaseInsensitiveString,4.1,sonnet,5,,0.0,15.0
645,CaseInsensitiveString,4.1,sonnet,6,,0.0,15.0
645,CaseInsensitiveString,4.1,sonnet,7,,0.0,15.0
645,CaseInsensitiveString,4.1,sonnet,8,,0.0,15.0
645,CaseInsensitiveString,4.1,sonnet,9,,0.0,15.0
645,CaseInsensitiveString,4.1,sonnet,10,,0.0,15.0
645,CaseInsensitiveString,4.1,sonnet,11,,3.0,3.0
645,CaseInsensitiveString,4.1,sonnet,12,,1.0,12.0
645,CaseInsensitiveString,4.1,sonnet,13,,0.0,15.0
645,CaseInsensitiveString,4.1,sonnet,14,,0.0,15.0
645,CaseInsensitiveString,4.1,sonnet,15,,0.0,15.0
645,CaseInsensitiveString,4.1,sonnet,16,,0.0,15.0
645,CaseInsensitiveString,4.1,sonnet,17,,0.0,15.0
645,CaseInsensitiveString,4.1,sonnet,18,,0.0,15.0
645,CaseInsensitiveString,4.1,sonnet,19,,0.0,15.0
645,CaseInsensitiveString,4.1,sonnet,20,,0.0,15.0
646,Document,haiku,haiku,1,,3.0,8.0
646,Document,haiku,haiku,2,,3.0,8.0
646,Document,haiku,haiku,3,,2.0,9.0
646,Document,haiku,haiku,4,,2.0,7.0
646,Document,haiku,haiku,5,,2.0,12.0
646,Document,haiku,haiku,6,,3.0,5.0
646,Document,haiku,haiku,7,,0.0,15.0
646,Document,haiku,haiku,8,,0.0,15.0
646,Document,haiku,haiku,9,,2.0,10.0
646,Document,haiku,haiku,10,,3.0,7.0
646,Document,haiku,haiku,11,,0.0,15.0
646,Document,haiku,haiku,12,,2.0,13.0
646,Document,haiku,haiku,13,,3.0,8.0
646,Document,haiku,haiku,14,,3.0,10.0
646,Document,haiku,haiku,15,,1.0,12.0
646,Document,haiku,haiku,16,,3.0,7.0
646,Document,haiku,haiku,17,,3.0,6.0
646,Document,haiku,haiku,18,,2.0,10.0
646,Document,haiku,haiku,19,,1.0,13.0
646,Document,haiku,haiku,20,,1.0,11.0
647,Document,haiku,sonnet,19,,,
647,Document,haiku,sonnet,1,,0.0,15.0
647,Document,haiku,sonnet,2,,0.0,15.0
647,Document,haiku,sonnet,3,,0.0,15.0
647,Document,haiku,sonnet,4,,0.0,15.0
647,Document,haiku,sonnet,5,,0.0,15.0
647,Document,haiku,sonnet,6,,0.0,15.0
647,Document,haiku,sonnet,7,,0.0,15.0
647,Document,haiku,sonnet,8,,0.0,15.0
647,Document,haiku,sonnet,9,,0.0,15.0
647,Document,haiku,sonnet,10,,0.0,15.0
647,Document,haiku,sonnet,11,,0.0,15.0
647,Document,haiku,sonnet,12,,0.0,15.0
647,Document,haiku,sonnet,13,,0.0,15.0
647,Document,haiku,sonnet,14,,0.0,15.0
647,Document,haiku,sonnet,15,,0.0,15.0
647,Document,haiku,sonnet,16,,0.0,15.0
647,Document,haiku,sonnet,17,,0.0,15.0
647,Document,haiku,sonnet,18,,2.0,12.0
647,Document,haiku,sonnet,20,,0.0,15.0
648,Document,haiku,4.1 mini,1,,0.0,15.0
648,Document,haiku,4.1 mini,2,,0.0,15.0
648,Document,haiku,4.1 mini,3,,0.0,15.0
648,Document,haiku,4.1 mini,4,,0.0,15.0
648,Document,haiku,4.1 mini,5,,0.0,15.0
648,Document,haiku,4.1 mini,6,,0.0,15.0
648,Document,haiku,4.1 mini,7,,0.0,15.0
648,Document,haiku,4.1 mini,8,,0.0,15.0
648,Document,haiku,4.1 mini,9,,0.0,15.0
648,Document,haiku,4.1 mini,10,,0.0,15.0
648,Document,haiku,4.1 mini,11,,0.0,15.0
648,Document,haiku,4.1 mini,12,,0.0,15.0
648,Document,haiku,4.1 mini,13,,0.0,15.0
648,Document,haiku,4.1 mini,14,,0.0,15.0
648,Document,haiku,4.1 mini,15,,0.0,15.0
648,Document,haiku,4.1 mini,16,,0.0,15.0
648,Document,haiku,4.1 mini,17,,0.0,15.0
648,Document,haiku,4.1 mini,18,,0.0,15.0
648,Document,haiku,4.1 mini,19,,0.0,15.0
648,Document,haiku,4.1 mini,20,,0.0,15.0
649,Document,haiku,4.1,1,,0.0,15.0
649,Document,haiku,4.1,2,,0.0,15.0
649,Document,haiku,4.1,3,,0.0,15.0
649,Document,haiku,4.1,4,,0.0,15.0
649,Document,haiku,4.1,5,1.0,1.0,3.0
649,Document,haiku,4.1,6,,0.0,15.0
649,Document,haiku,4.1,7,,0.0,15.0
649,Document,haiku,4.1,8,,0.0,15.0
649,Document,haiku,4.1,9,,0.0,15.0
649,Document,haiku,4.1,10,,0.0,15.0
649,Document,haiku,4.1,11,,0.0,15.0
649,Document,haiku,4.1,12,,0.0,15.0
649,Document,haiku,4.1,13,,0.0,15.0
649,Document,haiku,4.1,14,,0.0,15.0
649,Document,haiku,4.1,15,,0.0,15.0
649,Document,haiku,4.1,16,,0.0,15.0
649,Document,haiku,4.1,17,,0.0,15.0
649,Document,haiku,4.1,18,,0.0,15.0
649,Document,haiku,4.1,19,,0.0,15.0
649,Document,haiku,4.1,20,,0.0,15.0
650,Document,sonnet,haiku,2,,,
650,Document,sonnet,haiku,6,,,
650,Document,sonnet,haiku,7,,,
650,Document,sonnet,haiku,8,,,
650,Document,sonnet,haiku,9,,,
650,Document,sonnet,haiku,10,,,
650,Document,sonnet,haiku,11,,,
650,Document,sonnet,haiku,12,,,
650,Document,sonnet,haiku,13,,,
650,Document,sonnet,haiku,14,,,
650,Document,sonnet,haiku,15,,,
650,Document,sonnet,haiku,16,,,
650,Document,sonnet,haiku,17,,,
650,Document,sonnet,haiku,18,,,
650,Document,sonnet,haiku,19,,,
650,Document,sonnet,haiku,20,,,
650,Document,sonnet,haiku,1,,3.0,3.0
650,Document,sonnet,haiku,3,,3.0,7.0
650,Document,sonnet,haiku,4,,3.0,4.0
650,Document,sonnet,haiku,5,,3.0,8.0
651,Document,sonnet,sonnet,2,,,
651,Document,sonnet,sonnet,3,,,
651,Document,sonnet,sonnet,5,,,
651,Document,sonnet,sonnet,6,,,
651,Document,sonnet,sonnet,7,,,
651,Document,sonnet,sonnet,8,,,
651,Document,sonnet,sonnet,9,,,
651,Document,sonnet,sonnet,10,,,
651,Document,sonnet,sonnet,11,,,
651,Document,sonnet,sonnet,12,,,
651,Document,sonnet,sonnet,13,,,
651,Document,sonnet,sonnet,14,,,
651,Document,sonnet,sonnet,15,,,
651,Document,sonnet,sonnet,16,,,
651,Document,sonnet,sonnet,17,,,
651,Document,sonnet,sonnet,18,,,
651,Document,sonnet,sonnet,19,,,
651,Document,sonnet,sonnet,20,,,
651,Document,sonnet,sonnet,1,,0.0,15.0
651,Document,sonnet,sonnet,4,,3.0,6.0
652,Document,sonnet,4.1 mini,2,,,
652,Document,sonnet,4.1 mini,4,,,
652,Document,sonnet,4.1 mini,5,,,
652,Document,sonnet,4.1 mini,6,,,
652,Document,sonnet,4.1 mini,7,,,
652,Document,sonnet,4.1 mini,8,,,
652,Document,sonnet,4.1 mini,9,,,
652,Document,sonnet,4.1 mini,10,,,
652,Document,sonnet,4.1 mini,11,,,
652,Document,sonnet,4.1 mini,12,,,
652,Document,sonnet,4.1 mini,13,,,
652,Document,sonnet,4.1 mini,14,,,
652,Document,sonnet,4.1 mini,16,,,
652,Document,sonnet,4.1 mini,17,,,
652,Document,sonnet,4.1 mini,18,,,
652,Document,sonnet,4.1 mini,19,,,
652,Document,sonnet,4.1 mini,20,,,
652,Document,sonnet,4.1 mini,1,,3.0,8.0
652,Document,sonnet,4.1 mini,3,,0.0,15.0
652,Document,sonnet,4.1 mini,15,,1.0,15.0
653,Document,sonnet,4.1,2,,,
653,Document,sonnet,4.1,4,,,
653,Document,sonnet,4.1,5,,,
653,Document,sonnet,4.1,7,,,
653,Document,sonnet,4.1,8,,,
653,Document,sonnet,4.1,9,,,
653,Document,sonnet,4.1,10,,,
653,Document,sonnet,4.1,11,,,
653,Document,sonnet,4.1,12,,,
653,Document,sonnet,4.1,13,,,
653,Document,sonnet,4.1,14,,,
653,Document,sonnet,4.1,15,,,
653,Document,sonnet,4.1,16,,,
653,Document,sonnet,4.1,17,,,
653,Document,sonnet,4.1,18,,,
653,Document,sonnet,4.1,19,,,
653,Document,sonnet,4.1,20,,,
653,Document,sonnet,4.1,1,,0.0,15.0
653,Document,sonnet,4.1,3,,3.0,5.0
653,Document,sonnet,4.1,6,,0.0,15.0
654,Document,4.1 mini,haiku,7,,,
654,Document,4.1 mini,haiku,15,,,
654,Document,4.1 mini,haiku,1,,3.0,5.0
654,Document,4.1 mini,haiku,2,,3.0,6.0
654,Document,4.1 mini,haiku,3,,3.0,4.0
654,Document,4.1 mini,haiku,4,,1.0,15.0
654,Document,4.1 mini,haiku,5,,3.0,6.0
654,Document,4.1 mini,haiku,6,,2.0,12.0
654,Document,4.1 mini,haiku,8,,3.0,3.0
654,Document,4.1 mini,haiku,9,,3.0,3.0
654,Document,4.1 mini,haiku,10,,3.0,13.0
654,Document,4.1 mini,haiku,11,,3.0,5.0
654,Document,4.1 mini,haiku,12,,2.0,8.0
654,Document,4.1 mini,haiku,13,,3.0,5.0
654,Document,4.1 mini,haiku,14,,3.0,4.0
654,Document,4.1 mini,haiku,16,,3.0,4.0
654,Document,4.1 mini,haiku,17,,1.0,12.0
654,Document,4.1 mini,haiku,18,,2.0,11.0
654,Document,4.1 mini,haiku,19,,3.0,4.0
654,Document,4.1 mini,haiku,20,,3.0,7.0
655,Document,4.1 mini,sonnet,4,,,
655,Document,4.1 mini,sonnet,16,,,
655,Document,4.1 mini,sonnet,19,,,
655,Document,4.1 mini,sonnet,1,,0.0,15.0
655,Document,4.1 mini,sonnet,2,,0.0,15.0
655,Document,4.1 mini,sonnet,3,,0.0,15.0
655,Document,4.1 mini,sonnet,5,,0.0,15.0
655,Document,4.1 mini,sonnet,6,,0.0,15.0
655,Document,4.1 mini,sonnet,7,,0.0,15.0
655,Document,4.1 mini,sonnet,8,,0.0,15.0
655,Document,4.1 mini,sonnet,9,,0.0,15.0
655,Document,4.1 mini,sonnet,10,1.0,1.0,1.0
655,Document,4.1 mini,sonnet,11,,0.0,15.0
655,Document,4.1 mini,sonnet,12,,0.0,15.0
655,Document,4.1 mini,sonnet,13,,0.0,15.0
655,Document,4.1 mini,sonnet,14,,0.0,15.0
655,Document,4.1 mini,sonnet,15,,0.0,15.0
655,Document,4.1 mini,sonnet,17,,0.0,15.0
655,Document,4.1 mini,sonnet,18,,0.0,15.0
655,Document,4.1 mini,sonnet,20,,0.0,15.0
656,Document,4.1,haiku,4,,,
656,Document,4.1,haiku,6,,,
656,Document,4.1,haiku,7,,,
656,Document,4.1,haiku,8,,,
656,Document,4.1,haiku,10,,,
656,Document,4.1,haiku,11,,,
656,Document,4.1,haiku,12,,,
656,Document,4.1,haiku,13,,,
656,Document,4.1,haiku,14,,,
656,Document,4.1,haiku,15,,,
656,Document,4.1,haiku,16,,,
656,Document,4.1,haiku,17,,,
656,Document,4.1,haiku,18,,,
656,Document,4.1,haiku,19,,,
656,Document,4.1,haiku,20,,,
656,Document,4.1,haiku,1,,3.0,5.0
656,Document,4.1,haiku,2,,3.0,4.0
656,Document,4.1,haiku,3,,3.0,3.0
656,Document,4.1,haiku,5,,2.0,8.0
656,Document,4.1,haiku,9,,2.0,12.0
657,Document,4.1,sonnet,5,,,
657,Document,4.1,sonnet,8,,,
657,Document,4.1,sonnet,9,,,
657,Document,4.1,sonnet,10,,,
657,Document,4.1,sonnet,13,,,
657,Document,4.1,sonnet,15,,,
657,Document,4.1,sonnet,16,,,
657,Document,4.1,sonnet,17,,,
657,Document,4.1,sonnet,18,,,
657,Document,4.1,sonnet,19,,,
657,Document,4.1,sonnet,20,,,
657,Document,4.1,sonnet,1,,0.0,15.0
657,Document,4.1,sonnet,2,1.0,1.0,1.0
657,Document,4.1,sonnet,3,1.0,1.0,1.0
657,Document,4.1,sonnet,4,,0.0,15.0
657,Document,4.1,sonnet,6,,0.0,15.0
657,Document,4.1,sonnet,7,,0.0,15.0
657,Document,4.1,sonnet,11,,0.0,15.0
657,Document,4.1,sonnet,12,,0.0,15.0
657,Document,4.1,sonnet,14,,0.0,15.0
658,Rational,haiku,haiku,7,,,
658,Rational,haiku,haiku,12,,,
658,Rational,haiku,haiku,14,,,
658,Rational,haiku,haiku,16,,,
658,Rational,haiku,haiku,1,,0.0,15.0
658,Rational,haiku,haiku,2,1.0,1.0,1.0
658,Rational,haiku,haiku,3,,2.0,8.0
658,Rational,haiku,haiku,4,,3.0,3.0
658,Rational,haiku,haiku,5,,3.0,3.0
658,Rational,haiku,haiku,6,,0.0,15.0
658,Rational,haiku,haiku,8,,3.0,8.0
658,Rational,haiku,haiku,9,,3.0,3.0
658,Rational,haiku,haiku,10,,2.0,7.0
658,Rational,haiku,haiku,11,,3.0,5.0
658,Rational,haiku,haiku,13,,1.0,12.0
658,Rational,haiku,haiku,15,3.0,3.0,7.0
658,Rational,haiku,haiku,17,,1.0,15.0
658,Rational,haiku,haiku,18,,3.0,4.0
658,Rational,haiku,haiku,19,,3.0,3.0
658,Rational,haiku,haiku,20,,3.0,3.0
659,Rational,haiku,sonnet,7,,,
659,Rational,haiku,sonnet,8,,,
659,Rational,haiku,sonnet,11,,,
659,Rational,haiku,sonnet,13,,,
659,Rational,haiku,sonnet,16,,,
659,Rational,haiku,sonnet,1,,3.0,3.0
659,Rational,haiku,sonnet,2,,0.0,15.0
659,Rational,haiku,sonnet,3,1.0,1.0,1.0
659,Rational,haiku,sonnet,4,1.0,1.0,1.0
659,Rational,haiku,sonnet,5,,3.0,3.0
659,Rational,haiku,sonnet,6,,0.0,15.0
659,Rational,haiku,sonnet,9,,0.0,15.0
659,Rational,haiku,sonnet,10,,2.0,8.0
659,Rational,haiku,sonnet,12,,0.0,15.0
659,Rational,haiku,sonnet,14,1.0,1.0,1.0
659,Rational,haiku,sonnet,15,,0.0,15.0
659,Rational,haiku,sonnet,17,,0.0,15.0
659,Rational,haiku,sonnet,18,,0.0,15.0
659,Rational,haiku,sonnet,19,,0.0,15.0
659,Rational,haiku,sonnet,20,,3.0,3.0
660,Rational,haiku,4.1 mini,7,,,
660,Rational,haiku,4.1 mini,9,,,
660,Rational,haiku,4.1 mini,12,,,
660,Rational,haiku,4.1 mini,18,,,
660,Rational,haiku,4.1 mini,20,,,
660,Rational,haiku,4.1 mini,1,1.0,1.0,5.0
660,Rational,haiku,4.1 mini,2,1.0,1.0,1.0
660,Rational,haiku,4.1 mini,3,,1.0,12.0
660,Rational,haiku,4.1 mini,4,,2.0,10.0
660,Rational,haiku,4.1 mini,5,,3.0,3.0
660,Rational,haiku,4.1 mini,6,,3.0,3.0
660,Rational,haiku,4.1 mini,8,,3.0,6.0
660,Rational,haiku,4.1 mini,10,,3.0,6.0
660,Rational,haiku,4.1 mini,11,,2.0,10.0
660,Rational,haiku,4.1 mini,13,2.0,2.0,7.0
660,Rational,haiku,4.1 mini,14,2.0,2.0,3.0
660,Rational,haiku,4.1 mini,15,1.0,1.0,1.0
660,Rational,haiku,4.1 mini,16,,3.0,6.0
660,Rational,haiku,4.1 mini,17,,3.0,3.0
660,Rational,haiku,4.1 mini,19,,3.0,3.0
661,Rational,haiku,4.1,7,,,
661,Rational,haiku,4.1,9,,,
661,Rational,haiku,4.1,10,,,
661,Rational,haiku,4.1,11,,,
661,Rational,haiku,4.1,12,,,
661,Rational,haiku,4.1,13,,,
661,Rational,haiku,4.1,15,,,
661,Rational,haiku,4.1,16,,,
661,Rational,haiku,4.1,19,,,
661,Rational,haiku,4.1,1,3.0,3.0,3.0
661,Rational,haiku,4.1,2,2.0,1.0,9.0
661,Rational,haiku,4.1,3,,3.0,5.0
661,Rational,haiku,4.1,4,,3.0,6.0
661,Rational,haiku,4.1,5,1.0,1.0,1.0
661,Rational,haiku,4.1,6,1.0,1.0,1.0
661,Rational,haiku,4.1,8,1.0,1.0,1.0
661,Rational,haiku,4.1,14,1.0,1.0,4.0
661,Rational,haiku,4.1,17,1.0,1.0,1.0
661,Rational,haiku,4.1,18,,3.0,3.0
661,Rational,haiku,4.1,20,,3.0,3.0
662,Rational,sonnet,haiku,2,,,
662,Rational,sonnet,haiku,3,,,
662,Rational,sonnet,haiku,4,,,
662,Rational,sonnet,haiku,5,,,
662,Rational,sonnet,haiku,6,,,
662,Rational,sonnet,haiku,7,,,
662,Rational,sonnet,haiku,8,,,
662,Rational,sonnet,haiku,9,,,
662,Rational,sonnet,haiku,10,,,
662,Rational,sonnet,haiku,11,,,
662,Rational,sonnet,haiku,13,,,
662,Rational,sonnet,haiku,14,,,
662,Rational,sonnet,haiku,15,,,
662,Rational,sonnet,haiku,16,,,
662,Rational,sonnet,haiku,17,,,
662,Rational,sonnet,haiku,18,,,
662,Rational,sonnet,haiku,19,,,
662,Rational,sonnet,haiku,20,,,
662,Rational,sonnet,haiku,1,,3.0,3.0
662,Rational,sonnet,haiku,12,2.0,1.0,7.0
663,Rational,sonnet,sonnet,2,,,
663,Rational,sonnet,sonnet,3,,,
663,Rational,sonnet,sonnet,4,,,
663,Rational,sonnet,sonnet,5,,,
663,Rational,sonnet,sonnet,6,,,
663,Rational,sonnet,sonnet,7,,,
663,Rational,sonnet,sonnet,8,,,
663,Rational,sonnet,sonnet,9,,,
663,Rational,sonnet,sonnet,10,,,
663,Rational,sonnet,sonnet,11,,,
663,Rational,sonnet,sonnet,12,,,
663,Rational,sonnet,sonnet,13,,,
663,Rational,sonnet,sonnet,14,,,
663,Rational,sonnet,sonnet,15,,,
663,Rational,sonnet,sonnet,16,,,
663,Rational,sonnet,sonnet,17,,,
663,Rational,sonnet,sonnet,18,,,
663,Rational,sonnet,sonnet,19,,,
663,Rational,sonnet,sonnet,20,,,
663,Rational,sonnet,sonnet,1,,0.0,15.0
664,Rational,sonnet,4.1 mini,2,,,
664,Rational,sonnet,4.1 mini,3,,,
664,Rational,sonnet,4.1 mini,4,,,
664,Rational,sonnet,4.1 mini,5,,,
664,Rational,sonnet,4.1 mini,6,,,
664,Rational,sonnet,4.1 mini,7,,,
664,Rational,sonnet,4.1 mini,8,,,
664,Rational,sonnet,4.1 mini,9,,,
664,Rational,sonnet,4.1 mini,10,,,
664,Rational,sonnet,4.1 mini,11,,,
664,Rational,sonnet,4.1 mini,12,,,
664,Rational,sonnet,4.1 mini,13,,,
664,Rational,sonnet,4.1 mini,14,,,
664,Rational,sonnet,4.1 mini,16,,,
664,Rational,sonnet,4.1 mini,17,,,
664,Rational,sonnet,4.1 mini,18,,,
664,Rational,sonnet,4.1 mini,19,,,
664,Rational,sonnet,4.1 mini,20,,,
664,Rational,sonnet,4.1 mini,1,,3.0,3.0
664,Rational,sonnet,4.1 mini,15,1.0,1.0,1.0
665,Rational,sonnet,4.1,2,,,
665,Rational,sonnet,4.1,3,,,
665,Rational,sonnet,4.1,4,,,
665,Rational,sonnet,4.1,6,,,
665,Rational,sonnet,4.1,7,,,
665,Rational,sonnet,4.1,8,,,
665,Rational,sonnet,4.1,9,,,
665,Rational,sonnet,4.1,10,,,
665,Rational,sonnet,4.1,11,,,
665,Rational,sonnet,4.1,12,,,
665,Rational,sonnet,4.1,13,,,
665,Rational,sonnet,4.1,14,,,
665,Rational,sonnet,4.1,15,,,
665,Rational,sonnet,4.1,16,,,
665,Rational,sonnet,4.1,17,,,
665,Rational,sonnet,4.1,18,,,
665,Rational,sonnet,4.1,19,,,
665,Rational,sonnet,4.1,20,,,
665,Rational,sonnet,4.1,1,,3.0,3.0
665,Rational,sonnet,4.1,5,,3.0,3.0
666,Rational,4.1 mini,haiku,7,,,
666,Rational,4.1 mini,haiku,10,,,
666,Rational,4.1 mini,haiku,13,,,
666,Rational,4.1 mini,haiku,14,,,
666,Rational,4.1 mini,haiku,16,,,
666,Rational,4.1 mini,haiku,17,,,
666,Rational,4.1 mini,haiku,19,,,
666,Rational,4.1 mini,haiku,20,,,
666,Rational,4.1 mini,haiku,1,,0.0,15.0
666,Rational,4.1 mini,haiku,2,2.0,1.0,9.0
666,Rational,4.1 mini,haiku,3,3.0,1.0,11.0
666,Rational,4.1 mini,haiku,4,1.0,1.0,1.0
666,Rational,4.1 mini,haiku,5,,3.0,3.0
666,Rational,4.1 mini,haiku,6,,2.0,8.0
666,Rational,4.1 mini,haiku,8,,3.0,3.0
666,Rational,4.1 mini,haiku,9,1.0,1.0,4.0
666,Rational,4.1 mini,haiku,11,,3.0,5.0
666,Rational,4.1 mini,haiku,12,1.0,1.0,5.0
666,Rational,4.1 mini,haiku,15,,3.0,4.0
666,Rational,4.1 mini,haiku,18,,0.0,15.0
667,Rational,4.1 mini,sonnet,1,,0.0,15.0
667,Rational,4.1 mini,sonnet,2,2.0,2.0,2.0
667,Rational,4.1 mini,sonnet,3,,0.0,15.0
667,Rational,4.1 mini,sonnet,4,,0.0,15.0
667,Rational,4.1 mini,sonnet,5,,0.0,15.0
667,Rational,4.1 mini,sonnet,6,1.0,1.0,1.0
667,Rational,4.1 mini,sonnet,7,,0.0,15.0
667,Rational,4.1 mini,sonnet,8,,0.0,15.0
667,Rational,4.1 mini,sonnet,9,,0.0,15.0
667,Rational,4.1 mini,sonnet,10,,0.0,15.0
667,Rational,4.1 mini,sonnet,11,,0.0,15.0
667,Rational,4.1 mini,sonnet,12,,3.0,3.0
667,Rational,4.1 mini,sonnet,13,1.0,1.0,1.0
667,Rational,4.1 mini,sonnet,14,,0.0,15.0
667,Rational,4.1 mini,sonnet,15,,0.0,15.0
667,Rational,4.1 mini,sonnet,16,,0.0,15.0
667,Rational,4.1 mini,sonnet,17,,0.0,15.0
667,Rational,4.1 mini,sonnet,18,,0.0,15.0
667,Rational,4.1 mini,sonnet,19,,0.0,15.0
667,Rational,4.1 mini,sonnet,20,,0.0,15.0
668,Rational,4.1,haiku,1,,2.0,11.0
668,Rational,4.1,haiku,2,,2.0,10.0
668,Rational,4.1,haiku,3,,3.0,5.0
668,Rational,4.1,haiku,4,,2.0,11.0
668,Rational,4.1,haiku,5,,1.0,15.0
668,Rational,4.1,haiku,6,1.0,1.0,3.0
668,Rational,4.1,haiku,7,,2.0,8.0
668,Rational,4.1,haiku,8,,3.0,9.0
668,Rational,4.1,haiku,9,,2.0,7.0
668,Rational,4.1,haiku,10,,0.0,15.0
668,Rational,4.1,haiku,11,,1.0,15.0
668,Rational,4.1,haiku,12,,1.0,11.0
668,Rational,4.1,haiku,13,,2.0,11.0
668,Rational,4.1,haiku,14,,0.0,15.0
668,Rational,4.1,haiku,15,,3.0,10.0
668,Rational,4.1,haiku,16,,3.0,11.0
668,Rational,4.1,haiku,17,,2.0,10.0
668,Rational,4.1,haiku,18,,1.0,11.0
668,Rational,4.1,haiku,19,,2.0,9.0
668,Rational,4.1,haiku,20,,1.0,15.0
669,Rational,4.1,sonnet,1,,0.0,15.0
669,Rational,4.1,sonnet,2,,0.0,15.0
669,Rational,4.1,sonnet,3,1.0,1.0,1.0
669,Rational,4.1,sonnet,4,,0.0,15.0
669,Rational,4.1,sonnet,5,,0.0,15.0
669,Rational,4.1,sonnet,6,,0.0,15.0
669,Rational,4.1,sonnet,7,,0.0,15.0
669,Rational,4.1,sonnet,8,,0.0,15.0
669,Rational,4.1,sonnet,9,,0.0,15.0
669,Rational,4.1,sonnet,10,,0.0,15.0
669,Rational,4.1,sonnet,11,,0.0,15.0
669,Rational,4.1,sonnet,12,,0.0,15.0
669,Rational,4.1,sonnet,13,,0.0,15.0
669,Rational,4.1,sonnet,14,,3.0,3.0
669,Rational,4.1,sonnet,15,,0.0,15.0
669,Rational,4.1,sonnet,16,,0.0,15.0
669,Rational,4.1,sonnet,17,,0.0,15.0
669,Rational,4.1,sonnet,18,,0.0,15.0
669,Rational,4.1,sonnet,19,,0.0,15.0
669,Rational,4.1,sonnet,20,,0.0,15.0
679,Option,4.1,4.1,1,,0.0,15.0
679,Option,4.1,4.1,2,,3.0,3.0
679,Option,4.1,4.1,3,1.0,1.0,1.0
679,Option,4.1,4.1,4,1.0,1.0,1.0
679,Option,4.1,4.1,5,1.0,1.0,1.0
679,Option,4.1,4.1,6,1.0,1.0,1.0
679,Option,4.1,4.1,7,,0.0,15.0
679,Option,4.1,4.1,8,,0.0,15.0
679,Option,4.1,4.1,9,1.0,1.0,4.0
679,Option,4.1,4.1,10,1.0,1.0,1.0
679,Option,4.1,4.1,11,,2.0,11.0
679,Option,4.1,4.1,12,,3.0,3.0
679,Option,4.1,4.1,13,,0.0,15.0
679,Option,4.1,4.1,14,,0.0,15.0
679,Option,4.1,4.1,15,,0.0,15.0
679,Option,4.1,4.1,16,,0.0,15.0
679,Option,4.1,4.1,17,,0.0,15.0
679,Option,4.1,4.1,18,,3.0,4.0
679,Option,4.1,4.1,19,1.0,1.0,1.0
679,Option,4.1,4.1,20,,3.0,3.0
689,CaseInsensitiveString,haiku,4.1,18,,,
689,CaseInsensitiveString,haiku,4.1,20,,,
689,CaseInsensitiveString,haiku,4.1,1,,3.0,5.0
689,CaseInsensitiveString,haiku,4.1,2,,3.0,7.0
689,CaseInsensitiveString,haiku,4.1,3,3.0,3.0,3.0
689,CaseInsensitiveString,haiku,4.1,4,,3.0,3.0
689,CaseInsensitiveString,haiku,4.1,5,,3.0,6.0
689,CaseInsensitiveString,haiku,4.1,6,,3.0,3.0
689,CaseInsensitiveString,haiku,4.1,7,,3.0,3.0
689,CaseInsensitiveString,haiku,4.1,8,,0.0,15.0
689,CaseInsensitiveString,haiku,4.1,9,,3.0,5.0
689,CaseInsensitiveString,haiku,4.1,10,,3.0,3.0
689,CaseInsensitiveString,haiku,4.1,11,,3.0,3.0
689,CaseInsensitiveString,haiku,4.1,12,1.0,1.0,3.0
689,CaseInsensitiveString,haiku,4.1,13,,3.0,3.0
689,CaseInsensitiveString,haiku,4.1,14,,3.0,3.0
689,CaseInsensitiveString,haiku,4.1,15,,3.0,3.0
689,CaseInsensitiveString,haiku,4.1,16,,3.0,4.0
689,CaseInsensitiveString,haiku,4.1,17,,3.0,7.0
689,CaseInsensitiveString,haiku,4.1,19,,3.0,4.0
697,ByteVector,haiku,haiku,6,,,
697,ByteVector,haiku,haiku,16,,,
697,ByteVector,haiku,haiku,17,,,
697,ByteVector,haiku,haiku,19,,,
697,ByteVector,haiku,haiku,20,,,
697,ByteVector,haiku,haiku,1,,0.0,15.0
697,ByteVector,haiku,haiku,2,,0.0,15.0
697,ByteVector,haiku,haiku,3,2.0,1.0,6.0
697,ByteVector,haiku,haiku,4,,0.0,15.0
697,ByteVector,haiku,haiku,5,2.0,1.0,7.0
697,ByteVector,haiku,haiku,7,,0.0,15.0
697,ByteVector,haiku,haiku,8,,0.0,15.0
697,ByteVector,haiku,haiku,9,1.0,1.0,1.0
697,ByteVector,haiku,haiku,10,,1.0,14.0
697,ByteVector,haiku,haiku,11,,0.0,15.0
697,ByteVector,haiku,haiku,12,,0.0,15.0
697,ByteVector,haiku,haiku,13,,1.0,12.0
697,ByteVector,haiku,haiku,14,,1.0,15.0
697,ByteVector,haiku,haiku,15,,3.0,5.0
697,ByteVector,haiku,haiku,18,,3.0,12.0
700,Option,haiku,haiku,1,,,
700,Option,haiku,haiku,2,,,
700,Option,haiku,haiku,3,,,
700,Option,haiku,haiku,4,,,
700,Option,haiku,haiku,5,,,
700,Option,haiku,haiku,6,,,
700,Option,haiku,haiku,7,,,
700,Option,haiku,haiku,8,,,
700,Option,haiku,haiku,9,,,
700,Option,haiku,haiku,10,,,
700,Option,haiku,haiku,11,,,
700,Option,haiku,haiku,12,,,
700,Option,haiku,haiku,13,,,
700,Option,haiku,haiku,14,,,
700,Option,haiku,haiku,15,,,
700,Option,haiku,haiku,16,,,
700,Option,haiku,haiku,17,,,
700,Option,haiku,haiku,18,,,
700,Option,haiku,haiku,19,,,
700,Option,haiku,haiku,20,,,
701,Option,haiku,sonnet,1,,,
701,Option,haiku,sonnet,2,,,
701,Option,haiku,sonnet,3,,,
701,Option,haiku,sonnet,4,,,
701,Option,haiku,sonnet,5,,,
701,Option,haiku,sonnet,6,,,
701,Option,haiku,sonnet,7,,,
701,Option,haiku,sonnet,8,,,
701,Option,haiku,sonnet,9,,,
701,Option,haiku,sonnet,10,,,
701,Option,haiku,sonnet,11,,,
701,Option,haiku,sonnet,12,,,
701,Option,haiku,sonnet,13,,,
701,Option,haiku,sonnet,14,,,
701,Option,haiku,sonnet,15,,,
701,Option,haiku,sonnet,16,,,
701,Option,haiku,sonnet,17,,,
701,Option,haiku,sonnet,18,,,
701,Option,haiku,sonnet,19,,,
701,Option,haiku,sonnet,20,,,
712,ByteVector,haiku,sonnet,20,,,
712,ByteVector,haiku,sonnet,1,,2.0,7.0
712,ByteVector,haiku,sonnet,2,,3.0,4.0
712,ByteVector,haiku,sonnet,3,,3.0,3.0
712,ByteVector,haiku,sonnet,4,,3.0,3.0
712,ByteVector,haiku,sonnet,5,,3.0,3.0
712,ByteVector,haiku,sonnet,6,,3.0,3.0
712,ByteVector,haiku,sonnet,7,,0.0,15.0
712,ByteVector,haiku,sonnet,8,,0.0,15.0
712,ByteVector,haiku,sonnet,9,1.0,1.0,1.0
712,ByteVector,haiku,sonnet,10,,3.0,3.0
712,ByteVector,haiku,sonnet,11,1.0,1.0,3.0
712,ByteVector,haiku,sonnet,12,,0.0,15.0
712,ByteVector,haiku,sonnet,13,,3.0,3.0
712,ByteVector,haiku,sonnet,14,,3.0,3.0
712,ByteVector,haiku,sonnet,15,2.0,1.0,10.0
712,ByteVector,haiku,sonnet,16,,3.0,3.0
712,ByteVector,haiku,sonnet,17,1.0,1.0,1.0
712,ByteVector,haiku,sonnet,18,1.0,1.0,1.0
712,ByteVector,haiku,sonnet,19,1.0,1.0,1.0
713,CharRange,haiku,sonnet,12,,,
713,CharRange,haiku,sonnet,14,,,
713,CharRange,haiku,sonnet,16,,,
713,CharRange,haiku,sonnet,18,,,
713,CharRange,haiku,sonnet,19,,,
713,CharRange,haiku,sonnet,20,,,
713,CharRange,haiku,sonnet,1,,0.0,15.0
713,CharRange,haiku,sonnet,2,,0.0,15.0
713,CharRange,haiku,sonnet,3,,0.0,15.0
713,CharRange,haiku,sonnet,4,,0.0,15.0
713,CharRange,haiku,sonnet,5,,0.0,15.0
713,CharRange,haiku,sonnet,6,1.0,1.0,1.0
713,CharRange,haiku,sonnet,7,,0.0,15.0
713,CharRange,haiku,sonnet,8,1.0,1.0,1.0
713,CharRange,haiku,sonnet,9,,0.0,15.0
713,CharRange,haiku,sonnet,10,1.0,1.0,1.0
713,CharRange,haiku,sonnet,11,,0.0,15.0
713,CharRange,haiku,sonnet,13,1.0,1.0,1.0
713,CharRange,haiku,sonnet,15,,0.0,15.0
713,CharRange,haiku,sonnet,17,,0.0,15.0
715,CharRange,haiku,4.1,9,,,
715,CharRange,haiku,4.1,10,,,
715,CharRange,haiku,4.1,11,,,
715,CharRange,haiku,4.1,12,,,
715,CharRange,haiku,4.1,15,,,
715,CharRange,haiku,4.1,18,,,
715,CharRange,haiku,4.1,19,,,
715,CharRange,haiku,4.1,1,,0.0,15.0
715,CharRange,haiku,4.1,2,1.0,1.0,1.0
715,CharRange,haiku,4.1,3,1.0,1.0,1.0
715,CharRange,haiku,4.1,4,1.0,1.0,1.0
715,CharRange,haiku,4.1,5,1.0,1.0,1.0
715,CharRange,haiku,4.1,6,1.0,1.0,3.0
715,CharRange,haiku,4.1,7,1.0,1.0,1.0
715,CharRange,haiku,4.1,8,,3.0,3.0
715,CharRange,haiku,4.1,13,,3.0,3.0
715,CharRange,haiku,4.1,14,1.0,1.0,2.0
715,CharRange,haiku,4.1,16,,3.0,3.0
715,CharRange,haiku,4.1,17,,3.0,3.0
715,CharRange,haiku,4.1,20,,0.0,15.0
716,CaseInsensitiveString,sonnet,sonnet,13,,,
716,CaseInsensitiveString,sonnet,sonnet,20,,,
716,CaseInsensitiveString,sonnet,sonnet,1,,0.0,15.0
716,CaseInsensitiveString,sonnet,sonnet,2,1.0,1.0,2.0
716,CaseInsensitiveString,sonnet,sonnet,3,,0.0,15.0
716,CaseInsensitiveString,sonnet,sonnet,4,,0.0,15.0
716,CaseInsensitiveString,sonnet,sonnet,5,,0.0,15.0
716,CaseInsensitiveString,sonnet,sonnet,6,,0.0,15.0
716,CaseInsensitiveString,sonnet,sonnet,7,,0.0,15.0
716,CaseInsensitiveString,sonnet,sonnet,8,,0.0,15.0
716,CaseInsensitiveString,sonnet,sonnet,9,,0.0,15.0
716,CaseInsensitiveString,sonnet,sonnet,10,,0.0,15.0
716,CaseInsensitiveString,sonnet,sonnet,11,,0.0,15.0
716,CaseInsensitiveString,sonnet,sonnet,12,,0.0,15.0
716,CaseInsensitiveString,sonnet,sonnet,14,,0.0,15.0
716,CaseInsensitiveString,sonnet,sonnet,15,,0.0,15.0
716,CaseInsensitiveString,sonnet,sonnet,16,,0.0,15.0
716,CaseInsensitiveString,sonnet,sonnet,17,,0.0,15.0
716,CaseInsensitiveString,sonnet,sonnet,18,,0.0,15.0
716,CaseInsensitiveString,sonnet,sonnet,19,,0.0,15.0
717,Option,haiku,4.1 mini,1,,,
717,Option,haiku,4.1 mini,2,,,
717,Option,haiku,4.1 mini,3,,,
717,Option,haiku,4.1 mini,4,,,
717,Option,haiku,4.1 mini,5,,,
717,Option,haiku,4.1 mini,6,,,
717,Option,haiku,4.1 mini,7,,,
717,Option,haiku,4.1 mini,8,,,
717,Option,haiku,4.1 mini,9,,,
717,Option,haiku,4.1 mini,10,,,
717,Option,haiku,4.1 mini,11,,,
717,Option,haiku,4.1 mini,12,,,
717,Option,haiku,4.1 mini,13,,,
717,Option,haiku,4.1 mini,14,,,
717,Option,haiku,4.1 mini,15,,,
717,Option,haiku,4.1 mini,16,,,
717,Option,haiku,4.1 mini,17,,,
717,Option,haiku,4.1 mini,18,,,
717,Option,haiku,4.1 mini,19,,,
717,Option,haiku,4.1 mini,20,,,
718,Option,haiku,4.1,1,,,
718,Option,haiku,4.1,2,,,
718,Option,haiku,4.1,3,,,
718,Option,haiku,4.1,4,,,
718,Option,haiku,4.1,5,,,
718,Option,haiku,4.1,6,,,
718,Option,haiku,4.1,7,,,
718,Option,haiku,4.1,8,,,
718,Option,haiku,4.1,9,,,
718,Option,haiku,4.1,10,,,
718,Option,haiku,4.1,11,,,
718,Option,haiku,4.1,12,,,
718,Option,haiku,4.1,13,,,
718,Option,haiku,4.1,14,,,
718,Option,haiku,4.1,15,,,
718,Option,haiku,4.1,16,,,
718,Option,haiku,4.1,17,,,
718,Option,haiku,4.1,18,,,
718,Option,haiku,4.1,19,,,
718,Option,haiku,4.1,20,,,
732,CharRange,haiku,4.1 mini,4,,,
732,CharRange,haiku,4.1 mini,7,,,
732,CharRange,haiku,4.1 mini,10,,,
732,CharRange,haiku,4.1 mini,11,,,
732,CharRange,haiku,4.1 mini,12,,,
732,CharRange,haiku,4.1 mini,13,,,
732,CharRange,haiku,4.1 mini,15,,,
732,CharRange,haiku,4.1 mini,17,,,
732,CharRange,haiku,4.1 mini,18,,,
732,CharRange,haiku,4.1 mini,20,,,
732,CharRange,haiku,4.1 mini,1,1.0,1.0,1.0
732,CharRange,haiku,4.1 mini,2,1.0,1.0,1.0
732,CharRange,haiku,4.1 mini,3,,3.0,4.0
732,CharRange,haiku,4.1 mini,5,,3.0,3.0
732,CharRange,haiku,4.1 mini,6,1.0,1.0,1.0
732,CharRange,haiku,4.1 mini,8,1.0,1.0,1.0
732,CharRange,haiku,4.1 mini,9,,0.0,15.0
732,CharRange,haiku,4.1 mini,14,,3.0,6.0
732,CharRange,haiku,4.1 mini,16,1.0,1.0,2.0
732,CharRange,haiku,4.1 mini,19,,3.0,3.0
734,Option,4.1,4.1 mini,1,1.0,1.0,1.0
734,Option,4.1,4.1 mini,2,1.0,1.0,2.0
734,Option,4.1,4.1 mini,3,,0.0,15.0
734,Option,4.1,4.1 mini,4,3.0,1.0,13.0
734,Option,4.1,4.1 mini,5,1.0,1.0,1.0
734,Option,4.1,4.1 mini,6,1.0,1.0,1.0
734,Option,4.1,4.1 mini,7,1.0,1.0,5.0
734,Option,4.1,4.1 mini,8,,1.0,13.0
734,Option,4.1,4.1 mini,9,,0.0,15.0
734,Option,4.1,4.1 mini,10,1.0,1.0,5.0
734,Option,4.1,4.1 mini,11,1.0,1.0,4.0
734,Option,4.1,4.1 mini,12,,3.0,5.0
734,Option,4.1,4.1 mini,13,,0.0,15.0
734,Option,4.1,4.1 mini,14,,0.0,15.0
734,Option,4.1,4.1 mini,15,,1.0,12.0
734,Option,4.1,4.1 mini,16,,0.0,15.0
734,Option,4.1,4.1 mini,17,,1.0,15.0
734,Option,4.1,4.1 mini,18,,0.0,15.0
734,Option,4.1,4.1 mini,19,,0.0,15.0
734,Option,4.1,4.1 mini,20,1.0,1.0,2.0
754,Complex,flash,4.1,7,,,
754,Complex,flash,4.1,8,,,
754,Complex,flash,4.1,14,,,
754,Complex,flash,4.1,15,,,
754,Complex,flash,4.1,18,,,
754,Complex,flash,4.1,1,1.0,1.0,1.0
754,Complex,flash,4.1,2,1.0,1.0,1.0
754,Complex,flash,4.1,3,1.0,1.0,1.0
754,Complex,flash,4.1,4,1.0,1.0,4.0
754,Complex,flash,4.1,5,1.0,1.0,1.0
754,Complex,flash,4.1,6,1.0,1.0,1.0
754,Complex,flash,4.1,9,1.0,1.0,4.0
754,Complex,flash,4.1,10,1.0,1.0,1.0
754,Complex,flash,4.1,11,1.0,1.0,1.0
754,Complex,flash,4.1,12,2.0,1.0,10.0
754,Complex,flash,4.1,13,1.0,1.0,1.0
754,Complex,flash,4.1,16,1.0,1.0,1.0
754,Complex,flash,4.1,17,1.0,1.0,1.0
754,Complex,flash,4.1,19,1.0,1.0,3.0
754,Complex,flash,4.1,20,,3.0,4.0
755,Complex,flash,4.1 mini,6,,,
755,Complex,flash,4.1 mini,8,,,
755,Complex,flash,4.1 mini,9,,,
755,Complex,flash,4.1 mini,12,,,
755,Complex,flash,4.1 mini,13,,,
755,Complex,flash,4.1 mini,14,,,
755,Complex,flash,4.1 mini,16,,,
755,Complex,flash,4.1 mini,17,,,
755,Complex,flash,4.1 mini,18,,,
755,Complex,flash,4.1 mini,20,,,
755,Complex,flash,4.1 mini,1,1.0,1.0,1.0
755,Complex,flash,4.1 mini,2,2.0,2.0,2.0
755,Complex,flash,4.1 mini,3,1.0,1.0,1.0
755,Complex,flash,4.1 mini,4,1.0,1.0,1.0
755,Complex,flash,4.1 mini,5,1.0,1.0,1.0
755,Complex,flash,4.1 mini,7,1.0,1.0,1.0
755,Complex,flash,4.1 mini,10,2.0,2.0,2.0
755,Complex,flash,4.1 mini,11,,3.0,7.0
755,Complex,flash,4.1 mini,15,1.0,1.0,1.0
755,Complex,flash,4.1 mini,19,1.0,1.0,1.0
756,Complex,flash,haiku,12,,,
756,Complex,flash,haiku,18,,,
756,Complex,flash,haiku,19,,,
756,Complex,flash,haiku,1,1.0,1.0,5.0
756,Complex,flash,haiku,2,2.0,2.0,3.0
756,Complex,flash,haiku,3,,1.0,13.0
756,Complex,flash,haiku,4,,1.0,11.0
756,Complex,flash,haiku,5,3.0,2.0,11.0
756,Complex,flash,haiku,6,3.0,1.0,14.0
756,Complex,flash,haiku,7,2.0,2.0,4.0
756,Complex,flash,haiku,8,,0.0,15.0
756,Complex,flash,haiku,9,,0.0,15.0
756,Complex,flash,haiku,10,,1.0,14.0
756,Complex,flash,haiku,11,,0.0,15.0
756,Complex,flash,haiku,13,2.0,1.0,6.0
756,Complex,flash,haiku,14,,0.0,15.0
756,Complex,flash,haiku,15,1.0,1.0,3.0
756,Complex,flash,haiku,16,,0.0,15.0
756,Complex,flash,haiku,17,1.0,1.0,4.0
756,Complex,flash,haiku,20,,0.0,15.0
757,Complex,flash,sonnet,11,,,
757,Complex,flash,sonnet,13,,,
757,Complex,flash,sonnet,14,,,
757,Complex,flash,sonnet,15,,,
757,Complex,flash,sonnet,16,,,
757,Complex,flash,sonnet,19,,,
757,Complex,flash,sonnet,1,1.0,1.0,1.0
757,Complex,flash,sonnet,2,,2.0,10.0
757,Complex,flash,sonnet,3,,0.0,15.0
757,Complex,flash,sonnet,4,1.0,1.0,1.0
757,Complex,flash,sonnet,5,1.0,1.0,2.0
757,Complex,flash,sonnet,6,,3.0,3.0
757,Complex,flash,sonnet,7,1.0,1.0,1.0
757,Complex,flash,sonnet,8,1.0,1.0,2.0
757,Complex,flash,sonnet,9,1.0,1.0,1.0
757,Complex,flash,sonnet,10,,3.0,3.0
757,Complex,flash,sonnet,12,1.0,1.0,1.0
757,Complex,flash,sonnet,17,1.0,1.0,1.0
757,Complex,flash,sonnet,18,,3.0,5.0
757,Complex,flash,sonnet,20,1.0,1.0,1.0
764,SparseIntArray,sonnet,flash,2,,,
764,SparseIntArray,sonnet,flash,4,,,
764,SparseIntArray,sonnet,flash,6,,,
764,SparseIntArray,sonnet,flash,7,,,
764,SparseIntArray,sonnet,flash,8,,,
764,SparseIntArray,sonnet,flash,9,,,
764,SparseIntArray,sonnet,flash,10,,,
764,SparseIntArray,sonnet,flash,12,,,
764,SparseIntArray,sonnet,flash,13,,,
764,SparseIntArray,sonnet,flash,14,,,
764,SparseIntArray,sonnet,flash,15,,,
764,SparseIntArray,sonnet,flash,16,,,
764,SparseIntArray,sonnet,flash,17,,,
764,SparseIntArray,sonnet,flash,18,,,
764,SparseIntArray,sonnet,flash,19,,,
764,SparseIntArray,sonnet,flash,20,,,
764,SparseIntArray,sonnet,flash,1,1.0,1.0,5.0
764,SparseIntArray,sonnet,flash,3,1.0,1.0,1.0
764,SparseIntArray,sonnet,flash,5,,1.0,12.0
764,SparseIntArray,sonnet,flash,11,,0.0,15.0
765,ByteVector,sonnet,flash,1,,,
765,ByteVector,sonnet,flash,2,,,
765,ByteVector,sonnet,flash,3,,,
765,ByteVector,sonnet,flash,4,,,
765,ByteVector,sonnet,flash,5,,,
765,ByteVector,sonnet,flash,6,,,
765,ByteVector,sonnet,flash,7,,,
765,ByteVector,sonnet,flash,8,,,
765,ByteVector,sonnet,flash,9,,,
765,ByteVector,sonnet,flash,10,,,
765,ByteVector,sonnet,flash,11,,,
765,ByteVector,sonnet,flash,12,,,
765,ByteVector,sonnet,flash,13,,,
765,ByteVector,sonnet,flash,14,,,
765,ByteVector,sonnet,flash,15,,,
765,ByteVector,sonnet,flash,16,,,
765,ByteVector,sonnet,flash,17,,,
765,ByteVector,sonnet,flash,18,,,
765,ByteVector,sonnet,flash,19,,,
765,ByteVector,sonnet,flash,20,,,
766,IntHashMap,sonnet,flash,11,,,
766,IntHashMap,sonnet,flash,1,1.0,1.0,1.0
766,IntHashMap,sonnet,flash,2,,0.0,15.0
766,IntHashMap,sonnet,flash,3,,0.0,15.0
766,IntHashMap,sonnet,flash,4,,0.0,15.0
766,IntHashMap,sonnet,flash,5,1.0,1.0,1.0
766,IntHashMap,sonnet,flash,6,1.0,1.0,1.0
766,IntHashMap,sonnet,flash,7,,0.0,15.0
766,IntHashMap,sonnet,flash,8,1.0,1.0,3.0
766,IntHashMap,sonnet,flash,9,,0.0,15.0
766,IntHashMap,sonnet,flash,10,1.0,1.0,1.0
766,IntHashMap,sonnet,flash,12,1.0,1.0,5.0
766,IntHashMap,sonnet,flash,13,,2.0,11.0
766,IntHashMap,sonnet,flash,14,,1.0,15.0
766,IntHashMap,sonnet,flash,15,,0.0,15.0
766,IntHashMap,sonnet,flash,16,1.0,1.0,1.0
766,IntHashMap,sonnet,flash,17,,0.0,15.0
766,IntHashMap,sonnet,flash,18,,0.0,15.0
766,IntHashMap,sonnet,flash,19,1.0,1.0,3.0
766,IntHashMap,sonnet,flash,20,,0.0,15.0
767,SparseIntArray,sonnet,pro,4,,,
767,SparseIntArray,sonnet,pro,5,,,
767,SparseIntArray,sonnet,pro,6,,,
767,SparseIntArray,sonnet,pro,7,,,
767,SparseIntArray,sonnet,pro,9,,,
767,SparseIntArray,sonnet,pro,10,,,
767,SparseIntArray,sonnet,pro,11,,,
767,SparseIntArray,sonnet,pro,12,,,
767,SparseIntArray,sonnet,pro,13,,,
767,SparseIntArray,sonnet,pro,14,,,
767,SparseIntArray,sonnet,pro,15,,,
767,SparseIntArray,sonnet,pro,16,,,
767,SparseIntArray,sonnet,pro,17,,,
767,SparseIntArray,sonnet,pro,18,,,
767,SparseIntArray,sonnet,pro,20,,,
767,SparseIntArray,sonnet,pro,1,,1.0,11.0
767,SparseIntArray,sonnet,pro,2,1.0,1.0,2.0
767,SparseIntArray,sonnet,pro,3,1.0,1.0,1.0
767,SparseIntArray,sonnet,pro,8,1.0,1.0,1.0
767,SparseIntArray,sonnet,pro,19,1.0,1.0,2.0
768,IntHashMap,sonnet,pro,8,,,
768,IntHashMap,sonnet,pro,11,,,
768,IntHashMap,sonnet,pro,1,,0.0,15.0
768,IntHashMap,sonnet,pro,2,,1.0,11.0
768,IntHashMap,sonnet,pro,3,,0.0,15.0
768,IntHashMap,sonnet,pro,4,1.0,1.0,1.0
768,IntHashMap,sonnet,pro,5,,0.0,15.0
768,IntHashMap,sonnet,pro,6,,0.0,15.0
768,IntHashMap,sonnet,pro,7,1.0,1.0,1.0
768,IntHashMap,sonnet,pro,9,1.0,1.0,1.0
768,IntHashMap,sonnet,pro,10,,0.0,15.0
768,IntHashMap,sonnet,pro,12,,1.0,13.0
768,IntHashMap,sonnet,pro,13,2.0,1.0,8.0
768,IntHashMap,sonnet,pro,14,,1.0,15.0
768,IntHashMap,sonnet,pro,15,,0.0,15.0
768,IntHashMap,sonnet,pro,16,1.0,1.0,1.0
768,IntHashMap,sonnet,pro,17,,0.0,15.0
768,IntHashMap,sonnet,pro,18,1.0,1.0,1.0
768,IntHashMap,sonnet,pro,19,,0.0,15.0
768,IntHashMap,sonnet,pro,20,1.0,1.0,4.0
769,ByteVector,sonnet,pro,1,,,
769,ByteVector,sonnet,pro,2,,,
769,ByteVector,sonnet,pro,3,,,
769,ByteVector,sonnet,pro,4,,,
769,ByteVector,sonnet,pro,5,,,
769,ByteVector,sonnet,pro,6,,,
769,ByteVector,sonnet,pro,7,,,
769,ByteVector,sonnet,pro,8,,,
769,ByteVector,sonnet,pro,9,,,
769,ByteVector,sonnet,pro,10,,,
769,ByteVector,sonnet,pro,11,,,
769,ByteVector,sonnet,pro,12,,,
769,ByteVector,sonnet,pro,13,,,
769,ByteVector,sonnet,pro,14,,,
769,ByteVector,sonnet,pro,15,,,
769,ByteVector,sonnet,pro,16,,,
769,ByteVector,sonnet,pro,17,,,
769,ByteVector,sonnet,pro,18,,,
769,ByteVector,sonnet,pro,19,,,
769,ByteVector,sonnet,pro,20,,,
770,CharRange,sonnet,flash,8,,,
770,CharRange,sonnet,flash,9,,,
770,CharRange,sonnet,flash,10,,,
770,CharRange,sonnet,flash,11,,,
770,CharRange,sonnet,flash,12,,,
770,CharRange,sonnet,flash,13,,,
770,CharRange,sonnet,flash,14,,,
770,CharRange,sonnet,flash,15,,,
770,CharRange,sonnet,flash,16,,,
770,CharRange,sonnet,flash,17,,,
770,CharRange,sonnet,flash,18,,,
770,CharRange,sonnet,flash,19,,,
770,CharRange,sonnet,flash,20,,,
770,CharRange,sonnet,flash,1,1.0,1.0,1.0
770,CharRange,sonnet,flash,2,1.0,1.0,1.0
770,CharRange,sonnet,flash,3,1.0,1.0,1.0
770,CharRange,sonnet,flash,4,1.0,1.0,1.0
770,CharRange,sonnet,flash,5,1.0,1.0,1.0
770,CharRange,sonnet,flash,6,1.0,1.0,1.0
770,CharRange,sonnet,flash,7,1.0,1.0,1.0
772,CaseInsensitiveString,sonnet,flash,10,,,
772,CaseInsensitiveString,sonnet,flash,11,,,
772,CaseInsensitiveString,sonnet,flash,12,,,
772,CaseInsensitiveString,sonnet,flash,15,,,
772,CaseInsensitiveString,sonnet,flash,1,,1.0,13.0
772,CaseInsensitiveString,sonnet,flash,2,1.0,1.0,1.0
772,CaseInsensitiveString,sonnet,flash,3,1.0,1.0,1.0
772,CaseInsensitiveString,sonnet,flash,4,1.0,1.0,1.0
772,CaseInsensitiveString,sonnet,flash,5,1.0,1.0,5.0
772,CaseInsensitiveString,sonnet,flash,6,,0.0,15.0
772,CaseInsensitiveString,sonnet,flash,7,1.0,1.0,2.0
772,CaseInsensitiveString,sonnet,flash,8,1.0,1.0,1.0
772,CaseInsensitiveString,sonnet,flash,9,,0.0,15.0
772,CaseInsensitiveString,sonnet,flash,13,,0.0,15.0
772,CaseInsensitiveString,sonnet,flash,14,,0.0,15.0
772,CaseInsensitiveString,sonnet,flash,16,,0.0,15.0
772,CaseInsensitiveString,sonnet,flash,17,1.0,1.0,1.0
772,CaseInsensitiveString,sonnet,flash,18,1.0,1.0,1.0
772,CaseInsensitiveString,sonnet,flash,19,1.0,1.0,4.0
772,CaseInsensitiveString,sonnet,flash,20,2.0,2.0,4.0
774,Rational,sonnet,flash,3,,,
774,Rational,sonnet,flash,4,,,
774,Rational,sonnet,flash,5,,,
774,Rational,sonnet,flash,6,,,
774,Rational,sonnet,flash,7,,,
774,Rational,sonnet,flash,8,,,
774,Rational,sonnet,flash,9,,,
774,Rational,sonnet,flash,10,,,
774,Rational,sonnet,flash,11,,,
774,Rational,sonnet,flash,12,,,
774,Rational,sonnet,flash,14,,,
774,Rational,sonnet,flash,15,,,
774,Rational,sonnet,flash,16,,,
774,Rational,sonnet,flash,17,,,
774,Rational,sonnet,flash,18,,,
774,Rational,sonnet,flash,19,,,
774,Rational,sonnet,flash,20,,,
774,Rational,sonnet,flash,1,,0.0,15.0
774,Rational,sonnet,flash,2,,0.0,15.0
774,Rational,sonnet,flash,13,1.0,1.0,1.0
775,Rational,sonnet,pro,3,,,
775,Rational,sonnet,pro,5,,,
775,Rational,sonnet,pro,6,,,
775,Rational,sonnet,pro,8,,,
775,Rational,sonnet,pro,9,,,
775,Rational,sonnet,pro,11,,,
775,Rational,sonnet,pro,12,,,
775,Rational,sonnet,pro,13,,,
775,Rational,sonnet,pro,14,,,
775,Rational,sonnet,pro,15,,,
775,Rational,sonnet,pro,16,,,
775,Rational,sonnet,pro,17,,,
775,Rational,sonnet,pro,18,,,
775,Rational,sonnet,pro,19,,,
775,Rational,sonnet,pro,20,,,
775,Rational,sonnet,pro,1,,0.0,15.0
775,Rational,sonnet,pro,2,,0.0,15.0
775,Rational,sonnet,pro,4,1.0,1.0,1.0
775,Rational,sonnet,pro,7,1.0,1.0,1.0
775,Rational,sonnet,pro,10,1.0,1.0,1.0
777,CharRange,sonnet,pro,6,,,
777,CharRange,sonnet,pro,7,,,
777,CharRange,sonnet,pro,8,,,
777,CharRange,sonnet,pro,9,,,
777,CharRange,sonnet,pro,10,,,
777,CharRange,sonnet,pro,11,,,
777,CharRange,sonnet,pro,13,,,
777,CharRange,sonnet,pro,14,,,
777,CharRange,sonnet,pro,15,,,
777,CharRange,sonnet,pro,16,,,
777,CharRange,sonnet,pro,17,,,
777,CharRange,sonnet,pro,18,,,
777,CharRange,sonnet,pro,20,,,
777,CharRange,sonnet,pro,1,1.0,1.0,1.0
777,CharRange,sonnet,pro,2,1.0,1.0,2.0
777,CharRange,sonnet,pro,3,1.0,1.0,1.0
777,CharRange,sonnet,pro,4,2.0,2.0,3.0
777,CharRange,sonnet,pro,5,1.0,1.0,1.0
777,CharRange,sonnet,pro,12,1.0,1.0,1.0
777,CharRange,sonnet,pro,19,1.0,1.0,2.0
778,Document,sonnet,flash,3,,,
778,Document,sonnet,flash,4,,,
778,Document,sonnet,flash,5,,,
778,Document,sonnet,flash,6,,,
778,Document,sonnet,flash,7,,,
778,Document,sonnet,flash,10,,,
778,Document,sonnet,flash,12,,,
778,Document,sonnet,flash,13,,,
778,Document,sonnet,flash,14,,,
778,Document,sonnet,flash,16,,,
778,Document,sonnet,flash,17,,,
778,Document,sonnet,flash,18,,,
778,Document,sonnet,flash,20,,,
778,Document,sonnet,flash,1,,0.0,15.0
778,Document,sonnet,flash,2,,0.0,15.0
778,Document,sonnet,flash,8,,1.0,13.0
778,Document,sonnet,flash,9,,0.0,15.0
778,Document,sonnet,flash,11,,0.0,15.0
778,Document,sonnet,flash,15,,0.0,15.0
778,Document,sonnet,flash,19,1.0,1.0,1.0
780,XmlElement,sonnet,pro,4,,,
780,XmlElement,sonnet,pro,6,,,
780,XmlElement,sonnet,pro,7,,,
780,XmlElement,sonnet,pro,9,,,
780,XmlElement,sonnet,pro,10,,,
780,XmlElement,sonnet,pro,12,,,
780,XmlElement,sonnet,pro,14,,,
780,XmlElement,sonnet,pro,15,,,
780,XmlElement,sonnet,pro,16,,,
780,XmlElement,sonnet,pro,17,,,
780,XmlElement,sonnet,pro,18,,,
780,XmlElement,sonnet,pro,19,,,
780,XmlElement,sonnet,pro,1,1.0,1.0,3.0
780,XmlElement,sonnet,pro,2,1.0,1.0,1.0
780,XmlElement,sonnet,pro,3,1.0,1.0,2.0
780,XmlElement,sonnet,pro,5,,3.0,8.0
780,XmlElement,sonnet,pro,8,1.0,1.0,1.0
780,XmlElement,sonnet,pro,11,,2.0,7.0
780,XmlElement,sonnet,pro,13,1.0,1.0,1.0
780,XmlElement,sonnet,pro,20,,0.0,15.0
783,Document,sonnet,pro,4,,,
783,Document,sonnet,pro,9,,,
783,Document,sonnet,pro,10,,,
783,Document,sonnet,pro,13,,,
783,Document,sonnet,pro,14,,,
783,Document,sonnet,pro,15,,,
783,Document,sonnet,pro,16,,,
783,Document,sonnet,pro,17,,,
783,Document,sonnet,pro,18,,,
783,Document,sonnet,pro,20,,,
783,Document,sonnet,pro,1,,0.0,15.0
783,Document,sonnet,pro,2,,2.0,13.0
783,Document,sonnet,pro,3,,0.0,15.0
783,Document,sonnet,pro,5,,2.0,12.0
783,Document,sonnet,pro,6,1.0,1.0,1.0
783,Document,sonnet,pro,7,,0.0,15.0
783,Document,sonnet,pro,8,,0.0,15.0
783,Document,sonnet,pro,11,,0.0,15.0
783,Document,sonnet,pro,12,,0.0,15.0
783,Document,sonnet,pro,19,,3.0,7.0
785,Complex,sonnet,pro,5,,,
785,Complex,sonnet,pro,6,,,
785,Complex,sonnet,pro,9,,,
785,Complex,sonnet,pro,11,,,
785,Complex,sonnet,pro,13,,,
785,Complex,sonnet,pro,15,,,
785,Complex,sonnet,pro,16,,,
785,Complex,sonnet,pro,17,,,
785,Complex,sonnet,pro,18,,,
785,Complex,sonnet,pro,19,,,
785,Complex,sonnet,pro,20,,,
785,Complex,sonnet,pro,1,1.0,1.0,2.0
785,Complex,sonnet,pro,2,1.0,1.0,1.0
785,Complex,sonnet,pro,3,1.0,1.0,1.0
785,Complex,sonnet,pro,4,1.0,1.0,1.0
785,Complex,sonnet,pro,7,1.0,1.0,1.0
785,Complex,sonnet,pro,8,1.0,1.0,1.0
785,Complex,sonnet,pro,10,1.0,1.0,1.0
785,Complex,sonnet,pro,12,1.0,1.0,1.0
785,Complex,sonnet,pro,14,1.0,1.0,1.0
786,CaseInsensitiveString,sonnet,pro,15,,,
786,CaseInsensitiveString,sonnet,pro,17,,,
786,CaseInsensitiveString,sonnet,pro,18,,,
786,CaseInsensitiveString,sonnet,pro,19,,,
786,CaseInsensitiveString,sonnet,pro,20,,,
786,CaseInsensitiveString,sonnet,pro,1,,0.0,15.0
786,CaseInsensitiveString,sonnet,pro,2,1.0,1.0,1.0
786,CaseInsensitiveString,sonnet,pro,3,1.0,1.0,1.0
786,CaseInsensitiveString,sonnet,pro,4,,0.0,15.0
786,CaseInsensitiveString,sonnet,pro,5,,0.0,15.0
786,CaseInsensitiveString,sonnet,pro,6,1.0,1.0,1.0
786,CaseInsensitiveString,sonnet,pro,7,1.0,1.0,2.0
786,CaseInsensitiveString,sonnet,pro,8,1.0,1.0,2.0
786,CaseInsensitiveString,sonnet,pro,9,,0.0,15.0
786,CaseInsensitiveString,sonnet,pro,10,,1.0,15.0
786,CaseInsensitiveString,sonnet,pro,11,1.0,1.0,1.0
786,CaseInsensitiveString,sonnet,pro,12,1.0,1.0,1.0
786,CaseInsensitiveString,sonnet,pro,13,,0.0,15.0
786,CaseInsensitiveString,sonnet,pro,14,1.0,1.0,1.0
786,CaseInsensitiveString,sonnet,pro,16,1.0,1.0,4.0
787,XmlElement,sonnet,flash,2,,,
787,XmlElement,sonnet,flash,6,,,
787,XmlElement,sonnet,flash,7,,,
787,XmlElement,sonnet,flash,8,,,
787,XmlElement,sonnet,flash,10,,,
787,XmlElement,sonnet,flash,11,,,
787,XmlElement,sonnet,flash,12,,,
787,XmlElement,sonnet,flash,13,,,
787,XmlElement,sonnet,flash,15,,,
787,XmlElement,sonnet,flash,16,,,
787,XmlElement,sonnet,flash,17,,,
787,XmlElement,sonnet,flash,18,,,
787,XmlElement,sonnet,flash,19,,,
787,XmlElement,sonnet,flash,20,,,
787,XmlElement,sonnet,flash,1,1.0,1.0,4.0
787,XmlElement,sonnet,flash,3,,3.0,5.0
787,XmlElement,sonnet,flash,4,,0.0,15.0
787,XmlElement,sonnet,flash,5,,0.0,15.0
787,XmlElement,sonnet,flash,9,2.0,2.0,4.0
787,XmlElement,sonnet,flash,14,1.0,1.0,1.0
788,Complex,sonnet,flash,8,,,
788,Complex,sonnet,flash,10,,,
788,Complex,sonnet,flash,11,,,
788,Complex,sonnet,flash,12,,,
788,Complex,sonnet,flash,13,,,
788,Complex,sonnet,flash,14,,,
788,Complex,sonnet,flash,15,,,
788,Complex,sonnet,flash,16,,,
788,Complex,sonnet,flash,17,,,
788,Complex,sonnet,flash,19,,,
788,Complex,sonnet,flash,20,,,
788,Complex,sonnet,flash,1,1.0,1.0,1.0
788,Complex,sonnet,flash,2,1.0,1.0,1.0
788,Complex,sonnet,flash,3,1.0,1.0,1.0
788,Complex,sonnet,flash,4,,1.0,11.0
788,Complex,sonnet,flash,5,1.0,1.0,1.0
788,Complex,sonnet,flash,6,1.0,1.0,1.0
788,Complex,sonnet,flash,7,1.0,1.0,1.0
788,Complex,sonnet,flash,9,1.0,1.0,1.0
788,Complex,sonnet,flash,18,,0.0,15.0
790,Complex,flash,flash,7,,,
790,Complex,flash,flash,10,,,
790,Complex,flash,flash,13,,,
790,Complex,flash,flash,14,,,
790,Complex,flash,flash,19,,,
790,Complex,flash,flash,1,1.0,1.0,1.0
790,Complex,flash,flash,2,1.0,1.0,1.0
790,Complex,flash,flash,3,1.0,1.0,1.0
790,Complex,flash,flash,4,1.0,1.0,1.0
790,Complex,flash,flash,5,1.0,1.0,1.0
790,Complex,flash,flash,6,1.0,1.0,1.0
790,Complex,flash,flash,8,1.0,1.0,1.0
790,Complex,flash,flash,9,1.0,1.0,1.0
790,Complex,flash,flash,11,,3.0,3.0
790,Complex,flash,flash,12,1.0,1.0,1.0
790,Complex,flash,flash,15,1.0,1.0,1.0
790,Complex,flash,flash,16,1.0,1.0,1.0
790,Complex,flash,flash,17,1.0,1.0,1.0
790,Complex,flash,flash,18,1.0,1.0,1.0
790,Complex,flash,flash,20,1.0,1.0,1.0
791,Complex,4.1,pro,2,,,
791,Complex,4.1,pro,3,,,
791,Complex,4.1,pro,5,,,
791,Complex,4.1,pro,7,,,
791,Complex,4.1,pro,8,,,
791,Complex,4.1,pro,10,,,
791,Complex,4.1,pro,11,,,
791,Complex,4.1,pro,12,,,
791,Complex,4.1,pro,13,,,
791,Complex,4.1,pro,14,,,
791,Complex,4.1,pro,15,,,
791,Complex,4.1,pro,16,,,
791,Complex,4.1,pro,17,,,
791,Complex,4.1,pro,20,,,
791,Complex,4.1,pro,1,1.0,1.0,1.0
791,Complex,4.1,pro,4,1.0,1.0,1.0
791,Complex,4.1,pro,6,1.0,1.0,1.0
791,Complex,4.1,pro,9,1.0,1.0,2.0
791,Complex,4.1,pro,18,1.0,1.0,1.0
791,Complex,4.1,pro,19,1.0,1.0,1.0
795,Complex,4.1,flash,4,,,
795,Complex,4.1,flash,5,,,
795,Complex,4.1,flash,8,,,
795,Complex,4.1,flash,9,,,
795,Complex,4.1,flash,10,,,
795,Complex,4.1,flash,11,,,
795,Complex,4.1,flash,12,,,
795,Complex,4.1,flash,13,,,
795,Complex,4.1,flash,14,,,
795,Complex,4.1,flash,15,,,
795,Complex,4.1,flash,16,,,
795,Complex,4.1,flash,17,,,
795,Complex,4.1,flash,18,,,
795,Complex,4.1,flash,19,,,
795,Complex,4.1,flash,20,,,
795,Complex,4.1,flash,1,1.0,1.0,2.0
795,Complex,4.1,flash,2,1.0,1.0,1.0
795,Complex,4.1,flash,3,1.0,1.0,1.0
795,Complex,4.1,flash,6,1.0,1.0,1.0
795,Complex,4.1,flash,7,1.0,1.0,1.0
797,Complex,4.1 mini,flash,4,,,
797,Complex,4.1 mini,flash,5,,,
797,Complex,4.1 mini,flash,7,,,
797,Complex,4.1 mini,flash,11,,,
797,Complex,4.1 mini,flash,12,,,
797,Complex,4.1 mini,flash,13,,,
797,Complex,4.1 mini,flash,14,,,
797,Complex,4.1 mini,flash,15,,,
797,Complex,4.1 mini,flash,17,,,
797,Complex,4.1 mini,flash,19,,,
797,Complex,4.1 mini,flash,20,,,
797,Complex,4.1 mini,flash,1,3.0,1.0,13.0
797,Complex,4.1 mini,flash,2,1.0,1.0,1.0
797,Complex,4.1 mini,flash,3,1.0,1.0,1.0
797,Complex,4.1 mini,flash,6,1.0,1.0,1.0
797,Complex,4.1 mini,flash,8,,0.0,15.0
797,Complex,4.1 mini,flash,9,2.0,1.0,6.0
797,Complex,4.1 mini,flash,10,1.0,1.0,1.0
797,Complex,4.1 mini,flash,16,,1.0,13.0
797,Complex,4.1 mini,flash,18,1.0,1.0,1.0
798,Complex,pro,4.1 mini,5,,,
798,Complex,pro,4.1 mini,9,,,
798,Complex,pro,4.1 mini,11,,,
798,Complex,pro,4.1 mini,12,,,
798,Complex,pro,4.1 mini,13,,,
798,Complex,pro,4.1 mini,14,,,
798,Complex,pro,4.1 mini,15,,,
798,Complex,pro,4.1 mini,16,,,
798,Complex,pro,4.1 mini,18,,,
798,Complex,pro,4.1 mini,19,,,
798,Complex,pro,4.1 mini,20,,,
798,Complex,pro,4.1 mini,1,1.0,1.0,1.0
798,Complex,pro,4.1 mini,2,1.0,1.0,1.0
798,Complex,pro,4.1 mini,3,1.0,1.0,1.0
798,Complex,pro,4.1 mini,4,1.0,1.0,1.0
798,Complex,pro,4.1 mini,6,1.0,1.0,1.0
798,Complex,pro,4.1 mini,7,2.0,1.0,10.0
798,Complex,pro,4.1 mini,8,2.0,1.0,7.0
798,Complex,pro,4.1 mini,10,1.0,1.0,1.0
798,Complex,pro,4.1 mini,17,1.0,1.0,1.0
799,Complex,pro,flash,5,,,
799,Complex,pro,flash,7,,,
799,Complex,pro,flash,9,,,
799,Complex,pro,flash,10,,,
799,Complex,pro,flash,11,,,
799,Complex,pro,flash,12,,,
799,Complex,pro,flash,13,,,
799,Complex,pro,flash,14,,,
799,Complex,pro,flash,16,,,
799,Complex,pro,flash,17,,,
799,Complex,pro,flash,18,,,
799,Complex,pro,flash,19,,,
799,Complex,pro,flash,20,,,
799,Complex,pro,flash,1,1.0,1.0,1.0
799,Complex,pro,flash,2,1.0,1.0,1.0
799,Complex,pro,flash,3,1.0,1.0,1.0
799,Complex,pro,flash,4,1.0,1.0,1.0
799,Complex,pro,flash,6,1.0,1.0,1.0
799,Complex,pro,flash,8,1.0,1.0,1.0
799,Complex,pro,flash,15,1.0,1.0,1.0
801,Complex,haiku,flash,4,,,
801,Complex,haiku,flash,5,,,
801,Complex,haiku,flash,8,,,
801,Complex,haiku,flash,9,,,
801,Complex,haiku,flash,10,,,
801,Complex,haiku,flash,11,,,
801,Complex,haiku,flash,13,,,
801,Complex,haiku,flash,14,,,
801,Complex,haiku,flash,15,,,
801,Complex,haiku,flash,16,,,
801,Complex,haiku,flash,17,,,
801,Complex,haiku,flash,18,,,
801,Complex,haiku,flash,19,,,
801,Complex,haiku,flash,20,,,
801,Complex,haiku,flash,1,,0.0,15.0
801,Complex,haiku,flash,2,1.0,1.0,1.0
801,Complex,haiku,flash,3,,1.0,13.0
801,Complex,haiku,flash,6,,3.0,3.0
801,Complex,haiku,flash,7,,0.0,15.0
801,Complex,haiku,flash,12,,0.0,15.0
802,Complex,haiku,pro,4,,,
802,Complex,haiku,pro,5,,,
802,Complex,haiku,pro,7,,,
802,Complex,haiku,pro,9,,,
802,Complex,haiku,pro,11,,,
802,Complex,haiku,pro,13,,,
802,Complex,haiku,pro,14,,,
802,Complex,haiku,pro,15,,,
802,Complex,haiku,pro,17,,,
802,Complex,haiku,pro,18,,,
802,Complex,haiku,pro,20,,,
802,Complex,haiku,pro,1,3.0,3.0,3.0
802,Complex,haiku,pro,2,,1.0,15.0
802,Complex,haiku,pro,3,,0.0,15.0
802,Complex,haiku,pro,6,,0.0,15.0
802,Complex,haiku,pro,8,1.0,1.0,1.0
802,Complex,haiku,pro,10,,0.0,15.0
802,Complex,haiku,pro,12,,0.0,15.0
802,Complex,haiku,pro,16,,3.0,3.0
802,Complex,haiku,pro,19,,1.0,14.0
803,Option,flash,flash,1,,,
803,Option,flash,flash,2,,,
803,Option,flash,flash,3,,,
803,Option,flash,flash,4,,,
803,Option,flash,flash,5,,,
803,Option,flash,flash,6,,,
803,Option,flash,flash,7,,,
803,Option,flash,flash,8,,,
803,Option,flash,flash,9,,,
803,Option,flash,flash,10,,,
803,Option,flash,flash,11,,,
803,Option,flash,flash,12,,,
803,Option,flash,flash,13,,,
803,Option,flash,flash,14,,,
803,Option,flash,flash,15,,,
803,Option,flash,flash,16,,,
803,Option,flash,flash,17,,,
803,Option,flash,flash,18,,,
803,Option,flash,flash,19,,,
803,Option,flash,flash,20,,,
804,Option,flash,pro,1,,,
804,Option,flash,pro,2,,,
804,Option,flash,pro,3,,,
804,Option,flash,pro,4,,,
804,Option,flash,pro,5,,,
804,Option,flash,pro,6,,,
804,Option,flash,pro,7,,,
804,Option,flash,pro,8,,,
804,Option,flash,pro,9,,,
804,Option,flash,pro,10,,,
804,Option,flash,pro,11,,,
804,Option,flash,pro,12,,,
804,Option,flash,pro,13,,,
804,Option,flash,pro,14,,,
804,Option,flash,pro,15,,,
804,Option,flash,pro,16,,,
804,Option,flash,pro,17,,,
804,Option,flash,pro,18,,,
804,Option,flash,pro,19,,,
804,Option,flash,pro,20,,,
805,Option,pro,haiku,1,,,
805,Option,pro,haiku,2,,,
805,Option,pro,haiku,3,,,
805,Option,pro,haiku,4,,,
805,Option,pro,haiku,5,,,
805,Option,pro,haiku,6,,,
805,Option,pro,haiku,7,,,
805,Option,pro,haiku,8,,,
805,Option,pro,haiku,9,,,
805,Option,pro,haiku,10,,,
805,Option,pro,haiku,11,,,
805,Option,pro,haiku,12,,,
805,Option,pro,haiku,13,,,
805,Option,pro,haiku,14,,,
805,Option,pro,haiku,15,,,
805,Option,pro,haiku,16,,,
805,Option,pro,haiku,17,,,
805,Option,pro,haiku,18,,,
805,Option,pro,haiku,19,,,
805,Option,pro,haiku,20,,,
806,Option,pro,sonnet,1,,,
806,Option,pro,sonnet,2,,,
806,Option,pro,sonnet,3,,,
806,Option,pro,sonnet,4,,,
806,Option,pro,sonnet,5,,,
806,Option,pro,sonnet,6,,,
806,Option,pro,sonnet,7,,,
806,Option,pro,sonnet,8,,,
806,Option,pro,sonnet,9,,,
806,Option,pro,sonnet,10,,,
806,Option,pro,sonnet,11,,,
806,Option,pro,sonnet,12,,,
806,Option,pro,sonnet,13,,,
806,Option,pro,sonnet,14,,,
806,Option,pro,sonnet,15,,,
806,Option,pro,sonnet,16,,,
806,Option,pro,sonnet,17,,,
806,Option,pro,sonnet,18,,,
806,Option,pro,sonnet,19,,,
806,Option,pro,sonnet,20,,,
807,Option,pro,4.1 mini,1,,,
807,Option,pro,4.1 mini,2,,,
807,Option,pro,4.1 mini,3,,,
807,Option,pro,4.1 mini,4,,,
807,Option,pro,4.1 mini,5,,,
807,Option,pro,4.1 mini,6,,,
807,Option,pro,4.1 mini,7,,,
807,Option,pro,4.1 mini,8,,,
807,Option,pro,4.1 mini,9,,,
807,Option,pro,4.1 mini,10,,,
807,Option,pro,4.1 mini,11,,,
807,Option,pro,4.1 mini,12,,,
807,Option,pro,4.1 mini,13,,,
807,Option,pro,4.1 mini,14,,,
807,Option,pro,4.1 mini,15,,,
807,Option,pro,4.1 mini,16,,,
807,Option,pro,4.1 mini,17,,,
807,Option,pro,4.1 mini,18,,,
807,Option,pro,4.1 mini,19,,,
807,Option,pro,4.1 mini,20,,,
808,Option,pro,4.1,1,,,
808,Option,pro,4.1,2,,,
808,Option,pro,4.1,3,,,
808,Option,pro,4.1,4,,,
808,Option,pro,4.1,5,,,
808,Option,pro,4.1,6,,,
808,Option,pro,4.1,7,,,
808,Option,pro,4.1,8,,,
808,Option,pro,4.1,9,,,
808,Option,pro,4.1,10,,,
808,Option,pro,4.1,11,,,
808,Option,pro,4.1,12,,,
808,Option,pro,4.1,13,,,
808,Option,pro,4.1,14,,,
808,Option,pro,4.1,15,,,
808,Option,pro,4.1,16,,,
808,Option,pro,4.1,17,,,
808,Option,pro,4.1,18,,,
808,Option,pro,4.1,19,,,
808,Option,pro,4.1,20,,,
819,Complex,pro,pro,7,,,
819,Complex,pro,pro,9,,,
819,Complex,pro,pro,10,,,
819,Complex,pro,pro,11,,,
819,Complex,pro,pro,12,,,
819,Complex,pro,pro,14,,,
819,Complex,pro,pro,16,,,
819,Complex,pro,pro,17,,,
819,Complex,pro,pro,18,,,
819,Complex,pro,pro,19,,,
819,Complex,pro,pro,20,,,
819,Complex,pro,pro,1,1.0,1.0,1.0
819,Complex,pro,pro,2,1.0,1.0,1.0
819,Complex,pro,pro,3,1.0,1.0,1.0
819,Complex,pro,pro,4,1.0,1.0,1.0
819,Complex,pro,pro,5,1.0,1.0,3.0
819,Complex,pro,pro,6,1.0,1.0,1.0
819,Complex,pro,pro,8,1.0,1.0,1.0
819,Complex,pro,pro,13,1.0,1.0,1.0
819,Complex,pro,pro,15,1.0,1.0,1.0
820,Option,pro,flash,1,,,
820,Option,pro,flash,2,,,
820,Option,pro,flash,3,,,
820,Option,pro,flash,4,,,
820,Option,pro,flash,5,,,
820,Option,pro,flash,6,,,
820,Option,pro,flash,7,,,
820,Option,pro,flash,8,,,
820,Option,pro,flash,9,,,
820,Option,pro,flash,10,,,
820,Option,pro,flash,11,,,
820,Option,pro,flash,12,,,
820,Option,pro,flash,13,,,
820,Option,pro,flash,14,,,
820,Option,pro,flash,15,,,
820,Option,pro,flash,16,,,
820,Option,pro,flash,17,,,
820,Option,pro,flash,18,,,
820,Option,pro,flash,19,,,
820,Option,pro,flash,20,,,
821,Option,pro,pro,1,,,
821,Option,pro,pro,2,,,
821,Option,pro,pro,3,,,
821,Option,pro,pro,4,,,
821,Option,pro,pro,5,,,
821,Option,pro,pro,6,,,
821,Option,pro,pro,7,,,
821,Option,pro,pro,8,,,
821,Option,pro,pro,9,,,
821,Option,pro,pro,10,,,
821,Option,pro,pro,11,,,
821,Option,pro,pro,12,,,
821,Option,pro,pro,13,,,
821,Option,pro,pro,14,,,
821,Option,pro,pro,15,,,
821,Option,pro,pro,16,,,
821,Option,pro,pro,17,,,
821,Option,pro,pro,18,,,
821,Option,pro,pro,19,,,
821,Option,pro,pro,20,,,
822,Complex,flash,pro,6,,,
822,Complex,flash,pro,9,,,
822,Complex,flash,pro,11,,,
822,Complex,flash,pro,12,,,
822,Complex,flash,pro,15,,,
822,Complex,flash,pro,17,,,
822,Complex,flash,pro,19,,,
822,Complex,flash,pro,20,,,
822,Complex,flash,pro,1,1.0,1.0,1.0
822,Complex,flash,pro,2,1.0,1.0,1.0
822,Complex,flash,pro,3,1.0,1.0,1.0
822,Complex,flash,pro,4,1.0,1.0,1.0
822,Complex,flash,pro,5,1.0,1.0,1.0
822,Complex,flash,pro,7,1.0,1.0,1.0
822,Complex,flash,pro,8,1.0,1.0,2.0
822,Complex,flash,pro,10,1.0,1.0,1.0
822,Complex,flash,pro,13,1.0,1.0,1.0
822,Complex,flash,pro,14,1.0,1.0,1.0
822,Complex,flash,pro,16,1.0,1.0,1.0
822,Complex,flash,pro,18,,0.0,15.0
823,Option,haiku,flash,1,,,
823,Option,haiku,flash,2,,,
823,Option,haiku,flash,3,,,
823,Option,haiku,flash,4,,,
823,Option,haiku,flash,5,,,
823,Option,haiku,flash,6,,,
823,Option,haiku,flash,7,,,
823,Option,haiku,flash,8,,,
823,Option,haiku,flash,9,,,
823,Option,haiku,flash,10,,,
823,Option,haiku,flash,11,,,
823,Option,haiku,flash,12,,,
823,Option,haiku,flash,13,,,
823,Option,haiku,flash,14,,,
823,Option,haiku,flash,15,,,
823,Option,haiku,flash,16,,,
823,Option,haiku,flash,17,,,
823,Option,haiku,flash,18,,,
823,Option,haiku,flash,19,,,
823,Option,haiku,flash,20,,,
824,Complex,4.1 mini,pro,4,,,
824,Complex,4.1 mini,pro,9,,,
824,Complex,4.1 mini,pro,11,,,
824,Complex,4.1 mini,pro,14,,,
824,Complex,4.1 mini,pro,17,,,
824,Complex,4.1 mini,pro,19,,,
824,Complex,4.1 mini,pro,1,1.0,1.0,1.0
824,Complex,4.1 mini,pro,2,,0.0,15.0
824,Complex,4.1 mini,pro,3,1.0,1.0,1.0
824,Complex,4.1 mini,pro,5,1.0,1.0,1.0
824,Complex,4.1 mini,pro,6,,0.0,15.0
824,Complex,4.1 mini,pro,7,,0.0,15.0
824,Complex,4.1 mini,pro,8,,3.0,3.0
824,Complex,4.1 mini,pro,10,,0.0,15.0
824,Complex,4.1 mini,pro,12,1.0,1.0,1.0
824,Complex,4.1 mini,pro,13,,0.0,15.0
824,Complex,4.1 mini,pro,15,,0.0,15.0
824,Complex,4.1 mini,pro,16,1.0,1.0,1.0
824,Complex,4.1 mini,pro,18,1.0,1.0,1.0
824,Complex,4.1 mini,pro,20,1.0,1.0,1.0
825,Complex,pro,sonnet,5,,,
825,Complex,pro,sonnet,8,,,
825,Complex,pro,sonnet,9,,,
825,Complex,pro,sonnet,10,,,
825,Complex,pro,sonnet,11,,,
825,Complex,pro,sonnet,12,,,
825,Complex,pro,sonnet,13,,,
825,Complex,pro,sonnet,14,,,
825,Complex,pro,sonnet,17,,,
825,Complex,pro,sonnet,18,,,
825,Complex,pro,sonnet,19,,,
825,Complex,pro,sonnet,1,1.0,1.0,1.0
825,Complex,pro,sonnet,2,,1.0,14.0
825,Complex,pro,sonnet,3,1.0,1.0,1.0
825,Complex,pro,sonnet,4,,3.0,5.0
825,Complex,pro,sonnet,6,1.0,1.0,1.0
825,Complex,pro,sonnet,7,1.0,1.0,1.0
825,Complex,pro,sonnet,15,1.0,1.0,3.0
825,Complex,pro,sonnet,16,,3.0,3.0
825,Complex,pro,sonnet,20,1.0,1.0,1.0
826,Complex,pro,haiku,4,,,
826,Complex,pro,haiku,6,,,
826,Complex,pro,haiku,7,,,
826,Complex,pro,haiku,8,,,
826,Complex,pro,haiku,9,,,
826,Complex,pro,haiku,10,,,
826,Complex,pro,haiku,11,,,
826,Complex,pro,haiku,14,,,
826,Complex,pro,haiku,16,,,
826,Complex,pro,haiku,17,,,
826,Complex,pro,haiku,19,,,
826,Complex,pro,haiku,20,,,
826,Complex,pro,haiku,1,1.0,1.0,3.0
826,Complex,pro,haiku,2,3.0,1.0,13.0
826,Complex,pro,haiku,3,,3.0,8.0
826,Complex,pro,haiku,5,,0.0,15.0
826,Complex,pro,haiku,12,,3.0,9.0
826,Complex,pro,haiku,13,1.0,1.0,4.0
826,Complex,pro,haiku,15,,2.0,9.0
826,Complex,pro,haiku,18,1.0,1.0,3.0
827,Complex,pro,4.1,3,,,
827,Complex,pro,4.1,4,,,
827,Complex,pro,4.1,6,,,
827,Complex,pro,4.1,7,,,
827,Complex,pro,4.1,8,,,
827,Complex,pro,4.1,9,,,
827,Complex,pro,4.1,10,,,
827,Complex,pro,4.1,13,,,
827,Complex,pro,4.1,14,,,
827,Complex,pro,4.1,16,,,
827,Complex,pro,4.1,17,,,
827,Complex,pro,4.1,18,,,
827,Complex,pro,4.1,19,,,
827,Complex,pro,4.1,20,,,
827,Complex,pro,4.1,1,1.0,1.0,1.0
827,Complex,pro,4.1,2,1.0,1.0,2.0
827,Complex,pro,4.1,5,2.0,1.0,6.0
827,Complex,pro,4.1,11,2.0,2.0,2.0
827,Complex,pro,4.1,12,1.0,1.0,1.0
827,Complex,pro,4.1,15,1.0,1.0,1.0
828,Option,haiku,pro,1,,,
828,Option,haiku,pro,2,,,
828,Option,haiku,pro,3,,,
828,Option,haiku,pro,4,,,
828,Option,haiku,pro,5,,,
828,Option,haiku,pro,6,,,
828,Option,haiku,pro,7,,,
828,Option,haiku,pro,8,,,
828,Option,haiku,pro,9,,,
828,Option,haiku,pro,10,,,
828,Option,haiku,pro,11,,,
828,Option,haiku,pro,12,,,
828,Option,haiku,pro,13,,,
828,Option,haiku,pro,14,,,
828,Option,haiku,pro,15,,,
828,Option,haiku,pro,16,,,
828,Option,haiku,pro,17,,,
828,Option,haiku,pro,18,,,
828,Option,haiku,pro,19,,,
828,Option,haiku,pro,20,,,
829,Option,4.1 mini,sonnet,12,,,
829,Option,4.1 mini,sonnet,13,,,
829,Option,4.1 mini,sonnet,19,,,
829,Option,4.1 mini,sonnet,20,,,
829,Option,4.1 mini,sonnet,1,1.0,1.0,1.0
829,Option,4.1 mini,sonnet,2,1.0,1.0,1.0
829,Option,4.1 mini,sonnet,3,,3.0,5.0
829,Option,4.1 mini,sonnet,4,,3.0,3.0
829,Option,4.1 mini,sonnet,5,,3.0,5.0
829,Option,4.1 mini,sonnet,6,,0.0,15.0
829,Option,4.1 mini,sonnet,7,,0.0,15.0
829,Option,4.1 mini,sonnet,8,,0.0,15.0
829,Option,4.1 mini,sonnet,9,1.0,1.0,1.0
829,Option,4.1 mini,sonnet,10,,3.0,6.0
829,Option,4.1 mini,sonnet,11,,2.0,14.0
829,Option,4.1 mini,sonnet,14,,3.0,6.0
829,Option,4.1 mini,sonnet,15,,3.0,6.0
829,Option,4.1 mini,sonnet,16,,2.0,10.0
829,Option,4.1 mini,sonnet,17,1.0,1.0,4.0
829,Option,4.1 mini,sonnet,18,,0.0,15.0
830,Option,4.1 mini,flash,6,,,
830,Option,4.1 mini,flash,10,,,
830,Option,4.1 mini,flash,13,,,
830,Option,4.1 mini,flash,14,,,
830,Option,4.1 mini,flash,17,,,
830,Option,4.1 mini,flash,18,,,
830,Option,4.1 mini,flash,19,,,
830,Option,4.1 mini,flash,20,,,
830,Option,4.1 mini,flash,1,1.0,1.0,1.0
830,Option,4.1 mini,flash,2,1.0,1.0,1.0
830,Option,4.1 mini,flash,3,1.0,1.0,3.0
830,Option,4.1 mini,flash,4,1.0,1.0,4.0
830,Option,4.1 mini,flash,5,,1.0,15.0
830,Option,4.1 mini,flash,7,1.0,1.0,2.0
830,Option,4.1 mini,flash,8,,3.0,5.0
830,Option,4.1 mini,flash,9,,2.0,7.0
830,Option,4.1 mini,flash,11,1.0,1.0,3.0
830,Option,4.1 mini,flash,12,,1.0,14.0
830,Option,4.1 mini,flash,15,,3.0,6.0
830,Option,4.1 mini,flash,16,1.0,1.0,3.0
831,Option,4.1 mini,pro,5,,,
831,Option,4.1 mini,pro,7,,,
831,Option,4.1 mini,pro,8,,,
831,Option,4.1 mini,pro,10,,,
831,Option,4.1 mini,pro,11,,,
831,Option,4.1 mini,pro,13,,,
831,Option,4.1 mini,pro,14,,,
831,Option,4.1 mini,pro,15,,,
831,Option,4.1 mini,pro,17,,,
831,Option,4.1 mini,pro,18,,,
831,Option,4.1 mini,pro,19,,,
831,Option,4.1 mini,pro,20,,,
831,Option,4.1 mini,pro,1,1.0,1.0,1.0
831,Option,4.1 mini,pro,2,1.0,1.0,1.0
831,Option,4.1 mini,pro,3,1.0,1.0,1.0
831,Option,4.1 mini,pro,4,1.0,1.0,1.0
831,Option,4.1 mini,pro,6,1.0,1.0,1.0
831,Option,4.1 mini,pro,9,1.0,1.0,1.0
831,Option,4.1 mini,pro,12,1.0,1.0,1.0
831,Option,4.1 mini,pro,16,1.0,1.0,1.0
832,Option,4.1,flash,1,1.0,1.0,1.0
832,Option,4.1,flash,2,1.0,1.0,1.0
832,Option,4.1,flash,3,1.0,1.0,1.0
832,Option,4.1,flash,4,1.0,1.0,2.0
832,Option,4.1,flash,5,,1.0,11.0
832,Option,4.1,flash,6,1.0,1.0,1.0
832,Option,4.1,flash,7,1.0,1.0,1.0
832,Option,4.1,flash,8,1.0,1.0,1.0
832,Option,4.1,flash,9,1.0,1.0,1.0
832,Option,4.1,flash,10,1.0,1.0,3.0
832,Option,4.1,flash,11,1.0,1.0,1.0
832,Option,4.1,flash,12,1.0,1.0,2.0
832,Option,4.1,flash,13,1.0,1.0,1.0
832,Option,4.1,flash,14,1.0,1.0,1.0
832,Option,4.1,flash,15,1.0,1.0,1.0
832,Option,4.1,flash,16,1.0,1.0,1.0
832,Option,4.1,flash,17,1.0,1.0,1.0
832,Option,4.1,flash,18,1.0,1.0,1.0
832,Option,4.1,flash,19,1.0,1.0,1.0
832,Option,4.1,flash,20,3.0,1.0,12.0
833,Option,4.1,pro,1,1.0,1.0,1.0
833,Option,4.1,pro,2,1.0,1.0,1.0
833,Option,4.1,pro,3,1.0,1.0,1.0
833,Option,4.1,pro,4,1.0,1.0,1.0
833,Option,4.1,pro,5,1.0,1.0,1.0
833,Option,4.1,pro,6,1.0,1.0,1.0
833,Option,4.1,pro,7,1.0,1.0,1.0
833,Option,4.1,pro,8,,3.0,5.0
833,Option,4.1,pro,9,1.0,1.0,1.0
833,Option,4.1,pro,10,1.0,1.0,2.0
833,Option,4.1,pro,11,1.0,1.0,1.0
833,Option,4.1,pro,12,,2.0,7.0
833,Option,4.1,pro,13,1.0,1.0,1.0
833,Option,4.1,pro,14,1.0,1.0,1.0
833,Option,4.1,pro,15,1.0,1.0,1.0
833,Option,4.1,pro,16,,3.0,4.0
833,Option,4.1,pro,17,1.0,1.0,1.0
833,Option,4.1,pro,18,1.0,1.0,1.0
833,Option,4.1,pro,19,,3.0,8.0
833,Option,4.1,pro,20,1.0,1.0,1.0
834,Option,flash,4.1,1,,,
834,Option,flash,4.1,2,,,
834,Option,flash,4.1,3,,,
834,Option,flash,4.1,4,,,
834,Option,flash,4.1,5,,,
834,Option,flash,4.1,6,,,
834,Option,flash,4.1,7,,,
834,Option,flash,4.1,8,,,
834,Option,flash,4.1,9,,,
834,Option,flash,4.1,10,,,
834,Option,flash,4.1,11,,,
834,Option,flash,4.1,12,,,
834,Option,flash,4.1,13,,,
834,Option,flash,4.1,14,,,
834,Option,flash,4.1,15,,,
834,Option,flash,4.1,16,,,
834,Option,flash,4.1,17,,,
834,Option,flash,4.1,18,,,
834,Option,flash,4.1,19,,,
834,Option,flash,4.1,20,,,
835,Option,flash,4.1 mini,1,,,
835,Option,flash,4.1 mini,2,,,
835,Option,flash,4.1 mini,3,,,
835,Option,flash,4.1 mini,4,,,
835,Option,flash,4.1 mini,5,,,
835,Option,flash,4.1 mini,6,,,
835,Option,flash,4.1 mini,7,,,
835,Option,flash,4.1 mini,8,,,
835,Option,flash,4.1 mini,9,,,
835,Option,flash,4.1 mini,10,,,
835,Option,flash,4.1 mini,11,,,
835,Option,flash,4.1 mini,12,,,
835,Option,flash,4.1 mini,13,,,
835,Option,flash,4.1 mini,14,,,
835,Option,flash,4.1 mini,15,,,
835,Option,flash,4.1 mini,16,,,
835,Option,flash,4.1 mini,17,,,
835,Option,flash,4.1 mini,18,,,
835,Option,flash,4.1 mini,19,,,
835,Option,flash,4.1 mini,20,,,
836,XmlElement,haiku,flash,4,,,
836,XmlElement,haiku,flash,7,,,
836,XmlElement,haiku,flash,9,,,
836,XmlElement,haiku,flash,14,,,
836,XmlElement,haiku,flash,16,,,
836,XmlElement,haiku,flash,19,,,
836,XmlElement,haiku,flash,20,,,
836,XmlElement,haiku,flash,1,1.0,1.0,1.0
836,XmlElement,haiku,flash,2,1.0,1.0,3.0
836,XmlElement,haiku,flash,3,,3.0,4.0
836,XmlElement,haiku,flash,5,1.0,1.0,1.0
836,XmlElement,haiku,flash,6,,3.0,4.0
836,XmlElement,haiku,flash,8,,3.0,4.0
836,XmlElement,haiku,flash,10,,3.0,8.0
836,XmlElement,haiku,flash,11,,3.0,3.0
836,XmlElement,haiku,flash,12,1.0,1.0,1.0
836,XmlElement,haiku,flash,13,,3.0,3.0
836,XmlElement,haiku,flash,15,,3.0,3.0
836,XmlElement,haiku,flash,17,,3.0,3.0
836,XmlElement,haiku,flash,18,,3.0,4.0
837,XmlElement,4.1,pro,9,,,
837,XmlElement,4.1,pro,12,,,
837,XmlElement,4.1,pro,16,,,
837,XmlElement,4.1,pro,17,,,
837,XmlElement,4.1,pro,19,,,
837,XmlElement,4.1,pro,20,,,
837,XmlElement,4.1,pro,1,1.0,1.0,2.0
837,XmlElement,4.1,pro,2,1.0,1.0,1.0
837,XmlElement,4.1,pro,3,,3.0,3.0
837,XmlElement,4.1,pro,4,1.0,1.0,1.0
837,XmlElement,4.1,pro,5,1.0,1.0,1.0
837,XmlElement,4.1,pro,6,1.0,1.0,1.0
837,XmlElement,4.1,pro,7,1.0,1.0,1.0
837,XmlElement,4.1,pro,8,,3.0,4.0
837,XmlElement,4.1,pro,10,1.0,1.0,1.0
837,XmlElement,4.1,pro,11,1.0,1.0,1.0
837,XmlElement,4.1,pro,13,1.0,1.0,1.0
837,XmlElement,4.1,pro,14,,0.0,15.0
837,XmlElement,4.1,pro,15,1.0,1.0,1.0
837,XmlElement,4.1,pro,18,,1.0,13.0
838,XmlElement,haiku,pro,5,,,
838,XmlElement,haiku,pro,6,,,
838,XmlElement,haiku,pro,7,,,
838,XmlElement,haiku,pro,10,,,
838,XmlElement,haiku,pro,11,,,
838,XmlElement,haiku,pro,14,,,
838,XmlElement,haiku,pro,17,,,
838,XmlElement,haiku,pro,18,,,
838,XmlElement,haiku,pro,19,,,
838,XmlElement,haiku,pro,20,,,
838,XmlElement,haiku,pro,1,1.0,1.0,1.0
838,XmlElement,haiku,pro,2,,3.0,5.0
838,XmlElement,haiku,pro,3,,3.0,4.0
838,XmlElement,haiku,pro,4,,0.0,15.0
838,XmlElement,haiku,pro,8,,3.0,3.0
838,XmlElement,haiku,pro,9,,3.0,3.0
838,XmlElement,haiku,pro,12,,0.0,15.0
838,XmlElement,haiku,pro,13,,0.0,15.0
838,XmlElement,haiku,pro,15,,3.0,6.0
838,XmlElement,haiku,pro,16,1.0,1.0,3.0
839,Option,flash,sonnet,1,,,
839,Option,flash,sonnet,2,,,
839,Option,flash,sonnet,3,,,
839,Option,flash,sonnet,4,,,
839,Option,flash,sonnet,5,,,
839,Option,flash,sonnet,6,,,
839,Option,flash,sonnet,7,,,
839,Option,flash,sonnet,8,,,
839,Option,flash,sonnet,9,,,
839,Option,flash,sonnet,10,,,
839,Option,flash,sonnet,11,,,
839,Option,flash,sonnet,12,,,
839,Option,flash,sonnet,13,,,
839,Option,flash,sonnet,14,,,
839,Option,flash,sonnet,15,,,
839,Option,flash,sonnet,16,,,
839,Option,flash,sonnet,17,,,
839,Option,flash,sonnet,18,,,
839,Option,flash,sonnet,19,,,
839,Option,flash,sonnet,20,,,
840,Option,flash,haiku,1,,,
840,Option,flash,haiku,2,,,
840,Option,flash,haiku,3,,,
840,Option,flash,haiku,4,,,
840,Option,flash,haiku,5,,,
840,Option,flash,haiku,6,,,
840,Option,flash,haiku,7,,,
840,Option,flash,haiku,8,,,
840,Option,flash,haiku,9,,,
840,Option,flash,haiku,10,,,
840,Option,flash,haiku,11,,,
840,Option,flash,haiku,12,,,
840,Option,flash,haiku,13,,,
840,Option,flash,haiku,14,,,
840,Option,flash,haiku,15,,,
840,Option,flash,haiku,16,,,
840,Option,flash,haiku,17,,,
840,Option,flash,haiku,18,,,
840,Option,flash,haiku,19,,,
840,Option,flash,haiku,20,,,
841,XmlElement,4.1,flash,15,,,
841,XmlElement,4.1,flash,16,,,
841,XmlElement,4.1,flash,18,,,
841,XmlElement,4.1,flash,19,,,
841,XmlElement,4.1,flash,20,,,
841,XmlElement,4.1,flash,1,,3.0,4.0
841,XmlElement,4.1,flash,2,1.0,1.0,1.0
841,XmlElement,4.1,flash,3,1.0,1.0,1.0
841,XmlElement,4.1,flash,4,1.0,1.0,4.0
841,XmlElement,4.1,flash,5,1.0,1.0,1.0
841,XmlElement,4.1,flash,6,1.0,1.0,1.0
841,XmlElement,4.1,flash,7,1.0,1.0,3.0
841,XmlElement,4.1,flash,8,1.0,1.0,1.0
841,XmlElement,4.1,flash,9,1.0,1.0,1.0
841,XmlElement,4.1,flash,10,1.0,1.0,1.0
841,XmlElement,4.1,flash,11,1.0,1.0,1.0
841,XmlElement,4.1,flash,12,1.0,1.0,4.0
841,XmlElement,4.1,flash,13,1.0,1.0,1.0
841,XmlElement,4.1,flash,14,1.0,1.0,1.0
841,XmlElement,4.1,flash,17,1.0,1.0,1.0
842,XmlElement,4.1 mini,flash,6,,,
842,XmlElement,4.1 mini,flash,7,,,
842,XmlElement,4.1 mini,flash,8,,,
842,XmlElement,4.1 mini,flash,11,,,
842,XmlElement,4.1 mini,flash,15,,,
842,XmlElement,4.1 mini,flash,17,,,
842,XmlElement,4.1 mini,flash,19,,,
842,XmlElement,4.1 mini,flash,20,,,
842,XmlElement,4.1 mini,flash,1,,0.0,15.0
842,XmlElement,4.1 mini,flash,2,1.0,1.0,2.0
842,XmlElement,4.1 mini,flash,3,1.0,1.0,5.0
842,XmlElement,4.1 mini,flash,4,1.0,1.0,1.0
842,XmlElement,4.1 mini,flash,5,1.0,1.0,1.0
842,XmlElement,4.1 mini,flash,9,3.0,1.0,12.0
842,XmlElement,4.1 mini,flash,10,1.0,1.0,2.0
842,XmlElement,4.1 mini,flash,12,,0.0,15.0
842,XmlElement,4.1 mini,flash,13,,3.0,5.0
842,XmlElement,4.1 mini,flash,14,1.0,1.0,1.0
842,XmlElement,4.1 mini,flash,16,1.0,1.0,1.0
842,XmlElement,4.1 mini,flash,18,,3.0,4.0
843,XmlElement,4.1 mini,pro,7,,,
843,XmlElement,4.1 mini,pro,8,,,
843,XmlElement,4.1 mini,pro,9,,,
843,XmlElement,4.1 mini,pro,11,,,
843,XmlElement,4.1 mini,pro,12,,,
843,XmlElement,4.1 mini,pro,14,,,
843,XmlElement,4.1 mini,pro,18,,,
843,XmlElement,4.1 mini,pro,19,,,
843,XmlElement,4.1 mini,pro,20,,,
843,XmlElement,4.1 mini,pro,1,,0.0,15.0
843,XmlElement,4.1 mini,pro,2,1.0,1.0,1.0
843,XmlElement,4.1 mini,pro,3,,0.0,15.0
843,XmlElement,4.1 mini,pro,4,1.0,1.0,1.0
843,XmlElement,4.1 mini,pro,5,1.0,1.0,1.0
843,XmlElement,4.1 mini,pro,6,1.0,1.0,1.0
843,XmlElement,4.1 mini,pro,10,1.0,1.0,1.0
843,XmlElement,4.1 mini,pro,13,1.0,1.0,5.0
843,XmlElement,4.1 mini,pro,15,1.0,1.0,1.0
843,XmlElement,4.1 mini,pro,16,1.0,1.0,2.0
843,XmlElement,4.1 mini,pro,17,,3.0,3.0
844,XmlElement,flash,haiku,1,,,
844,XmlElement,flash,haiku,2,,,
844,XmlElement,flash,haiku,3,,,
844,XmlElement,flash,haiku,4,,,
844,XmlElement,flash,haiku,6,,,
844,XmlElement,flash,haiku,8,,,
844,XmlElement,flash,haiku,9,,,
844,XmlElement,flash,haiku,10,,,
844,XmlElement,flash,haiku,11,,,
844,XmlElement,flash,haiku,12,,,
844,XmlElement,flash,haiku,13,,,
844,XmlElement,flash,haiku,15,,,
844,XmlElement,flash,haiku,16,,,
844,XmlElement,flash,haiku,17,,,
844,XmlElement,flash,haiku,18,,,
844,XmlElement,flash,haiku,19,,,
844,XmlElement,flash,haiku,20,,,
844,XmlElement,flash,haiku,5,1.0,1.0,1.0
844,XmlElement,flash,haiku,7,3.0,3.0,5.0
844,XmlElement,flash,haiku,14,,3.0,3.0
845,XmlElement,flash,sonnet,2,,,
845,XmlElement,flash,sonnet,3,,,
845,XmlElement,flash,sonnet,4,,,
845,XmlElement,flash,sonnet,5,,,
845,XmlElement,flash,sonnet,6,,,
845,XmlElement,flash,sonnet,7,,,
845,XmlElement,flash,sonnet,8,,,
845,XmlElement,flash,sonnet,9,,,
845,XmlElement,flash,sonnet,10,,,
845,XmlElement,flash,sonnet,11,,,
845,XmlElement,flash,sonnet,13,,,
845,XmlElement,flash,sonnet,14,,,
845,XmlElement,flash,sonnet,15,,,
845,XmlElement,flash,sonnet,17,,,
845,XmlElement,flash,sonnet,18,,,
845,XmlElement,flash,sonnet,1,3.0,1.0,11.0
845,XmlElement,flash,sonnet,12,1.0,1.0,1.0
845,XmlElement,flash,sonnet,16,1.0,1.0,2.0
845,XmlElement,flash,sonnet,19,1.0,1.0,3.0
845,XmlElement,flash,sonnet,20,,3.0,6.0
846,XmlElement,flash,4.1 mini,1,,,
846,XmlElement,flash,4.1 mini,2,,,
846,XmlElement,flash,4.1 mini,3,,,
846,XmlElement,flash,4.1 mini,4,,,
846,XmlElement,flash,4.1 mini,5,,,
846,XmlElement,flash,4.1 mini,7,,,
846,XmlElement,flash,4.1 mini,11,,,
846,XmlElement,flash,4.1 mini,14,,,
846,XmlElement,flash,4.1 mini,15,,,
846,XmlElement,flash,4.1 mini,16,,,
846,XmlElement,flash,4.1 mini,17,,,
846,XmlElement,flash,4.1 mini,18,,,
846,XmlElement,flash,4.1 mini,19,,,
846,XmlElement,flash,4.1 mini,20,,,
846,XmlElement,flash,4.1 mini,6,,3.0,3.0
846,XmlElement,flash,4.1 mini,8,,3.0,5.0
846,XmlElement,flash,4.1 mini,9,1.0,1.0,1.0
846,XmlElement,flash,4.1 mini,10,,3.0,4.0
846,XmlElement,flash,4.1 mini,12,1.0,1.0,1.0
846,XmlElement,flash,4.1 mini,13,,3.0,3.0
847,XmlElement,flash,4.1,1,,,
847,XmlElement,flash,4.1,3,,,
847,XmlElement,flash,4.1,4,,,
847,XmlElement,flash,4.1,5,,,
847,XmlElement,flash,4.1,7,,,
847,XmlElement,flash,4.1,8,,,
847,XmlElement,flash,4.1,11,,,
847,XmlElement,flash,4.1,12,,,
847,XmlElement,flash,4.1,13,,,
847,XmlElement,flash,4.1,14,,,
847,XmlElement,flash,4.1,15,,,
847,XmlElement,flash,4.1,16,,,
847,XmlElement,flash,4.1,17,,,
847,XmlElement,flash,4.1,19,,,
847,XmlElement,flash,4.1,20,,,
847,XmlElement,flash,4.1,2,1.0,1.0,1.0
847,XmlElement,flash,4.1,6,,3.0,3.0
847,XmlElement,flash,4.1,9,,3.0,4.0
847,XmlElement,flash,4.1,10,1.0,1.0,1.0
847,XmlElement,flash,4.1,18,,3.0,5.0
848,XmlElement,flash,flash,1,,,
848,XmlElement,flash,flash,2,,,
848,XmlElement,flash,flash,3,,,
848,XmlElement,flash,flash,4,,,
848,XmlElement,flash,flash,6,,,
848,XmlElement,flash,flash,7,,,
848,XmlElement,flash,flash,8,,,
848,XmlElement,flash,flash,9,,,
848,XmlElement,flash,flash,10,,,
848,XmlElement,flash,flash,12,,,
848,XmlElement,flash,flash,13,,,
848,XmlElement,flash,flash,14,,,
848,XmlElement,flash,flash,15,,,
848,XmlElement,flash,flash,17,,,
848,XmlElement,flash,flash,18,,,
848,XmlElement,flash,flash,5,1.0,1.0,1.0
848,XmlElement,flash,flash,11,1.0,1.0,1.0
848,XmlElement,flash,flash,16,1.0,1.0,1.0
848,XmlElement,flash,flash,19,,3.0,3.0
848,XmlElement,flash,flash,20,1.0,1.0,1.0
849,XmlElement,flash,pro,1,,,
849,XmlElement,flash,pro,2,,,
849,XmlElement,flash,pro,3,,,
849,XmlElement,flash,pro,5,,,
849,XmlElement,flash,pro,6,,,
849,XmlElement,flash,pro,7,,,
849,XmlElement,flash,pro,8,,,
849,XmlElement,flash,pro,9,,,
849,XmlElement,flash,pro,10,,,
849,XmlElement,flash,pro,12,,,
849,XmlElement,flash,pro,14,,,
849,XmlElement,flash,pro,15,,,
849,XmlElement,flash,pro,16,,,
849,XmlElement,flash,pro,17,,,
849,XmlElement,flash,pro,19,,,
849,XmlElement,flash,pro,20,,,
849,XmlElement,flash,pro,4,1.0,1.0,1.0
849,XmlElement,flash,pro,11,1.0,1.0,1.0
849,XmlElement,flash,pro,13,1.0,1.0,1.0
849,XmlElement,flash,pro,18,1.0,1.0,1.0
850,XmlElement,pro,haiku,2,,,
850,XmlElement,pro,haiku,3,,,
850,XmlElement,pro,haiku,5,,,
850,XmlElement,pro,haiku,6,,,
850,XmlElement,pro,haiku,7,,,
850,XmlElement,pro,haiku,8,,,
850,XmlElement,pro,haiku,9,,,
850,XmlElement,pro,haiku,10,,,
850,XmlElement,pro,haiku,11,,,
850,XmlElement,pro,haiku,12,,,
850,XmlElement,pro,haiku,13,,,
850,XmlElement,pro,haiku,14,,,
850,XmlElement,pro,haiku,15,,,
850,XmlElement,pro,haiku,16,,,
850,XmlElement,pro,haiku,17,,,
850,XmlElement,pro,haiku,18,,,
850,XmlElement,pro,haiku,19,,,
850,XmlElement,pro,haiku,20,,,
850,XmlElement,pro,haiku,1,,1.0,13.0
850,XmlElement,pro,haiku,4,,3.0,3.0
851,XmlElement,pro,sonnet,1,,,
851,XmlElement,pro,sonnet,3,,,
851,XmlElement,pro,sonnet,6,,,
851,XmlElement,pro,sonnet,7,,,
851,XmlElement,pro,sonnet,8,,,
851,XmlElement,pro,sonnet,9,,,
851,XmlElement,pro,sonnet,10,,,
851,XmlElement,pro,sonnet,11,,,
851,XmlElement,pro,sonnet,13,,,
851,XmlElement,pro,sonnet,14,,,
851,XmlElement,pro,sonnet,15,,,
851,XmlElement,pro,sonnet,16,,,
851,XmlElement,pro,sonnet,17,,,
851,XmlElement,pro,sonnet,18,,,
851,XmlElement,pro,sonnet,19,,,
851,XmlElement,pro,sonnet,20,,,
851,XmlElement,pro,sonnet,2,,0.0,15.0
851,XmlElement,pro,sonnet,4,,0.0,15.0
851,XmlElement,pro,sonnet,5,1.0,1.0,1.0
851,XmlElement,pro,sonnet,12,,3.0,8.0
852,XmlElement,pro,4.1 mini,1,,,
852,XmlElement,pro,4.1 mini,3,,,
852,XmlElement,pro,4.1 mini,4,,,
852,XmlElement,pro,4.1 mini,5,,,
852,XmlElement,pro,4.1 mini,6,,,
852,XmlElement,pro,4.1 mini,7,,,
852,XmlElement,pro,4.1 mini,8,,,
852,XmlElement,pro,4.1 mini,9,,,
852,XmlElement,pro,4.1 mini,10,,,
852,XmlElement,pro,4.1 mini,11,,,
852,XmlElement,pro,4.1 mini,12,,,
852,XmlElement,pro,4.1 mini,13,,,
852,XmlElement,pro,4.1 mini,14,,,
852,XmlElement,pro,4.1 mini,15,,,
852,XmlElement,pro,4.1 mini,16,,,
852,XmlElement,pro,4.1 mini,18,,,
852,XmlElement,pro,4.1 mini,19,,,
852,XmlElement,pro,4.1 mini,20,,,
852,XmlElement,pro,4.1 mini,2,,3.0,3.0
852,XmlElement,pro,4.1 mini,17,3.0,3.0,3.0
853,XmlElement,pro,4.1,1,,,
853,XmlElement,pro,4.1,2,,,
853,XmlElement,pro,4.1,3,,,
853,XmlElement,pro,4.1,4,,,
853,XmlElement,pro,4.1,6,,,
853,XmlElement,pro,4.1,10,,,
853,XmlElement,pro,4.1,11,,,
853,XmlElement,pro,4.1,12,,,
853,XmlElement,pro,4.1,13,,,
853,XmlElement,pro,4.1,14,,,
853,XmlElement,pro,4.1,15,,,
853,XmlElement,pro,4.1,16,,,
853,XmlElement,pro,4.1,17,,,
853,XmlElement,pro,4.1,18,,,
853,XmlElement,pro,4.1,19,,,
853,XmlElement,pro,4.1,20,,,
853,XmlElement,pro,4.1,5,2.0,2.0,2.0
853,XmlElement,pro,4.1,7,,3.0,4.0
853,XmlElement,pro,4.1,8,1.0,1.0,1.0
853,XmlElement,pro,4.1,9,,3.0,3.0
854,XmlElement,pro,pro,2,,,
854,XmlElement,pro,pro,4,,,
854,XmlElement,pro,pro,5,,,
854,XmlElement,pro,pro,6,,,
854,XmlElement,pro,pro,8,,,
854,XmlElement,pro,pro,9,,,
854,XmlElement,pro,pro,10,,,
854,XmlElement,pro,pro,11,,,
854,XmlElement,pro,pro,12,,,
854,XmlElement,pro,pro,13,,,
854,XmlElement,pro,pro,14,,,
854,XmlElement,pro,pro,15,,,
854,XmlElement,pro,pro,16,,,
854,XmlElement,pro,pro,17,,,
854,XmlElement,pro,pro,18,,,
854,XmlElement,pro,pro,19,,,
854,XmlElement,pro,pro,20,,,
854,XmlElement,pro,pro,1,1.0,1.0,4.0
854,XmlElement,pro,pro,3,1.0,1.0,1.0
854,XmlElement,pro,pro,7,1.0,1.0,1.0
855,XmlElement,pro,flash,1,,,
855,XmlElement,pro,flash,2,,,
855,XmlElement,pro,flash,3,,,
855,XmlElement,pro,flash,4,,,
855,XmlElement,pro,flash,6,,,
855,XmlElement,pro,flash,7,,,
855,XmlElement,pro,flash,8,,,
855,XmlElement,pro,flash,9,,,
855,XmlElement,pro,flash,10,,,
855,XmlElement,pro,flash,12,,,
855,XmlElement,pro,flash,13,,,
855,XmlElement,pro,flash,14,,,
855,XmlElement,pro,flash,15,,,
855,XmlElement,pro,flash,16,,,
855,XmlElement,pro,flash,17,,,
855,XmlElement,pro,flash,18,,,
855,XmlElement,pro,flash,19,,,
855,XmlElement,pro,flash,5,1.0,1.0,3.0
855,XmlElement,pro,flash,11,1.0,1.0,2.0
855,XmlElement,pro,flash,20,,3.0,3.0
856,SparseIntArray,4.1,pro,3,,,
856,SparseIntArray,4.1,pro,5,,,
856,SparseIntArray,4.1,pro,7,,,
856,SparseIntArray,4.1,pro,8,,,
856,SparseIntArray,4.1,pro,9,,,
856,SparseIntArray,4.1,pro,12,,,
856,SparseIntArray,4.1,pro,13,,,
856,SparseIntArray,4.1,pro,15,,,
856,SparseIntArray,4.1,pro,17,,,
856,SparseIntArray,4.1,pro,18,,,
856,SparseIntArray,4.1,pro,20,,,
856,SparseIntArray,4.1,pro,1,,2.0,10.0
856,SparseIntArray,4.1,pro,2,,3.0,4.0
856,SparseIntArray,4.1,pro,4,1.0,1.0,1.0
856,SparseIntArray,4.1,pro,6,1.0,1.0,1.0
856,SparseIntArray,4.1,pro,10,,3.0,4.0
856,SparseIntArray,4.1,pro,11,1.0,1.0,1.0
856,SparseIntArray,4.1,pro,14,1.0,1.0,1.0
856,SparseIntArray,4.1,pro,16,1.0,1.0,1.0
856,SparseIntArray,4.1,pro,19,1.0,1.0,1.0
857,SparseIntArray,4.1,flash,3,,,
857,SparseIntArray,4.1,flash,4,,,
857,SparseIntArray,4.1,flash,6,,,
857,SparseIntArray,4.1,flash,8,,,
857,SparseIntArray,4.1,flash,9,,,
857,SparseIntArray,4.1,flash,11,,,
857,SparseIntArray,4.1,flash,12,,,
857,SparseIntArray,4.1,flash,17,,,
857,SparseIntArray,4.1,flash,20,,,
857,SparseIntArray,4.1,flash,1,1.0,1.0,1.0
857,SparseIntArray,4.1,flash,2,1.0,1.0,1.0
857,SparseIntArray,4.1,flash,5,1.0,1.0,3.0
857,SparseIntArray,4.1,flash,7,2.0,1.0,6.0
857,SparseIntArray,4.1,flash,10,1.0,1.0,4.0
857,SparseIntArray,4.1,flash,13,,3.0,5.0
857,SparseIntArray,4.1,flash,14,,3.0,5.0
857,SparseIntArray,4.1,flash,15,1.0,1.0,1.0
857,SparseIntArray,4.1,flash,16,1.0,1.0,1.0
857,SparseIntArray,4.1,flash,18,1.0,1.0,1.0
857,SparseIntArray,4.1,flash,19,1.0,1.0,1.0
858,SparseIntArray,4.1 mini,flash,5,,,
858,SparseIntArray,4.1 mini,flash,10,,,
858,SparseIntArray,4.1 mini,flash,15,,,
858,SparseIntArray,4.1 mini,flash,16,,,
858,SparseIntArray,4.1 mini,flash,19,,,
858,SparseIntArray,4.1 mini,flash,20,,,
858,SparseIntArray,4.1 mini,flash,1,1.0,1.0,1.0
858,SparseIntArray,4.1 mini,flash,2,1.0,1.0,1.0
858,SparseIntArray,4.1 mini,flash,3,1.0,1.0,1.0
858,SparseIntArray,4.1 mini,flash,4,,1.0,13.0
858,SparseIntArray,4.1 mini,flash,6,,1.0,13.0
858,SparseIntArray,4.1 mini,flash,7,1.0,1.0,1.0
858,SparseIntArray,4.1 mini,flash,8,,0.0,15.0
858,SparseIntArray,4.1 mini,flash,9,1.0,1.0,3.0
858,SparseIntArray,4.1 mini,flash,11,,1.0,12.0
858,SparseIntArray,4.1 mini,flash,12,,0.0,15.0
858,SparseIntArray,4.1 mini,flash,13,1.0,1.0,1.0
858,SparseIntArray,4.1 mini,flash,14,,2.0,11.0
858,SparseIntArray,4.1 mini,flash,17,1.0,1.0,1.0
858,SparseIntArray,4.1 mini,flash,18,,1.0,15.0
859,SparseIntArray,haiku,flash,1,,,
859,SparseIntArray,haiku,flash,2,,,
859,SparseIntArray,haiku,flash,11,,,
859,SparseIntArray,haiku,flash,14,,,
859,SparseIntArray,haiku,flash,16,,,
859,SparseIntArray,haiku,flash,20,,,
859,SparseIntArray,haiku,flash,3,,3.0,7.0
859,SparseIntArray,haiku,flash,4,,3.0,9.0
859,SparseIntArray,haiku,flash,5,,0.0,15.0
859,SparseIntArray,haiku,flash,6,1.0,1.0,1.0
859,SparseIntArray,haiku,flash,7,1.0,1.0,1.0
859,SparseIntArray,haiku,flash,8,,3.0,3.0
859,SparseIntArray,haiku,flash,9,,0.0,15.0
859,SparseIntArray,haiku,flash,10,,0.0,15.0
859,SparseIntArray,haiku,flash,12,1.0,1.0,1.0
859,SparseIntArray,haiku,flash,13,1.0,1.0,1.0
859,SparseIntArray,haiku,flash,15,,3.0,9.0
859,SparseIntArray,haiku,flash,17,,3.0,4.0
859,SparseIntArray,haiku,flash,18,,3.0,10.0
859,SparseIntArray,haiku,flash,19,,3.0,4.0
860,SparseIntArray,flash,sonnet,3,,,
860,SparseIntArray,flash,sonnet,4,,,
860,SparseIntArray,flash,sonnet,5,,,
860,SparseIntArray,flash,sonnet,6,,,
860,SparseIntArray,flash,sonnet,7,,,
860,SparseIntArray,flash,sonnet,9,,,
860,SparseIntArray,flash,sonnet,10,,,
860,SparseIntArray,flash,sonnet,11,,,
860,SparseIntArray,flash,sonnet,12,,,
860,SparseIntArray,flash,sonnet,14,,,
860,SparseIntArray,flash,sonnet,16,,,
860,SparseIntArray,flash,sonnet,18,,,
860,SparseIntArray,flash,sonnet,19,,,
860,SparseIntArray,flash,sonnet,1,1.0,1.0,1.0
860,SparseIntArray,flash,sonnet,2,1.0,1.0,1.0
860,SparseIntArray,flash,sonnet,8,1.0,1.0,2.0
860,SparseIntArray,flash,sonnet,13,,2.0,12.0
860,SparseIntArray,flash,sonnet,15,,0.0,15.0
860,SparseIntArray,flash,sonnet,17,1.0,1.0,1.0
860,SparseIntArray,flash,sonnet,20,,0.0,15.0
861,SparseIntArray,flash,haiku,3,,,
861,SparseIntArray,flash,haiku,6,,,
861,SparseIntArray,flash,haiku,8,,,
861,SparseIntArray,flash,haiku,10,,,
861,SparseIntArray,flash,haiku,11,,,
861,SparseIntArray,flash,haiku,12,,,
861,SparseIntArray,flash,haiku,13,,,
861,SparseIntArray,flash,haiku,14,,,
861,SparseIntArray,flash,haiku,15,,,
861,SparseIntArray,flash,haiku,16,,,
861,SparseIntArray,flash,haiku,17,,,
861,SparseIntArray,flash,haiku,18,,,
861,SparseIntArray,flash,haiku,19,,,
861,SparseIntArray,flash,haiku,1,2.0,2.0,6.0
861,SparseIntArray,flash,haiku,2,2.0,1.0,8.0
861,SparseIntArray,flash,haiku,4,,3.0,6.0
861,SparseIntArray,flash,haiku,5,,3.0,7.0
861,SparseIntArray,flash,haiku,7,1.0,1.0,1.0
861,SparseIntArray,flash,haiku,9,1.0,1.0,2.0
861,SparseIntArray,flash,haiku,20,2.0,1.0,6.0
862,SparseIntArray,haiku,pro,7,,,
862,SparseIntArray,haiku,pro,8,,,
862,SparseIntArray,haiku,pro,9,,,
862,SparseIntArray,haiku,pro,11,,,
862,SparseIntArray,haiku,pro,12,,,
862,SparseIntArray,haiku,pro,16,,,
862,SparseIntArray,haiku,pro,18,,,
862,SparseIntArray,haiku,pro,19,,,
862,SparseIntArray,haiku,pro,20,,,
862,SparseIntArray,haiku,pro,1,1.0,1.0,1.0
862,SparseIntArray,haiku,pro,2,,3.0,3.0
862,SparseIntArray,haiku,pro,3,1.0,1.0,1.0
862,SparseIntArray,haiku,pro,4,,3.0,4.0
862,SparseIntArray,haiku,pro,5,1.0,1.0,1.0
862,SparseIntArray,haiku,pro,6,,2.0,9.0
862,SparseIntArray,haiku,pro,10,1.0,1.0,1.0
862,SparseIntArray,haiku,pro,13,1.0,1.0,2.0
862,SparseIntArray,haiku,pro,14,,0.0,15.0
862,SparseIntArray,haiku,pro,15,,1.0,11.0
862,SparseIntArray,haiku,pro,17,,2.0,8.0
863,SparseIntArray,4.1 mini,pro,13,,,
863,SparseIntArray,4.1 mini,pro,14,,,
863,SparseIntArray,4.1 mini,pro,16,,,
863,SparseIntArray,4.1 mini,pro,20,,,
863,SparseIntArray,4.1 mini,pro,1,,0.0,15.0
863,SparseIntArray,4.1 mini,pro,2,1.0,1.0,1.0
863,SparseIntArray,4.1 mini,pro,3,1.0,1.0,1.0
863,SparseIntArray,4.1 mini,pro,4,1.0,1.0,1.0
863,SparseIntArray,4.1 mini,pro,5,1.0,1.0,1.0
863,SparseIntArray,4.1 mini,pro,6,1.0,1.0,2.0
863,SparseIntArray,4.1 mini,pro,7,,0.0,15.0
863,SparseIntArray,4.1 mini,pro,8,,0.0,15.0
863,SparseIntArray,4.1 mini,pro,9,1.0,1.0,1.0
863,SparseIntArray,4.1 mini,pro,10,1.0,1.0,1.0
863,SparseIntArray,4.1 mini,pro,11,1.0,1.0,1.0
863,SparseIntArray,4.1 mini,pro,12,,3.0,10.0
863,SparseIntArray,4.1 mini,pro,15,,2.0,9.0
863,SparseIntArray,4.1 mini,pro,17,,3.0,3.0
863,SparseIntArray,4.1 mini,pro,18,,3.0,4.0
863,SparseIntArray,4.1 mini,pro,19,,2.0,10.0
864,SparseIntArray,flash,4.1 mini,3,,,
864,SparseIntArray,flash,4.1 mini,4,,,
864,SparseIntArray,flash,4.1 mini,5,,,
864,SparseIntArray,flash,4.1 mini,7,,,
864,SparseIntArray,flash,4.1 mini,8,,,
864,SparseIntArray,flash,4.1 mini,9,,,
864,SparseIntArray,flash,4.1 mini,12,,,
864,SparseIntArray,flash,4.1 mini,13,,,
864,SparseIntArray,flash,4.1 mini,14,,,
864,SparseIntArray,flash,4.1 mini,15,,,
864,SparseIntArray,flash,4.1 mini,16,,,
864,SparseIntArray,flash,4.1 mini,17,,,
864,SparseIntArray,flash,4.1 mini,18,,,
864,SparseIntArray,flash,4.1 mini,19,,,
864,SparseIntArray,flash,4.1 mini,20,,,
864,SparseIntArray,flash,4.1 mini,1,1.0,1.0,1.0
864,SparseIntArray,flash,4.1 mini,2,1.0,1.0,1.0
864,SparseIntArray,flash,4.1 mini,6,3.0,2.0,9.0
864,SparseIntArray,flash,4.1 mini,10,1.0,1.0,1.0
864,SparseIntArray,flash,4.1 mini,11,1.0,1.0,1.0
865,SparseIntArray,flash,4.1,4,,,
865,SparseIntArray,flash,4.1,7,,,
865,SparseIntArray,flash,4.1,8,,,
865,SparseIntArray,flash,4.1,11,,,
865,SparseIntArray,flash,4.1,12,,,
865,SparseIntArray,flash,4.1,13,,,
865,SparseIntArray,flash,4.1,14,,,
865,SparseIntArray,flash,4.1,15,,,
865,SparseIntArray,flash,4.1,16,,,
865,SparseIntArray,flash,4.1,17,,,
865,SparseIntArray,flash,4.1,18,,,
865,SparseIntArray,flash,4.1,19,,,
865,SparseIntArray,flash,4.1,20,,,
865,SparseIntArray,flash,4.1,1,1.0,1.0,1.0
865,SparseIntArray,flash,4.1,2,1.0,1.0,1.0
865,SparseIntArray,flash,4.1,3,1.0,1.0,1.0
865,SparseIntArray,flash,4.1,5,1.0,1.0,3.0
865,SparseIntArray,flash,4.1,6,1.0,1.0,4.0
865,SparseIntArray,flash,4.1,9,1.0,1.0,1.0
865,SparseIntArray,flash,4.1,10,1.0,1.0,1.0
866,SparseIntArray,flash,flash,4,,,
866,SparseIntArray,flash,flash,5,,,
866,SparseIntArray,flash,flash,6,,,
866,SparseIntArray,flash,flash,7,,,
866,SparseIntArray,flash,flash,9,,,
866,SparseIntArray,flash,flash,12,,,
866,SparseIntArray,flash,flash,15,,,
866,SparseIntArray,flash,flash,16,,,
866,SparseIntArray,flash,flash,17,,,
866,SparseIntArray,flash,flash,18,,,
866,SparseIntArray,flash,flash,20,,,
866,SparseIntArray,flash,flash,1,1.0,1.0,1.0
866,SparseIntArray,flash,flash,2,1.0,1.0,1.0
866,SparseIntArray,flash,flash,3,1.0,1.0,2.0
866,SparseIntArray,flash,flash,8,1.0,1.0,1.0
866,SparseIntArray,flash,flash,10,1.0,1.0,1.0
866,SparseIntArray,flash,flash,11,2.0,1.0,8.0
866,SparseIntArray,flash,flash,13,1.0,1.0,1.0
866,SparseIntArray,flash,flash,14,,0.0,15.0
866,SparseIntArray,flash,flash,19,1.0,1.0,1.0
867,SparseIntArray,flash,pro,1,,,
867,SparseIntArray,flash,pro,3,,,
867,SparseIntArray,flash,pro,4,,,
867,SparseIntArray,flash,pro,6,,,
867,SparseIntArray,flash,pro,7,,,
867,SparseIntArray,flash,pro,8,,,
867,SparseIntArray,flash,pro,9,,,
867,SparseIntArray,flash,pro,10,,,
867,SparseIntArray,flash,pro,11,,,
867,SparseIntArray,flash,pro,12,,,
867,SparseIntArray,flash,pro,13,,,
867,SparseIntArray,flash,pro,15,,,
867,SparseIntArray,flash,pro,16,,,
867,SparseIntArray,flash,pro,17,,,
867,SparseIntArray,flash,pro,18,,,
867,SparseIntArray,flash,pro,19,,,
867,SparseIntArray,flash,pro,20,,,
867,SparseIntArray,flash,pro,2,1.0,1.0,1.0
867,SparseIntArray,flash,pro,5,2.0,1.0,9.0
867,SparseIntArray,flash,pro,14,1.0,1.0,1.0
868,SparseIntArray,pro,haiku,1,,,
868,SparseIntArray,pro,haiku,2,,,
868,SparseIntArray,pro,haiku,3,,,
868,SparseIntArray,pro,haiku,4,,,
868,SparseIntArray,pro,haiku,8,,,
868,SparseIntArray,pro,haiku,9,,,
868,SparseIntArray,pro,haiku,10,,,
868,SparseIntArray,pro,haiku,11,,,
868,SparseIntArray,pro,haiku,12,,,
868,SparseIntArray,pro,haiku,13,,,
868,SparseIntArray,pro,haiku,14,,,
868,SparseIntArray,pro,haiku,16,,,
868,SparseIntArray,pro,haiku,17,,,
868,SparseIntArray,pro,haiku,19,,,
868,SparseIntArray,pro,haiku,20,,,
868,SparseIntArray,pro,haiku,5,,2.0,10.0
868,SparseIntArray,pro,haiku,6,3.0,3.0,5.0
868,SparseIntArray,pro,haiku,7,1.0,1.0,1.0
868,SparseIntArray,pro,haiku,15,1.0,1.0,1.0
868,SparseIntArray,pro,haiku,18,1.0,1.0,1.0
869,SparseIntArray,pro,sonnet,1,,,
869,SparseIntArray,pro,sonnet,2,,,
869,SparseIntArray,pro,sonnet,3,,,
869,SparseIntArray,pro,sonnet,4,,,
869,SparseIntArray,pro,sonnet,5,,,
869,SparseIntArray,pro,sonnet,6,,,
869,SparseIntArray,pro,sonnet,7,,,
869,SparseIntArray,pro,sonnet,9,,,
869,SparseIntArray,pro,sonnet,10,,,
869,SparseIntArray,pro,sonnet,11,,,
869,SparseIntArray,pro,sonnet,12,,,
869,SparseIntArray,pro,sonnet,13,,,
869,SparseIntArray,pro,sonnet,14,,,
869,SparseIntArray,pro,sonnet,15,,,
869,SparseIntArray,pro,sonnet,16,,,
869,SparseIntArray,pro,sonnet,17,,,
869,SparseIntArray,pro,sonnet,18,,,
869,SparseIntArray,pro,sonnet,19,,,
869,SparseIntArray,pro,sonnet,20,,,
869,SparseIntArray,pro,sonnet,8,1.0,1.0,1.0
871,SparseIntArray,pro,4.1,2,,,
871,SparseIntArray,pro,4.1,3,,,
871,SparseIntArray,pro,4.1,4,,,
871,SparseIntArray,pro,4.1,5,,,
871,SparseIntArray,pro,4.1,6,,,
871,SparseIntArray,pro,4.1,7,,,
871,SparseIntArray,pro,4.1,8,,,
871,SparseIntArray,pro,4.1,9,,,
871,SparseIntArray,pro,4.1,10,,,
871,SparseIntArray,pro,4.1,11,,,
871,SparseIntArray,pro,4.1,12,,,
871,SparseIntArray,pro,4.1,13,,,
871,SparseIntArray,pro,4.1,14,,,
871,SparseIntArray,pro,4.1,15,,,
871,SparseIntArray,pro,4.1,16,,,
871,SparseIntArray,pro,4.1,17,,,
871,SparseIntArray,pro,4.1,19,,,
871,SparseIntArray,pro,4.1,1,1.0,1.0,1.0
871,SparseIntArray,pro,4.1,18,1.0,1.0,1.0
871,SparseIntArray,pro,4.1,20,1.0,1.0,1.0
872,SparseIntArray,pro,flash,1,,,
872,SparseIntArray,pro,flash,2,,,
872,SparseIntArray,pro,flash,3,,,
872,SparseIntArray,pro,flash,4,,,
872,SparseIntArray,pro,flash,5,,,
872,SparseIntArray,pro,flash,6,,,
872,SparseIntArray,pro,flash,7,,,
872,SparseIntArray,pro,flash,10,,,
872,SparseIntArray,pro,flash,11,,,
872,SparseIntArray,pro,flash,12,,,
872,SparseIntArray,pro,flash,13,,,
872,SparseIntArray,pro,flash,14,,,
872,SparseIntArray,pro,flash,15,,,
872,SparseIntArray,pro,flash,16,,,
872,SparseIntArray,pro,flash,17,,,
872,SparseIntArray,pro,flash,18,,,
872,SparseIntArray,pro,flash,19,,,
872,SparseIntArray,pro,flash,20,,,
872,SparseIntArray,pro,flash,8,1.0,1.0,1.0
872,SparseIntArray,pro,flash,9,1.0,1.0,5.0
873,SparseIntArray,pro,pro,1,,,
873,SparseIntArray,pro,pro,3,,,
873,SparseIntArray,pro,pro,4,,,
873,SparseIntArray,pro,pro,5,,,
873,SparseIntArray,pro,pro,6,,,
873,SparseIntArray,pro,pro,7,,,
873,SparseIntArray,pro,pro,8,,,
873,SparseIntArray,pro,pro,9,,,
873,SparseIntArray,pro,pro,10,,,
873,SparseIntArray,pro,pro,11,,,
873,SparseIntArray,pro,pro,12,,,
873,SparseIntArray,pro,pro,13,,,
873,SparseIntArray,pro,pro,14,,,
873,SparseIntArray,pro,pro,15,,,
873,SparseIntArray,pro,pro,16,,,
873,SparseIntArray,pro,pro,18,,,
873,SparseIntArray,pro,pro,19,,,
873,SparseIntArray,pro,pro,20,,,
873,SparseIntArray,pro,pro,2,1.0,1.0,1.0
873,SparseIntArray,pro,pro,17,1.0,1.0,1.0
874,IntHashMap,haiku,flash,1,,,
874,IntHashMap,haiku,flash,2,,,
874,IntHashMap,haiku,flash,10,,,
874,IntHashMap,haiku,flash,12,,,
874,IntHashMap,haiku,flash,13,,,
874,IntHashMap,haiku,flash,14,,,
874,IntHashMap,haiku,flash,15,,,
874,IntHashMap,haiku,flash,16,,,
874,IntHashMap,haiku,flash,17,,,
874,IntHashMap,haiku,flash,18,,,
874,IntHashMap,haiku,flash,19,,,
874,IntHashMap,haiku,flash,20,,,
874,IntHashMap,haiku,flash,3,,0.0,15.0
874,IntHashMap,haiku,flash,4,,0.0,15.0
874,IntHashMap,haiku,flash,5,,0.0,15.0
874,IntHashMap,haiku,flash,6,,1.0,14.0
874,IntHashMap,haiku,flash,7,,1.0,14.0
874,IntHashMap,haiku,flash,8,,0.0,15.0
874,IntHashMap,haiku,flash,9,1.0,1.0,2.0
874,IntHashMap,haiku,flash,11,2.0,2.0,4.0
875,IntHashMap,haiku,pro,1,,,
875,IntHashMap,haiku,pro,11,,,
875,IntHashMap,haiku,pro,12,,,
875,IntHashMap,haiku,pro,13,,,
875,IntHashMap,haiku,pro,18,,,
875,IntHashMap,haiku,pro,19,,,
875,IntHashMap,haiku,pro,2,,0.0,15.0
875,IntHashMap,haiku,pro,3,,0.0,15.0
875,IntHashMap,haiku,pro,4,,0.0,15.0
875,IntHashMap,haiku,pro,5,,1.0,13.0
875,IntHashMap,haiku,pro,6,,0.0,15.0
875,IntHashMap,haiku,pro,7,,0.0,15.0
875,IntHashMap,haiku,pro,8,,2.0,12.0
875,IntHashMap,haiku,pro,9,,0.0,15.0
875,IntHashMap,haiku,pro,10,1.0,1.0,1.0
875,IntHashMap,haiku,pro,14,,0.0,15.0
875,IntHashMap,haiku,pro,15,,1.0,11.0
875,IntHashMap,haiku,pro,16,,0.0,15.0
875,IntHashMap,haiku,pro,17,,0.0,15.0
875,IntHashMap,haiku,pro,20,,0.0,15.0
876,IntHashMap,4.1 mini,flash,13,,,
876,IntHashMap,4.1 mini,flash,14,,,
876,IntHashMap,4.1 mini,flash,1,1.0,1.0,1.0
876,IntHashMap,4.1 mini,flash,2,1.0,1.0,1.0
876,IntHashMap,4.1 mini,flash,3,,2.0,12.0
876,IntHashMap,4.1 mini,flash,4,,0.0,15.0
876,IntHashMap,4.1 mini,flash,5,,3.0,8.0
876,IntHashMap,4.1 mini,flash,6,,0.0,15.0
876,IntHashMap,4.1 mini,flash,7,,1.0,14.0
876,IntHashMap,4.1 mini,flash,8,2.0,1.0,6.0
876,IntHashMap,4.1 mini,flash,9,2.0,1.0,7.0
876,IntHashMap,4.1 mini,flash,10,,1.0,12.0
876,IntHashMap,4.1 mini,flash,11,,0.0,15.0
876,IntHashMap,4.1 mini,flash,12,2.0,1.0,9.0
876,IntHashMap,4.1 mini,flash,15,,0.0,15.0
876,IntHashMap,4.1 mini,flash,16,2.0,1.0,10.0
876,IntHashMap,4.1 mini,flash,17,,0.0,15.0
876,IntHashMap,4.1 mini,flash,18,1.0,1.0,1.0
876,IntHashMap,4.1 mini,flash,19,1.0,1.0,5.0
876,IntHashMap,4.1 mini,flash,20,,0.0,15.0
877,IntHashMap,4.1 mini,pro,9,,,
877,IntHashMap,4.1 mini,pro,10,,,
877,IntHashMap,4.1 mini,pro,18,,,
877,IntHashMap,4.1 mini,pro,20,,,
877,IntHashMap,4.1 mini,pro,1,1.0,1.0,1.0
877,IntHashMap,4.1 mini,pro,2,1.0,1.0,1.0
877,IntHashMap,4.1 mini,pro,3,,0.0,15.0
877,IntHashMap,4.1 mini,pro,4,,0.0,15.0
877,IntHashMap,4.1 mini,pro,5,3.0,1.0,13.0
877,IntHashMap,4.1 mini,pro,6,,0.0,15.0
877,IntHashMap,4.1 mini,pro,7,1.0,1.0,1.0
877,IntHashMap,4.1 mini,pro,8,,0.0,15.0
877,IntHashMap,4.1 mini,pro,11,,0.0,15.0
877,IntHashMap,4.1 mini,pro,12,1.0,1.0,1.0
877,IntHashMap,4.1 mini,pro,13,,0.0,15.0
877,IntHashMap,4.1 mini,pro,14,,0.0,15.0
877,IntHashMap,4.1 mini,pro,15,1.0,1.0,1.0
877,IntHashMap,4.1 mini,pro,16,,0.0,15.0
877,IntHashMap,4.1 mini,pro,17,,0.0,15.0
877,IntHashMap,4.1 mini,pro,19,1.0,1.0,1.0
878,IntHashMap,4.1,flash,20,,,
878,IntHashMap,4.1,flash,1,1.0,1.0,1.0
878,IntHashMap,4.1,flash,2,2.0,2.0,2.0
878,IntHashMap,4.1,flash,3,1.0,1.0,1.0
878,IntHashMap,4.1,flash,4,1.0,1.0,1.0
878,IntHashMap,4.1,flash,5,1.0,1.0,1.0
878,IntHashMap,4.1,flash,6,1.0,1.0,1.0
878,IntHashMap,4.1,flash,7,,0.0,15.0
878,IntHashMap,4.1,flash,8,1.0,1.0,1.0
878,IntHashMap,4.1,flash,9,,3.0,5.0
878,IntHashMap,4.1,flash,10,1.0,1.0,1.0
878,IntHashMap,4.1,flash,11,1.0,1.0,1.0
878,IntHashMap,4.1,flash,12,,1.0,14.0
878,IntHashMap,4.1,flash,13,,2.0,13.0
878,IntHashMap,4.1,flash,14,1.0,1.0,2.0
878,IntHashMap,4.1,flash,15,,2.0,9.0
878,IntHashMap,4.1,flash,16,1.0,1.0,1.0
878,IntHashMap,4.1,flash,17,,3.0,4.0
878,IntHashMap,4.1,flash,18,1.0,1.0,3.0
878,IntHashMap,4.1,flash,19,,0.0,15.0
879,IntHashMap,4.1,pro,10,,,
879,IntHashMap,4.1,pro,14,,,
879,IntHashMap,4.1,pro,19,,,
879,IntHashMap,4.1,pro,20,,,
879,IntHashMap,4.1,pro,1,,0.0,15.0
879,IntHashMap,4.1,pro,2,,0.0,15.0
879,IntHashMap,4.1,pro,3,1.0,1.0,1.0
879,IntHashMap,4.1,pro,4,1.0,1.0,1.0
879,IntHashMap,4.1,pro,5,1.0,1.0,1.0
879,IntHashMap,4.1,pro,6,1.0,1.0,1.0
879,IntHashMap,4.1,pro,7,1.0,1.0,1.0
879,IntHashMap,4.1,pro,8,1.0,1.0,1.0
879,IntHashMap,4.1,pro,9,1.0,1.0,3.0
879,IntHashMap,4.1,pro,11,,0.0,15.0
879,IntHashMap,4.1,pro,12,1.0,1.0,1.0
879,IntHashMap,4.1,pro,13,1.0,1.0,1.0
879,IntHashMap,4.1,pro,15,,3.0,10.0
879,IntHashMap,4.1,pro,16,1.0,1.0,1.0
879,IntHashMap,4.1,pro,17,,0.0,15.0
879,IntHashMap,4.1,pro,18,,0.0,15.0
880,IntHashMap,flash,haiku,2,,,
880,IntHashMap,flash,haiku,3,,,
880,IntHashMap,flash,haiku,6,,,
880,IntHashMap,flash,haiku,17,,,
880,IntHashMap,flash,haiku,18,,,
880,IntHashMap,flash,haiku,19,,,
880,IntHashMap,flash,haiku,20,,,
880,IntHashMap,flash,haiku,1,,3.0,12.0
880,IntHashMap,flash,haiku,4,2.0,1.0,10.0
880,IntHashMap,flash,haiku,5,,2.0,10.0
880,IntHashMap,flash,haiku,7,,2.0,7.0
880,IntHashMap,flash,haiku,8,,0.0,15.0
880,IntHashMap,flash,haiku,9,,1.0,11.0
880,IntHashMap,flash,haiku,10,1.0,1.0,1.0
880,IntHashMap,flash,haiku,11,,1.0,11.0
880,IntHashMap,flash,haiku,12,,0.0,15.0
880,IntHashMap,flash,haiku,13,,1.0,13.0
880,IntHashMap,flash,haiku,14,,1.0,11.0
880,IntHashMap,flash,haiku,15,1.0,1.0,1.0
880,IntHashMap,flash,haiku,16,,3.0,5.0
881,IntHashMap,flash,sonnet,5,,,
881,IntHashMap,flash,sonnet,15,,,
881,IntHashMap,flash,sonnet,16,,,
881,IntHashMap,flash,sonnet,18,,,
881,IntHashMap,flash,sonnet,19,,,
881,IntHashMap,flash,sonnet,20,,,
881,IntHashMap,flash,sonnet,1,1.0,1.0,1.0
881,IntHashMap,flash,sonnet,2,,2.0,11.0
881,IntHashMap,flash,sonnet,3,,1.0,12.0
881,IntHashMap,flash,sonnet,4,2.0,1.0,6.0
881,IntHashMap,flash,sonnet,6,,0.0,15.0
881,IntHashMap,flash,sonnet,7,1.0,1.0,1.0
881,IntHashMap,flash,sonnet,8,,0.0,15.0
881,IntHashMap,flash,sonnet,9,,0.0,15.0
881,IntHashMap,flash,sonnet,10,,0.0,15.0
881,IntHashMap,flash,sonnet,11,,0.0,15.0
881,IntHashMap,flash,sonnet,12,,0.0,15.0
881,IntHashMap,flash,sonnet,13,,0.0,15.0
881,IntHashMap,flash,sonnet,14,1.0,1.0,2.0
881,IntHashMap,flash,sonnet,17,,0.0,15.0
882,IntHashMap,flash,4.1 mini,5,,,
882,IntHashMap,flash,4.1 mini,14,,,
882,IntHashMap,flash,4.1 mini,16,,,
882,IntHashMap,flash,4.1 mini,17,,,
882,IntHashMap,flash,4.1 mini,18,,,
882,IntHashMap,flash,4.1 mini,19,,,
882,IntHashMap,flash,4.1 mini,20,,,
882,IntHashMap,flash,4.1 mini,1,1.0,1.0,1.0
882,IntHashMap,flash,4.1 mini,2,2.0,2.0,2.0
882,IntHashMap,flash,4.1 mini,3,,3.0,6.0
882,IntHashMap,flash,4.1 mini,4,,2.0,11.0
882,IntHashMap,flash,4.1 mini,6,,3.0,4.0
882,IntHashMap,flash,4.1 mini,7,1.0,1.0,2.0
882,IntHashMap,flash,4.1 mini,8,,3.0,3.0
882,IntHashMap,flash,4.1 mini,9,,3.0,3.0
882,IntHashMap,flash,4.1 mini,10,,2.0,11.0
882,IntHashMap,flash,4.1 mini,11,1.0,1.0,1.0
882,IntHashMap,flash,4.1 mini,12,,3.0,4.0
882,IntHashMap,flash,4.1 mini,13,,3.0,3.0
882,IntHashMap,flash,4.1 mini,15,,3.0,3.0
883,IntHashMap,flash,4.1,5,,,
883,IntHashMap,flash,4.1,7,,,
883,IntHashMap,flash,4.1,8,,,
883,IntHashMap,flash,4.1,17,,,
883,IntHashMap,flash,4.1,18,,,
883,IntHashMap,flash,4.1,19,,,
883,IntHashMap,flash,4.1,20,,,
883,IntHashMap,flash,4.1,1,1.0,1.0,1.0
883,IntHashMap,flash,4.1,2,,3.0,3.0
883,IntHashMap,flash,4.1,3,1.0,1.0,4.0
883,IntHashMap,flash,4.1,4,1.0,1.0,1.0
883,IntHashMap,flash,4.1,6,,3.0,3.0
883,IntHashMap,flash,4.1,9,2.0,1.0,10.0
883,IntHashMap,flash,4.1,10,,1.0,14.0
883,IntHashMap,flash,4.1,11,1.0,1.0,1.0
883,IntHashMap,flash,4.1,12,,0.0,15.0
883,IntHashMap,flash,4.1,13,,2.0,7.0
883,IntHashMap,flash,4.1,14,,3.0,7.0
883,IntHashMap,flash,4.1,15,,2.0,13.0
883,IntHashMap,flash,4.1,16,,1.0,14.0
890,ByteVector,haiku,flash,1,,,
890,ByteVector,haiku,flash,2,,,
890,ByteVector,haiku,flash,3,,,
890,ByteVector,haiku,flash,4,,,
890,ByteVector,haiku,flash,6,,,
890,ByteVector,haiku,flash,7,,,
890,ByteVector,haiku,flash,8,,,
890,ByteVector,haiku,flash,9,,,
890,ByteVector,haiku,flash,10,,,
890,ByteVector,haiku,flash,11,,,
890,ByteVector,haiku,flash,12,,,
890,ByteVector,haiku,flash,13,,,
890,ByteVector,haiku,flash,14,,,
890,ByteVector,haiku,flash,15,,,
890,ByteVector,haiku,flash,16,,,
890,ByteVector,haiku,flash,17,,,
890,ByteVector,haiku,flash,18,,,
890,ByteVector,haiku,flash,19,,,
890,ByteVector,haiku,flash,20,,,
890,ByteVector,haiku,flash,5,1.0,1.0,2.0
894,ByteVector,haiku,pro,1,,,
894,ByteVector,haiku,pro,2,,,
894,ByteVector,haiku,pro,3,,,
894,ByteVector,haiku,pro,4,,,
894,ByteVector,haiku,pro,5,,,
894,ByteVector,haiku,pro,6,,,
894,ByteVector,haiku,pro,7,,,
894,ByteVector,haiku,pro,8,,,
894,ByteVector,haiku,pro,9,,,
894,ByteVector,haiku,pro,10,,,
894,ByteVector,haiku,pro,11,,,
894,ByteVector,haiku,pro,12,,,
894,ByteVector,haiku,pro,13,,,
894,ByteVector,haiku,pro,14,,,
894,ByteVector,haiku,pro,15,,,
894,ByteVector,haiku,pro,16,,,
894,ByteVector,haiku,pro,17,,,
894,ByteVector,haiku,pro,18,,,
894,ByteVector,haiku,pro,19,,,
894,ByteVector,haiku,pro,20,,,
895,ByteVector,4.1 mini,flash,1,,,
895,ByteVector,4.1 mini,flash,2,,,
895,ByteVector,4.1 mini,flash,3,,,
895,ByteVector,4.1 mini,flash,4,,,
895,ByteVector,4.1 mini,flash,5,,,
895,ByteVector,4.1 mini,flash,6,,,
895,ByteVector,4.1 mini,flash,7,,,
895,ByteVector,4.1 mini,flash,8,,,
895,ByteVector,4.1 mini,flash,9,,,
895,ByteVector,4.1 mini,flash,10,,,
895,ByteVector,4.1 mini,flash,11,,,
895,ByteVector,4.1 mini,flash,12,,,
895,ByteVector,4.1 mini,flash,13,,,
895,ByteVector,4.1 mini,flash,14,,,
895,ByteVector,4.1 mini,flash,15,,,
895,ByteVector,4.1 mini,flash,16,,,
895,ByteVector,4.1 mini,flash,17,,,
895,ByteVector,4.1 mini,flash,18,,,
895,ByteVector,4.1 mini,flash,19,,,
895,ByteVector,4.1 mini,flash,20,,,
914,CaseInsensitiveString,haiku,flash,9,,,
914,CaseInsensitiveString,haiku,flash,10,,,
914,CaseInsensitiveString,haiku,flash,11,,,
914,CaseInsensitiveString,haiku,flash,18,,,
914,CaseInsensitiveString,haiku,flash,19,,,
914,CaseInsensitiveString,haiku,flash,20,,,
914,CaseInsensitiveString,haiku,flash,1,1.0,1.0,4.0
914,CaseInsensitiveString,haiku,flash,2,1.0,1.0,1.0
914,CaseInsensitiveString,haiku,flash,3,3.0,2.0,7.0
914,CaseInsensitiveString,haiku,flash,4,1.0,1.0,1.0
914,CaseInsensitiveString,haiku,flash,5,1.0,1.0,1.0
914,CaseInsensitiveString,haiku,flash,6,,0.0,15.0
914,CaseInsensitiveString,haiku,flash,7,,2.0,8.0
914,CaseInsensitiveString,haiku,flash,8,,0.0,15.0
914,CaseInsensitiveString,haiku,flash,12,,3.0,3.0
914,CaseInsensitiveString,haiku,flash,13,1.0,1.0,2.0
914,CaseInsensitiveString,haiku,flash,14,1.0,1.0,5.0
914,CaseInsensitiveString,haiku,flash,15,1.0,1.0,1.0
914,CaseInsensitiveString,haiku,flash,16,,1.0,11.0
914,CaseInsensitiveString,haiku,flash,17,,0.0,15.0
915,CharRange,4.1,pro,3,,,
915,CharRange,4.1,pro,4,,,
915,CharRange,4.1,pro,5,,,
915,CharRange,4.1,pro,6,,,
915,CharRange,4.1,pro,7,,,
915,CharRange,4.1,pro,8,,,
915,CharRange,4.1,pro,9,,,
915,CharRange,4.1,pro,10,,,
915,CharRange,4.1,pro,11,,,
915,CharRange,4.1,pro,12,,,
915,CharRange,4.1,pro,13,,,
915,CharRange,4.1,pro,14,,,
915,CharRange,4.1,pro,15,,,
915,CharRange,4.1,pro,16,,,
915,CharRange,4.1,pro,17,,,
915,CharRange,4.1,pro,18,,,
915,CharRange,4.1,pro,19,,,
915,CharRange,4.1,pro,20,,,
915,CharRange,4.1,pro,1,1.0,1.0,1.0
915,CharRange,4.1,pro,2,1.0,1.0,1.0
916,CharRange,4.1,flash,2,,,
916,CharRange,4.1,flash,3,,,
916,CharRange,4.1,flash,4,,,
916,CharRange,4.1,flash,5,,,
916,CharRange,4.1,flash,6,,,
916,CharRange,4.1,flash,8,,,
916,CharRange,4.1,flash,11,,,
916,CharRange,4.1,flash,12,,,
916,CharRange,4.1,flash,13,,,
916,CharRange,4.1,flash,14,,,
916,CharRange,4.1,flash,15,,,
916,CharRange,4.1,flash,16,,,
916,CharRange,4.1,flash,17,,,
916,CharRange,4.1,flash,18,,,
916,CharRange,4.1,flash,19,,,
916,CharRange,4.1,flash,20,,,
916,CharRange,4.1,flash,1,1.0,1.0,1.0
916,CharRange,4.1,flash,7,1.0,1.0,1.0
916,CharRange,4.1,flash,9,1.0,1.0,1.0
916,CharRange,4.1,flash,10,1.0,1.0,1.0
917,ByteVector,4.1,flash,1,,,
917,ByteVector,4.1,flash,2,,,
917,ByteVector,4.1,flash,3,,,
917,ByteVector,4.1,flash,4,,,
917,ByteVector,4.1,flash,5,,,
917,ByteVector,4.1,flash,6,,,
917,ByteVector,4.1,flash,7,,,
917,ByteVector,4.1,flash,8,,,
917,ByteVector,4.1,flash,9,,,
917,ByteVector,4.1,flash,10,,,
917,ByteVector,4.1,flash,11,,,
917,ByteVector,4.1,flash,12,,,
917,ByteVector,4.1,flash,13,,,
917,ByteVector,4.1,flash,14,,,
917,ByteVector,4.1,flash,15,,,
917,ByteVector,4.1,flash,16,,,
917,ByteVector,4.1,flash,17,,,
917,ByteVector,4.1,flash,18,,,
917,ByteVector,4.1,flash,19,,,
917,ByteVector,4.1,flash,20,,,
918,CharRange,4.1 mini,pro,2,,,
918,CharRange,4.1 mini,pro,3,,,
918,CharRange,4.1 mini,pro,4,,,
918,CharRange,4.1 mini,pro,5,,,
918,CharRange,4.1 mini,pro,7,,,
918,CharRange,4.1 mini,pro,9,,,
918,CharRange,4.1 mini,pro,12,,,
918,CharRange,4.1 mini,pro,13,,,
918,CharRange,4.1 mini,pro,14,,,
918,CharRange,4.1 mini,pro,15,,,
918,CharRange,4.1 mini,pro,16,,,
918,CharRange,4.1 mini,pro,17,,,
918,CharRange,4.1 mini,pro,18,,,
918,CharRange,4.1 mini,pro,19,,,
918,CharRange,4.1 mini,pro,20,,,
918,CharRange,4.1 mini,pro,1,1.0,1.0,2.0
918,CharRange,4.1 mini,pro,6,1.0,1.0,1.0
918,CharRange,4.1 mini,pro,8,1.0,1.0,1.0
918,CharRange,4.1 mini,pro,10,1.0,1.0,5.0
918,CharRange,4.1 mini,pro,11,1.0,1.0,1.0
920,CharRange,haiku,flash,4,,,
920,CharRange,haiku,flash,5,,,
920,CharRange,haiku,flash,9,,,
920,CharRange,haiku,flash,10,,,
920,CharRange,haiku,flash,11,,,
920,CharRange,haiku,flash,12,,,
920,CharRange,haiku,flash,14,,,
920,CharRange,haiku,flash,15,,,
920,CharRange,haiku,flash,20,,,
920,CharRange,haiku,flash,1,1.0,1.0,1.0
920,CharRange,haiku,flash,2,1.0,1.0,1.0
920,CharRange,haiku,flash,3,1.0,1.0,1.0
920,CharRange,haiku,flash,6,1.0,1.0,1.0
920,CharRange,haiku,flash,7,1.0,1.0,1.0
920,CharRange,haiku,flash,8,1.0,1.0,1.0
920,CharRange,haiku,flash,13,1.0,1.0,1.0
920,CharRange,haiku,flash,16,1.0,1.0,2.0
920,CharRange,haiku,flash,17,,3.0,5.0
920,CharRange,haiku,flash,18,1.0,1.0,1.0
920,CharRange,haiku,flash,19,1.0,1.0,1.0
921,CharRange,4.1 mini,flash,5,,,
921,CharRange,4.1 mini,flash,6,,,
921,CharRange,4.1 mini,flash,7,,,
921,CharRange,4.1 mini,flash,8,,,
921,CharRange,4.1 mini,flash,9,,,
921,CharRange,4.1 mini,flash,10,,,
921,CharRange,4.1 mini,flash,11,,,
921,CharRange,4.1 mini,flash,12,,,
921,CharRange,4.1 mini,flash,13,,,
921,CharRange,4.1 mini,flash,14,,,
921,CharRange,4.1 mini,flash,15,,,
921,CharRange,4.1 mini,flash,17,,,
921,CharRange,4.1 mini,flash,18,,,
921,CharRange,4.1 mini,flash,19,,,
921,CharRange,4.1 mini,flash,20,,,
921,CharRange,4.1 mini,flash,1,1.0,1.0,1.0
921,CharRange,4.1 mini,flash,2,1.0,1.0,1.0
921,CharRange,4.1 mini,flash,3,1.0,1.0,1.0
921,CharRange,4.1 mini,flash,4,1.0,1.0,1.0
921,CharRange,4.1 mini,flash,16,1.0,1.0,1.0
922,ByteVector,4.1,pro,1,,,
922,ByteVector,4.1,pro,2,,,
922,ByteVector,4.1,pro,3,,,
922,ByteVector,4.1,pro,4,,,
922,ByteVector,4.1,pro,5,,,
922,ByteVector,4.1,pro,6,,,
922,ByteVector,4.1,pro,7,,,
922,ByteVector,4.1,pro,8,,,
922,ByteVector,4.1,pro,9,,,
922,ByteVector,4.1,pro,10,,,
922,ByteVector,4.1,pro,11,,,
922,ByteVector,4.1,pro,12,,,
922,ByteVector,4.1,pro,13,,,
922,ByteVector,4.1,pro,14,,,
922,ByteVector,4.1,pro,15,,,
922,ByteVector,4.1,pro,16,,,
922,ByteVector,4.1,pro,17,,,
922,ByteVector,4.1,pro,18,,,
922,ByteVector,4.1,pro,19,,,
922,ByteVector,4.1,pro,20,,,
924,CaseInsensitiveString,4.1 mini,flash,3,,,
924,CaseInsensitiveString,4.1 mini,flash,4,,,
924,CaseInsensitiveString,4.1 mini,flash,5,,,
924,CaseInsensitiveString,4.1 mini,flash,6,,,
924,CaseInsensitiveString,4.1 mini,flash,7,,,
924,CaseInsensitiveString,4.1 mini,flash,8,,,
924,CaseInsensitiveString,4.1 mini,flash,9,,,
924,CaseInsensitiveString,4.1 mini,flash,10,,,
924,CaseInsensitiveString,4.1 mini,flash,11,,,
924,CaseInsensitiveString,4.1 mini,flash,12,,,
924,CaseInsensitiveString,4.1 mini,flash,13,,,
924,CaseInsensitiveString,4.1 mini,flash,14,,,
924,CaseInsensitiveString,4.1 mini,flash,19,,,
924,CaseInsensitiveString,4.1 mini,flash,1,,1.0,13.0
924,CaseInsensitiveString,4.1 mini,flash,2,1.0,1.0,1.0
924,CaseInsensitiveString,4.1 mini,flash,15,1.0,1.0,1.0
924,CaseInsensitiveString,4.1 mini,flash,16,1.0,1.0,1.0
924,CaseInsensitiveString,4.1 mini,flash,17,1.0,1.0,1.0
924,CaseInsensitiveString,4.1 mini,flash,18,1.0,1.0,1.0
924,CaseInsensitiveString,4.1 mini,flash,20,,0.0,15.0
942,ByteVector,4.1 mini,pro,1,,,
942,ByteVector,4.1 mini,pro,2,,,
942,ByteVector,4.1 mini,pro,3,,,
942,ByteVector,4.1 mini,pro,4,,,
942,ByteVector,4.1 mini,pro,5,,,
942,ByteVector,4.1 mini,pro,6,,,
942,ByteVector,4.1 mini,pro,7,,,
942,ByteVector,4.1 mini,pro,8,,,
942,ByteVector,4.1 mini,pro,9,,,
942,ByteVector,4.1 mini,pro,10,,,
942,ByteVector,4.1 mini,pro,11,,,
942,ByteVector,4.1 mini,pro,12,,,
942,ByteVector,4.1 mini,pro,13,,,
942,ByteVector,4.1 mini,pro,14,,,
942,ByteVector,4.1 mini,pro,15,,,
942,ByteVector,4.1 mini,pro,16,,,
942,ByteVector,4.1 mini,pro,17,,,
942,ByteVector,4.1 mini,pro,18,,,
942,ByteVector,4.1 mini,pro,19,,,
942,ByteVector,4.1 mini,pro,20,,,
943,CaseInsensitiveString,4.1,flash,14,,,
943,CaseInsensitiveString,4.1,flash,16,,,
943,CaseInsensitiveString,4.1,flash,17,,,
943,CaseInsensitiveString,4.1,flash,18,,,
943,CaseInsensitiveString,4.1,flash,19,,,
943,CaseInsensitiveString,4.1,flash,20,,,
943,CaseInsensitiveString,4.1,flash,1,1.0,1.0,1.0
943,CaseInsensitiveString,4.1,flash,2,1.0,1.0,2.0
943,CaseInsensitiveString,4.1,flash,3,1.0,1.0,1.0
943,CaseInsensitiveString,4.1,flash,4,3.0,1.0,14.0
943,CaseInsensitiveString,4.1,flash,5,1.0,1.0,1.0
943,CaseInsensitiveString,4.1,flash,6,,3.0,7.0
943,CaseInsensitiveString,4.1,flash,7,1.0,1.0,1.0
943,CaseInsensitiveString,4.1,flash,8,,3.0,5.0
943,CaseInsensitiveString,4.1,flash,9,,0.0,15.0
943,CaseInsensitiveString,4.1,flash,10,1.0,1.0,1.0
943,CaseInsensitiveString,4.1,flash,11,,2.0,11.0
943,CaseInsensitiveString,4.1,flash,12,,0.0,15.0
943,CaseInsensitiveString,4.1,flash,13,3.0,3.0,6.0
943,CaseInsensitiveString,4.1,flash,15,,0.0,15.0
947,Document,haiku,flash,1,,1.0,12.0
947,Document,haiku,flash,2,,0.0,15.0
947,Document,haiku,flash,3,,0.0,15.0
947,Document,haiku,flash,4,,0.0,15.0
947,Document,haiku,flash,5,,0.0,15.0
947,Document,haiku,flash,6,,0.0,15.0
947,Document,haiku,flash,7,,0.0,15.0
947,Document,haiku,flash,8,,0.0,15.0
947,Document,haiku,flash,9,,0.0,15.0
947,Document,haiku,flash,10,,0.0,15.0
947,Document,haiku,flash,11,,0.0,15.0
947,Document,haiku,flash,12,,3.0,11.0
947,Document,haiku,flash,13,,0.0,15.0
947,Document,haiku,flash,14,,0.0,15.0
947,Document,haiku,flash,15,,0.0,15.0
947,Document,haiku,flash,16,,0.0,15.0
947,Document,haiku,flash,17,,0.0,15.0
947,Document,haiku,flash,18,,0.0,15.0
947,Document,haiku,flash,19,,0.0,15.0
947,Document,haiku,flash,20,,0.0,15.0
948,CharRange,haiku,pro,3,,,
948,CharRange,haiku,pro,6,,,
948,CharRange,haiku,pro,10,,,
948,CharRange,haiku,pro,11,,,
948,CharRange,haiku,pro,13,,,
948,CharRange,haiku,pro,14,,,
948,CharRange,haiku,pro,20,,,
948,CharRange,haiku,pro,1,1.0,1.0,2.0
948,CharRange,haiku,pro,2,1.0,1.0,4.0
948,CharRange,haiku,pro,4,1.0,1.0,2.0
948,CharRange,haiku,pro,5,1.0,1.0,2.0
948,CharRange,haiku,pro,7,1.0,1.0,4.0
948,CharRange,haiku,pro,8,1.0,1.0,1.0
948,CharRange,haiku,pro,9,,0.0,15.0
948,CharRange,haiku,pro,12,1.0,1.0,4.0
948,CharRange,haiku,pro,15,1.0,1.0,3.0
948,CharRange,haiku,pro,16,,1.0,13.0
948,CharRange,haiku,pro,17,1.0,1.0,1.0
948,CharRange,haiku,pro,18,1.0,1.0,4.0
948,CharRange,haiku,pro,19,,0.0,15.0
949,CaseInsensitiveString,4.1,pro,20,,,
949,CaseInsensitiveString,4.1,pro,1,1.0,1.0,3.0
949,CaseInsensitiveString,4.1,pro,2,2.0,1.0,7.0
949,CaseInsensitiveString,4.1,pro,3,1.0,1.0,3.0
949,CaseInsensitiveString,4.1,pro,4,2.0,1.0,6.0
949,CaseInsensitiveString,4.1,pro,5,,1.0,11.0
949,CaseInsensitiveString,4.1,pro,6,,3.0,10.0
949,CaseInsensitiveString,4.1,pro,7,,0.0,15.0
949,CaseInsensitiveString,4.1,pro,8,,0.0,15.0
949,CaseInsensitiveString,4.1,pro,9,1.0,1.0,1.0
949,CaseInsensitiveString,4.1,pro,10,,0.0,15.0
949,CaseInsensitiveString,4.1,pro,11,,0.0,15.0
949,CaseInsensitiveString,4.1,pro,12,,2.0,13.0
949,CaseInsensitiveString,4.1,pro,13,1.0,1.0,1.0
949,CaseInsensitiveString,4.1,pro,14,,1.0,11.0
949,CaseInsensitiveString,4.1,pro,15,,0.0,15.0
949,CaseInsensitiveString,4.1,pro,16,1.0,1.0,5.0
949,CaseInsensitiveString,4.1,pro,17,,0.0,15.0
949,CaseInsensitiveString,4.1,pro,18,1.0,1.0,1.0
949,CaseInsensitiveString,4.1,pro,19,1.0,1.0,4.0
950,Document,4.1 mini,flash,11,,,
950,Document,4.1 mini,flash,12,,,
950,Document,4.1 mini,flash,1,,0.0,15.0
950,Document,4.1 mini,flash,2,,0.0,15.0
950,Document,4.1 mini,flash,3,,0.0,15.0
950,Document,4.1 mini,flash,4,,0.0,15.0
950,Document,4.1 mini,flash,5,,0.0,15.0
950,Document,4.1 mini,flash,6,,0.0,15.0
950,Document,4.1 mini,flash,7,,0.0,15.0
950,Document,4.1 mini,flash,8,,0.0,15.0
950,Document,4.1 mini,flash,9,,0.0,15.0
950,Document,4.1 mini,flash,10,,0.0,15.0
950,Document,4.1 mini,flash,13,,0.0,15.0
950,Document,4.1 mini,flash,14,,0.0,15.0
950,Document,4.1 mini,flash,15,,0.0,15.0
950,Document,4.1 mini,flash,16,,0.0,15.0
950,Document,4.1 mini,flash,17,,0.0,15.0
950,Document,4.1 mini,flash,18,,0.0,15.0
950,Document,4.1 mini,flash,19,,0.0,15.0
950,Document,4.1 mini,flash,20,,0.0,15.0
951,Document,4.1 mini,pro,17,,,
951,Document,4.1 mini,pro,1,,0.0,15.0
951,Document,4.1 mini,pro,2,,0.0,15.0
951,Document,4.1 mini,pro,3,,0.0,15.0
951,Document,4.1 mini,pro,4,,0.0,15.0
951,Document,4.1 mini,pro,5,,0.0,15.0
951,Document,4.1 mini,pro,6,,0.0,15.0
951,Document,4.1 mini,pro,7,,0.0,15.0
951,Document,4.1 mini,pro,8,,0.0,15.0
951,Document,4.1 mini,pro,9,,0.0,15.0
951,Document,4.1 mini,pro,10,,0.0,15.0
951,Document,4.1 mini,pro,11,,0.0,15.0
951,Document,4.1 mini,pro,12,,0.0,15.0
951,Document,4.1 mini,pro,13,,0.0,15.0
951,Document,4.1 mini,pro,14,,0.0,15.0
951,Document,4.1 mini,pro,15,,0.0,15.0
951,Document,4.1 mini,pro,16,,0.0,15.0
951,Document,4.1 mini,pro,18,,0.0,15.0
951,Document,4.1 mini,pro,19,,0.0,15.0
951,Document,4.1 mini,pro,20,,0.0,15.0
952,CaseInsensitiveString,4.1 mini,pro,4,,,
952,CaseInsensitiveString,4.1 mini,pro,5,,,
952,CaseInsensitiveString,4.1 mini,pro,7,,,
952,CaseInsensitiveString,4.1 mini,pro,9,,,
952,CaseInsensitiveString,4.1 mini,pro,10,,,
952,CaseInsensitiveString,4.1 mini,pro,11,,,
952,CaseInsensitiveString,4.1 mini,pro,12,,,
952,CaseInsensitiveString,4.1 mini,pro,13,,,
952,CaseInsensitiveString,4.1 mini,pro,14,,,
952,CaseInsensitiveString,4.1 mini,pro,15,,,
952,CaseInsensitiveString,4.1 mini,pro,16,,,
952,CaseInsensitiveString,4.1 mini,pro,17,,,
952,CaseInsensitiveString,4.1 mini,pro,18,,,
952,CaseInsensitiveString,4.1 mini,pro,19,,,
952,CaseInsensitiveString,4.1 mini,pro,20,,,
952,CaseInsensitiveString,4.1 mini,pro,1,1.0,1.0,1.0
952,CaseInsensitiveString,4.1 mini,pro,2,1.0,1.0,5.0
952,CaseInsensitiveString,4.1 mini,pro,3,1.0,1.0,1.0
952,CaseInsensitiveString,4.1 mini,pro,6,1.0,1.0,2.0
952,CaseInsensitiveString,4.1 mini,pro,8,1.0,1.0,2.0
953,CaseInsensitiveString,haiku,pro,14,,,
953,CaseInsensitiveString,haiku,pro,15,,,
953,CaseInsensitiveString,haiku,pro,16,,,
953,CaseInsensitiveString,haiku,pro,17,,,
953,CaseInsensitiveString,haiku,pro,18,,,
953,CaseInsensitiveString,haiku,pro,1,1.0,1.0,1.0
953,CaseInsensitiveString,haiku,pro,2,,0.0,15.0
953,CaseInsensitiveString,haiku,pro,3,,0.0,15.0
953,CaseInsensitiveString,haiku,pro,4,,0.0,15.0
953,CaseInsensitiveString,haiku,pro,5,2.0,1.0,8.0
953,CaseInsensitiveString,haiku,pro,6,,0.0,15.0
953,CaseInsensitiveString,haiku,pro,7,,2.0,10.0
953,CaseInsensitiveString,haiku,pro,8,,0.0,15.0
953,CaseInsensitiveString,haiku,pro,9,1.0,1.0,1.0
953,CaseInsensitiveString,haiku,pro,10,3.0,2.0,10.0
953,CaseInsensitiveString,haiku,pro,11,1.0,1.0,4.0
953,CaseInsensitiveString,haiku,pro,12,1.0,1.0,2.0
953,CaseInsensitiveString,haiku,pro,13,,0.0,15.0
953,CaseInsensitiveString,haiku,pro,19,,0.0,15.0
953,CaseInsensitiveString,haiku,pro,20,,0.0,15.0
954,Document,haiku,pro,1,,0.0,15.0
954,Document,haiku,pro,2,,0.0,15.0
954,Document,haiku,pro,3,,0.0,15.0
954,Document,haiku,pro,4,,0.0,15.0
954,Document,haiku,pro,5,,0.0,15.0
954,Document,haiku,pro,6,,0.0,15.0
954,Document,haiku,pro,7,,0.0,15.0
954,Document,haiku,pro,8,1.0,1.0,3.0
954,Document,haiku,pro,9,,0.0,15.0
954,Document,haiku,pro,10,,0.0,15.0
954,Document,haiku,pro,11,,0.0,15.0
954,Document,haiku,pro,12,,0.0,15.0
954,Document,haiku,pro,13,,0.0,15.0
954,Document,haiku,pro,14,,0.0,15.0
954,Document,haiku,pro,15,,0.0,15.0
954,Document,haiku,pro,16,,0.0,15.0
954,Document,haiku,pro,17,,0.0,15.0
954,Document,haiku,pro,18,,0.0,15.0
954,Document,haiku,pro,19,,0.0,15.0
954,Document,haiku,pro,20,,0.0,15.0
955,Document,4.1,pro,7,,,
955,Document,4.1,pro,10,,,
955,Document,4.1,pro,12,,,
955,Document,4.1,pro,14,,,
955,Document,4.1,pro,15,,,
955,Document,4.1,pro,16,,,
955,Document,4.1,pro,18,,,
955,Document,4.1,pro,19,,,
955,Document,4.1,pro,20,,,
955,Document,4.1,pro,1,,0.0,15.0
955,Document,4.1,pro,2,1.0,1.0,3.0
955,Document,4.1,pro,3,,0.0,15.0
955,Document,4.1,pro,4,,0.0,15.0
955,Document,4.1,pro,5,,0.0,15.0
955,Document,4.1,pro,6,1.0,1.0,1.0
955,Document,4.1,pro,8,,0.0,15.0
955,Document,4.1,pro,9,,0.0,15.0
955,Document,4.1,pro,11,,0.0,15.0
955,Document,4.1,pro,13,,0.0,15.0
955,Document,4.1,pro,17,,0.0,15.0
956,Document,4.1,flash,2,,,
956,Document,4.1,flash,4,,,
956,Document,4.1,flash,10,,,
956,Document,4.1,flash,11,,,
956,Document,4.1,flash,12,,,
956,Document,4.1,flash,13,,,
956,Document,4.1,flash,14,,,
956,Document,4.1,flash,15,,,
956,Document,4.1,flash,16,,,
956,Document,4.1,flash,18,,,
956,Document,4.1,flash,19,,,
956,Document,4.1,flash,20,,,
956,Document,4.1,flash,1,,0.0,15.0
956,Document,4.1,flash,3,,0.0,15.0
956,Document,4.1,flash,5,,0.0,15.0
956,Document,4.1,flash,6,1.0,1.0,1.0
956,Document,4.1,flash,7,,0.0,15.0
956,Document,4.1,flash,8,,0.0,15.0
956,Document,4.1,flash,9,,0.0,15.0
956,Document,4.1,flash,17,,0.0,15.0
963,IntHashMap,flash,pro,2,,,
963,IntHashMap,flash,pro,13,,,
963,IntHashMap,flash,pro,15,,,
963,IntHashMap,flash,pro,17,,,
963,IntHashMap,flash,pro,18,,,
963,IntHashMap,flash,pro,20,,,
963,IntHashMap,flash,pro,1,,0.0,15.0
963,IntHashMap,flash,pro,3,3.0,1.0,15.0
963,IntHashMap,flash,pro,4,1.0,1.0,4.0
963,IntHashMap,flash,pro,5,1.0,1.0,1.0
963,IntHashMap,flash,pro,6,1.0,1.0,2.0
963,IntHashMap,flash,pro,7,1.0,1.0,4.0
963,IntHashMap,flash,pro,8,2.0,1.0,8.0
963,IntHashMap,flash,pro,9,,2.0,10.0
963,IntHashMap,flash,pro,10,2.0,1.0,8.0
963,IntHashMap,flash,pro,11,,0.0,15.0
963,IntHashMap,flash,pro,12,3.0,1.0,14.0
963,IntHashMap,flash,pro,14,1.0,1.0,2.0
963,IntHashMap,flash,pro,16,,0.0,15.0
963,IntHashMap,flash,pro,19,1.0,1.0,2.0
964,IntHashMap,flash,flash,3,,,
964,IntHashMap,flash,flash,13,,,
964,IntHashMap,flash,flash,16,,,
964,IntHashMap,flash,flash,17,,,
964,IntHashMap,flash,flash,18,,,
964,IntHashMap,flash,flash,19,,,
964,IntHashMap,flash,flash,20,,,
964,IntHashMap,flash,flash,1,1.0,1.0,1.0
964,IntHashMap,flash,flash,2,1.0,1.0,5.0
964,IntHashMap,flash,flash,4,,0.0,15.0
964,IntHashMap,flash,flash,5,1.0,1.0,2.0
964,IntHashMap,flash,flash,6,1.0,1.0,1.0
964,IntHashMap,flash,flash,7,1.0,1.0,1.0
964,IntHashMap,flash,flash,8,2.0,1.0,7.0
964,IntHashMap,flash,flash,9,1.0,1.0,1.0
964,IntHashMap,flash,flash,10,1.0,1.0,2.0
964,IntHashMap,flash,flash,11,1.0,1.0,1.0
964,IntHashMap,flash,flash,12,1.0,1.0,2.0
964,IntHashMap,flash,flash,14,1.0,1.0,1.0
964,IntHashMap,flash,flash,15,1.0,1.0,1.0
965,IntHashMap,pro,flash,1,,,
965,IntHashMap,pro,flash,2,,,
965,IntHashMap,pro,flash,3,,,
965,IntHashMap,pro,flash,4,,,
965,IntHashMap,pro,flash,5,,,
965,IntHashMap,pro,flash,6,,,
965,IntHashMap,pro,flash,7,,,
965,IntHashMap,pro,flash,8,,,
965,IntHashMap,pro,flash,9,,,
965,IntHashMap,pro,flash,10,,,
965,IntHashMap,pro,flash,11,,,
965,IntHashMap,pro,flash,12,,,
965,IntHashMap,pro,flash,13,,,
965,IntHashMap,pro,flash,14,,,
965,IntHashMap,pro,flash,15,,,
965,IntHashMap,pro,flash,16,,,
965,IntHashMap,pro,flash,17,,,
965,IntHashMap,pro,flash,18,,,
965,IntHashMap,pro,flash,19,,,
965,IntHashMap,pro,flash,20,,1.0,13.0
966,IntHashMap,pro,pro,1,,,
966,IntHashMap,pro,pro,2,,,
966,IntHashMap,pro,pro,3,,,
966,IntHashMap,pro,pro,4,,,
966,IntHashMap,pro,pro,5,,,
966,IntHashMap,pro,pro,6,,,
966,IntHashMap,pro,pro,7,,,
966,IntHashMap,pro,pro,8,,,
966,IntHashMap,pro,pro,9,,,
966,IntHashMap,pro,pro,10,,,
966,IntHashMap,pro,pro,11,,,
966,IntHashMap,pro,pro,12,,,
966,IntHashMap,pro,pro,13,,,
966,IntHashMap,pro,pro,14,,,
966,IntHashMap,pro,pro,15,,,
966,IntHashMap,pro,pro,16,,,
966,IntHashMap,pro,pro,17,,,
966,IntHashMap,pro,pro,18,,,
966,IntHashMap,pro,pro,19,,,
966,IntHashMap,pro,pro,20,,,
967,ByteVector,flash,haiku,1,,,
967,ByteVector,flash,haiku,2,,,
967,ByteVector,flash,haiku,3,,,
967,ByteVector,flash,haiku,4,,,
967,ByteVector,flash,haiku,5,,,
967,ByteVector,flash,haiku,6,,,
967,ByteVector,flash,haiku,7,,,
967,ByteVector,flash,haiku,8,,,
967,ByteVector,flash,haiku,9,,,
967,ByteVector,flash,haiku,10,,,
967,ByteVector,flash,haiku,11,,,
967,ByteVector,flash,haiku,12,,,
967,ByteVector,flash,haiku,13,,,
967,ByteVector,flash,haiku,14,,,
967,ByteVector,flash,haiku,15,,,
967,ByteVector,flash,haiku,16,,,
967,ByteVector,flash,haiku,17,,,
967,ByteVector,flash,haiku,18,,,
967,ByteVector,flash,haiku,19,,,
967,ByteVector,flash,haiku,20,,,
968,IntHashMap,pro,haiku,1,,,
968,IntHashMap,pro,haiku,2,,,
968,IntHashMap,pro,haiku,3,,,
968,IntHashMap,pro,haiku,4,,,
968,IntHashMap,pro,haiku,5,,,
968,IntHashMap,pro,haiku,7,,,
968,IntHashMap,pro,haiku,8,,,
968,IntHashMap,pro,haiku,9,,,
968,IntHashMap,pro,haiku,10,,,
968,IntHashMap,pro,haiku,12,,,
968,IntHashMap,pro,haiku,13,,,
968,IntHashMap,pro,haiku,14,,,
968,IntHashMap,pro,haiku,15,,,
968,IntHashMap,pro,haiku,16,,,
968,IntHashMap,pro,haiku,17,,,
968,IntHashMap,pro,haiku,18,,,
968,IntHashMap,pro,haiku,19,,,
968,IntHashMap,pro,haiku,20,,,
968,IntHashMap,pro,haiku,6,,0.0,15.0
968,IntHashMap,pro,haiku,11,,3.0,8.0
969,IntHashMap,pro,4.1 mini,3,,,
969,IntHashMap,pro,4.1 mini,5,,,
969,IntHashMap,pro,4.1 mini,6,,,
969,IntHashMap,pro,4.1 mini,7,,,
969,IntHashMap,pro,4.1 mini,8,,,
969,IntHashMap,pro,4.1 mini,9,,,
969,IntHashMap,pro,4.1 mini,10,,,
969,IntHashMap,pro,4.1 mini,11,,,
969,IntHashMap,pro,4.1 mini,12,,,
969,IntHashMap,pro,4.1 mini,13,,,
969,IntHashMap,pro,4.1 mini,14,,,
969,IntHashMap,pro,4.1 mini,15,,,
969,IntHashMap,pro,4.1 mini,16,,,
969,IntHashMap,pro,4.1 mini,17,,,
969,IntHashMap,pro,4.1 mini,18,,,
969,IntHashMap,pro,4.1 mini,19,,,
969,IntHashMap,pro,4.1 mini,20,,,
969,IntHashMap,pro,4.1 mini,1,,3.0,6.0
969,IntHashMap,pro,4.1 mini,2,1.0,1.0,1.0
969,IntHashMap,pro,4.1 mini,4,,3.0,4.0
970,IntHashMap,pro,sonnet,1,,,
970,IntHashMap,pro,sonnet,2,,,
970,IntHashMap,pro,sonnet,3,,,
970,IntHashMap,pro,sonnet,4,,,
970,IntHashMap,pro,sonnet,5,,,
970,IntHashMap,pro,sonnet,6,,,
970,IntHashMap,pro,sonnet,7,,,
970,IntHashMap,pro,sonnet,8,,,
970,IntHashMap,pro,sonnet,9,,,
970,IntHashMap,pro,sonnet,10,,,
970,IntHashMap,pro,sonnet,11,,,
970,IntHashMap,pro,sonnet,12,,,
970,IntHashMap,pro,sonnet,14,,,
970,IntHashMap,pro,sonnet,15,,,
970,IntHashMap,pro,sonnet,16,,,
970,IntHashMap,pro,sonnet,17,,,
970,IntHashMap,pro,sonnet,18,,,
970,IntHashMap,pro,sonnet,19,,,
970,IntHashMap,pro,sonnet,20,,,
970,IntHashMap,pro,sonnet,13,,3.0,5.0
971,SparseIntArray,pro,4.1 mini,1,,,
971,SparseIntArray,pro,4.1 mini,2,,,
971,SparseIntArray,pro,4.1 mini,3,,,
971,SparseIntArray,pro,4.1 mini,4,,,
971,SparseIntArray,pro,4.1 mini,5,,,
971,SparseIntArray,pro,4.1 mini,6,,,
971,SparseIntArray,pro,4.1 mini,7,,,
971,SparseIntArray,pro,4.1 mini,8,,,
971,SparseIntArray,pro,4.1 mini,9,,,
971,SparseIntArray,pro,4.1 mini,10,,,
971,SparseIntArray,pro,4.1 mini,11,,,
971,SparseIntArray,pro,4.1 mini,12,,,
971,SparseIntArray,pro,4.1 mini,13,,,
971,SparseIntArray,pro,4.1 mini,14,,,
971,SparseIntArray,pro,4.1 mini,15,,,
971,SparseIntArray,pro,4.1 mini,16,,,
971,SparseIntArray,pro,4.1 mini,17,,,
971,SparseIntArray,pro,4.1 mini,18,,,
971,SparseIntArray,pro,4.1 mini,19,,,
971,SparseIntArray,pro,4.1 mini,20,,,
972,IntHashMap,pro,4.1,1,,,
972,IntHashMap,pro,4.1,2,,,
972,IntHashMap,pro,4.1,3,,,
972,IntHashMap,pro,4.1,4,,,
972,IntHashMap,pro,4.1,5,,,
972,IntHashMap,pro,4.1,6,,,
972,IntHashMap,pro,4.1,7,,,
972,IntHashMap,pro,4.1,8,,,
972,IntHashMap,pro,4.1,9,,,
972,IntHashMap,pro,4.1,10,,,
972,IntHashMap,pro,4.1,11,,,
972,IntHashMap,pro,4.1,12,,,
972,IntHashMap,pro,4.1,13,,,
972,IntHashMap,pro,4.1,14,,,
972,IntHashMap,pro,4.1,15,,,
972,IntHashMap,pro,4.1,16,,,
972,IntHashMap,pro,4.1,17,,,
972,IntHashMap,pro,4.1,20,,,
972,IntHashMap,pro,4.1,18,,3.0,3.0
972,IntHashMap,pro,4.1,19,,3.0,3.0
973,ByteVector,flash,sonnet,1,,,
973,ByteVector,flash,sonnet,2,,,
973,ByteVector,flash,sonnet,3,,,
973,ByteVector,flash,sonnet,4,,,
973,ByteVector,flash,sonnet,5,,,
973,ByteVector,flash,sonnet,6,,,
973,ByteVector,flash,sonnet,7,,,
973,ByteVector,flash,sonnet,8,,,
973,ByteVector,flash,sonnet,9,,,
973,ByteVector,flash,sonnet,10,,,
973,ByteVector,flash,sonnet,11,,,
973,ByteVector,flash,sonnet,12,,,
973,ByteVector,flash,sonnet,13,,,
973,ByteVector,flash,sonnet,14,,,
973,ByteVector,flash,sonnet,15,,,
973,ByteVector,flash,sonnet,16,,,
973,ByteVector,flash,sonnet,17,,,
973,ByteVector,flash,sonnet,18,,,
973,ByteVector,flash,sonnet,19,,,
973,ByteVector,flash,sonnet,20,,,
974,ByteVector,flash,4.1 mini,1,,,
974,ByteVector,flash,4.1 mini,2,,,
974,ByteVector,flash,4.1 mini,3,,,
974,ByteVector,flash,4.1 mini,4,,,
974,ByteVector,flash,4.1 mini,5,,,
974,ByteVector,flash,4.1 mini,6,,,
974,ByteVector,flash,4.1 mini,7,,,
974,ByteVector,flash,4.1 mini,8,,,
974,ByteVector,flash,4.1 mini,9,,,
974,ByteVector,flash,4.1 mini,10,,,
974,ByteVector,flash,4.1 mini,11,,,
974,ByteVector,flash,4.1 mini,12,,,
974,ByteVector,flash,4.1 mini,13,,,
974,ByteVector,flash,4.1 mini,14,,,
974,ByteVector,flash,4.1 mini,15,,,
974,ByteVector,flash,4.1 mini,16,,,
974,ByteVector,flash,4.1 mini,17,,,
974,ByteVector,flash,4.1 mini,18,,,
974,ByteVector,flash,4.1 mini,19,,,
974,ByteVector,flash,4.1 mini,20,,,
975,ByteVector,flash,4.1,1,,,
975,ByteVector,flash,4.1,2,,,
975,ByteVector,flash,4.1,3,,,
975,ByteVector,flash,4.1,4,,,
975,ByteVector,flash,4.1,5,,,
975,ByteVector,flash,4.1,6,,,
975,ByteVector,flash,4.1,7,,,
975,ByteVector,flash,4.1,8,,,
975,ByteVector,flash,4.1,9,,,
975,ByteVector,flash,4.1,10,,,
975,ByteVector,flash,4.1,11,,,
975,ByteVector,flash,4.1,12,,,
975,ByteVector,flash,4.1,13,,,
975,ByteVector,flash,4.1,14,,,
975,ByteVector,flash,4.1,15,,,
975,ByteVector,flash,4.1,16,,,
975,ByteVector,flash,4.1,17,,,
975,ByteVector,flash,4.1,18,,,
975,ByteVector,flash,4.1,19,,,
975,ByteVector,flash,4.1,20,,,
976,ByteVector,flash,flash,1,,,
976,ByteVector,flash,flash,2,,,
976,ByteVector,flash,flash,3,,,
976,ByteVector,flash,flash,4,,,
976,ByteVector,flash,flash,5,,,
976,ByteVector,flash,flash,6,,,
976,ByteVector,flash,flash,7,,,
976,ByteVector,flash,flash,8,,,
976,ByteVector,flash,flash,9,,,
976,ByteVector,flash,flash,10,,,
976,ByteVector,flash,flash,11,,,
976,ByteVector,flash,flash,12,,,
976,ByteVector,flash,flash,13,,,
976,ByteVector,flash,flash,14,,,
976,ByteVector,flash,flash,15,,,
976,ByteVector,flash,flash,16,,,
976,ByteVector,flash,flash,17,,,
976,ByteVector,flash,flash,18,,,
976,ByteVector,flash,flash,19,,,
976,ByteVector,flash,flash,20,,,
977,ByteVector,flash,pro,1,,,
977,ByteVector,flash,pro,2,,,
977,ByteVector,flash,pro,3,,,
977,ByteVector,flash,pro,4,,,
977,ByteVector,flash,pro,5,,,
977,ByteVector,flash,pro,6,,,
977,ByteVector,flash,pro,7,,,
977,ByteVector,flash,pro,8,,,
977,ByteVector,flash,pro,9,,,
977,ByteVector,flash,pro,10,,,
977,ByteVector,flash,pro,11,,,
977,ByteVector,flash,pro,12,,,
977,ByteVector,flash,pro,13,,,
977,ByteVector,flash,pro,14,,,
977,ByteVector,flash,pro,15,,,
977,ByteVector,flash,pro,16,,,
977,ByteVector,flash,pro,17,,,
977,ByteVector,flash,pro,18,,,
977,ByteVector,flash,pro,19,,,
977,ByteVector,flash,pro,20,,,
983,ByteVector,pro,pro,1,,,
983,ByteVector,pro,pro,2,,,
983,ByteVector,pro,pro,3,,,
983,ByteVector,pro,pro,4,,,
983,ByteVector,pro,pro,5,,,
983,ByteVector,pro,pro,6,,,
983,ByteVector,pro,pro,7,,,
983,ByteVector,pro,pro,8,,,
983,ByteVector,pro,pro,9,,,
983,ByteVector,pro,pro,10,,,
983,ByteVector,pro,pro,11,,,
983,ByteVector,pro,pro,12,,,
983,ByteVector,pro,pro,13,,,
983,ByteVector,pro,pro,14,,,
983,ByteVector,pro,pro,15,,,
983,ByteVector,pro,pro,16,,,
983,ByteVector,pro,pro,17,,,
983,ByteVector,pro,pro,18,,,
983,ByteVector,pro,pro,19,,,
983,ByteVector,pro,pro,20,,,
984,ByteVector,pro,flash,1,,,
984,ByteVector,pro,flash,2,,,
984,ByteVector,pro,flash,3,,,
984,ByteVector,pro,flash,4,,,
984,ByteVector,pro,flash,5,,,
984,ByteVector,pro,flash,6,,,
984,ByteVector,pro,flash,7,,,
984,ByteVector,pro,flash,8,,,
984,ByteVector,pro,flash,9,,,
984,ByteVector,pro,flash,10,,,
984,ByteVector,pro,flash,11,,,
984,ByteVector,pro,flash,12,,,
984,ByteVector,pro,flash,13,,,
984,ByteVector,pro,flash,14,,,
984,ByteVector,pro,flash,15,,,
984,ByteVector,pro,flash,16,,,
984,ByteVector,pro,flash,17,,,
984,ByteVector,pro,flash,18,,,
984,ByteVector,pro,flash,19,,,
984,ByteVector,pro,flash,20,,,
985,CharRange,flash,flash,6,,,
985,CharRange,flash,flash,7,,,
985,CharRange,flash,flash,10,,,
985,CharRange,flash,flash,11,,,
985,CharRange,flash,flash,13,,,
985,CharRange,flash,flash,15,,,
985,CharRange,flash,flash,16,,,
985,CharRange,flash,flash,18,,,
985,CharRange,flash,flash,19,,,
985,CharRange,flash,flash,20,,,
985,CharRange,flash,flash,1,1.0,1.0,1.0
985,CharRange,flash,flash,2,2.0,2.0,2.0
985,CharRange,flash,flash,3,1.0,1.0,1.0
985,CharRange,flash,flash,4,1.0,1.0,1.0
985,CharRange,flash,flash,5,1.0,1.0,1.0
985,CharRange,flash,flash,8,1.0,1.0,1.0
985,CharRange,flash,flash,9,1.0,1.0,1.0
985,CharRange,flash,flash,12,1.0,1.0,1.0
985,CharRange,flash,flash,14,1.0,1.0,1.0
985,CharRange,flash,flash,17,1.0,1.0,2.0
986,CharRange,flash,pro,7,,,
986,CharRange,flash,pro,8,,,
986,CharRange,flash,pro,12,,,
986,CharRange,flash,pro,15,,,
986,CharRange,flash,pro,16,,,
986,CharRange,flash,pro,17,,,
986,CharRange,flash,pro,19,,,
986,CharRange,flash,pro,20,,,
986,CharRange,flash,pro,1,1.0,1.0,1.0
986,CharRange,flash,pro,2,1.0,1.0,1.0
986,CharRange,flash,pro,3,1.0,1.0,1.0
986,CharRange,flash,pro,4,1.0,1.0,1.0
986,CharRange,flash,pro,5,1.0,1.0,1.0
986,CharRange,flash,pro,6,1.0,1.0,1.0
986,CharRange,flash,pro,9,1.0,1.0,1.0
986,CharRange,flash,pro,10,1.0,1.0,1.0
986,CharRange,flash,pro,11,1.0,1.0,1.0
986,CharRange,flash,pro,13,1.0,1.0,1.0
986,CharRange,flash,pro,14,1.0,1.0,1.0
986,CharRange,flash,pro,18,1.0,1.0,1.0
987,CharRange,flash,4.1 mini,6,,,
987,CharRange,flash,4.1 mini,10,,,
987,CharRange,flash,4.1 mini,11,,,
987,CharRange,flash,4.1 mini,12,,,
987,CharRange,flash,4.1 mini,15,,,
987,CharRange,flash,4.1 mini,16,,,
987,CharRange,flash,4.1 mini,17,,,
987,CharRange,flash,4.1 mini,18,,,
987,CharRange,flash,4.1 mini,20,,,
987,CharRange,flash,4.1 mini,1,2.0,1.0,9.0
987,CharRange,flash,4.1 mini,2,,2.0,8.0
987,CharRange,flash,4.1 mini,3,1.0,1.0,4.0
987,CharRange,flash,4.1 mini,4,1.0,1.0,3.0
987,CharRange,flash,4.1 mini,5,1.0,1.0,1.0
987,CharRange,flash,4.1 mini,7,1.0,1.0,2.0
987,CharRange,flash,4.1 mini,8,2.0,2.0,5.0
987,CharRange,flash,4.1 mini,9,,3.0,4.0
987,CharRange,flash,4.1 mini,13,1.0,1.0,5.0
987,CharRange,flash,4.1 mini,14,3.0,3.0,4.0
987,CharRange,flash,4.1 mini,19,1.0,1.0,4.0
988,CharRange,flash,4.1,3,,,
988,CharRange,flash,4.1,4,,,
988,CharRange,flash,4.1,11,,,
988,CharRange,flash,4.1,12,,,
988,CharRange,flash,4.1,13,,,
988,CharRange,flash,4.1,14,,,
988,CharRange,flash,4.1,15,,,
988,CharRange,flash,4.1,16,,,
988,CharRange,flash,4.1,17,,,
988,CharRange,flash,4.1,18,,,
988,CharRange,flash,4.1,1,1.0,1.0,1.0
988,CharRange,flash,4.1,2,1.0,1.0,1.0
988,CharRange,flash,4.1,5,1.0,1.0,1.0
988,CharRange,flash,4.1,6,1.0,1.0,3.0
988,CharRange,flash,4.1,7,1.0,1.0,1.0
988,CharRange,flash,4.1,8,3.0,3.0,5.0
988,CharRange,flash,4.1,9,,3.0,6.0
988,CharRange,flash,4.1,10,1.0,1.0,2.0
988,CharRange,flash,4.1,19,,3.0,3.0
988,CharRange,flash,4.1,20,,3.0,3.0
989,ByteVector,pro,4.1 mini,1,,,
989,ByteVector,pro,4.1 mini,2,,,
989,ByteVector,pro,4.1 mini,3,,,
989,ByteVector,pro,4.1 mini,4,,,
989,ByteVector,pro,4.1 mini,5,,,
989,ByteVector,pro,4.1 mini,6,,,
989,ByteVector,pro,4.1 mini,7,,,
989,ByteVector,pro,4.1 mini,8,,,
989,ByteVector,pro,4.1 mini,9,,,
989,ByteVector,pro,4.1 mini,10,,,
989,ByteVector,pro,4.1 mini,11,,,
989,ByteVector,pro,4.1 mini,12,,,
989,ByteVector,pro,4.1 mini,13,,,
989,ByteVector,pro,4.1 mini,14,,,
989,ByteVector,pro,4.1 mini,15,,,
989,ByteVector,pro,4.1 mini,16,,,
989,ByteVector,pro,4.1 mini,17,,,
989,ByteVector,pro,4.1 mini,18,,,
989,ByteVector,pro,4.1 mini,19,,,
989,ByteVector,pro,4.1 mini,20,,,
990,ByteVector,pro,sonnet,1,,,
990,ByteVector,pro,sonnet,2,,,
990,ByteVector,pro,sonnet,3,,,
990,ByteVector,pro,sonnet,4,,,
990,ByteVector,pro,sonnet,5,,,
990,ByteVector,pro,sonnet,6,,,
990,ByteVector,pro,sonnet,7,,,
990,ByteVector,pro,sonnet,8,,,
990,ByteVector,pro,sonnet,9,,,
990,ByteVector,pro,sonnet,10,,,
990,ByteVector,pro,sonnet,11,,,
990,ByteVector,pro,sonnet,12,,,
990,ByteVector,pro,sonnet,13,,,
990,ByteVector,pro,sonnet,14,,,
990,ByteVector,pro,sonnet,15,,,
990,ByteVector,pro,sonnet,16,,,
990,ByteVector,pro,sonnet,17,,,
990,ByteVector,pro,sonnet,18,,,
990,ByteVector,pro,sonnet,19,,,
990,ByteVector,pro,sonnet,20,,,
991,CharRange,pro,haiku,4,,,
991,CharRange,pro,haiku,6,,,
991,CharRange,pro,haiku,8,,,
991,CharRange,pro,haiku,10,,,
991,CharRange,pro,haiku,11,,,
991,CharRange,pro,haiku,15,,,
991,CharRange,pro,haiku,16,,,
991,CharRange,pro,haiku,18,,,
991,CharRange,pro,haiku,20,,,
991,CharRange,pro,haiku,1,,3.0,4.0
991,CharRange,pro,haiku,2,,0.0,15.0
991,CharRange,pro,haiku,3,,3.0,8.0
991,CharRange,pro,haiku,5,,3.0,3.0
991,CharRange,pro,haiku,7,1.0,1.0,2.0
991,CharRange,pro,haiku,9,1.0,1.0,2.0
991,CharRange,pro,haiku,12,,1.0,11.0
991,CharRange,pro,haiku,13,,3.0,7.0
991,CharRange,pro,haiku,14,2.0,2.0,3.0
991,CharRange,pro,haiku,17,,0.0,15.0
991,CharRange,pro,haiku,19,,2.0,9.0
993,CharRange,pro,4.1 mini,8,,,
993,CharRange,pro,4.1 mini,9,,,
993,CharRange,pro,4.1 mini,11,,,
993,CharRange,pro,4.1 mini,12,,,
993,CharRange,pro,4.1 mini,13,,,
993,CharRange,pro,4.1 mini,15,,,
993,CharRange,pro,4.1 mini,16,,,
993,CharRange,pro,4.1 mini,17,,,
993,CharRange,pro,4.1 mini,18,,,
993,CharRange,pro,4.1 mini,19,,,
993,CharRange,pro,4.1 mini,20,,,
993,CharRange,pro,4.1 mini,1,1.0,1.0,1.0
993,CharRange,pro,4.1 mini,2,3.0,3.0,4.0
993,CharRange,pro,4.1 mini,3,1.0,1.0,1.0
993,CharRange,pro,4.1 mini,4,,3.0,4.0
993,CharRange,pro,4.1 mini,5,1.0,1.0,1.0
993,CharRange,pro,4.1 mini,6,2.0,1.0,6.0
993,CharRange,pro,4.1 mini,7,2.0,1.0,9.0
993,CharRange,pro,4.1 mini,10,1.0,1.0,2.0
993,CharRange,pro,4.1 mini,14,,3.0,3.0
994,ByteVector,pro,4.1,1,,,
994,ByteVector,pro,4.1,2,,,
994,ByteVector,pro,4.1,3,,,
994,ByteVector,pro,4.1,4,,,
994,ByteVector,pro,4.1,5,,,
994,ByteVector,pro,4.1,6,,,
994,ByteVector,pro,4.1,7,,,
994,ByteVector,pro,4.1,8,,,
994,ByteVector,pro,4.1,9,,,
994,ByteVector,pro,4.1,10,,,
994,ByteVector,pro,4.1,11,,,
994,ByteVector,pro,4.1,12,,,
994,ByteVector,pro,4.1,13,,,
994,ByteVector,pro,4.1,14,,,
994,ByteVector,pro,4.1,15,,,
994,ByteVector,pro,4.1,16,,,
994,ByteVector,pro,4.1,17,,,
994,ByteVector,pro,4.1,18,,,
994,ByteVector,pro,4.1,19,,,
994,ByteVector,pro,4.1,20,,,
995,CharRange,pro,sonnet,8,,,
995,CharRange,pro,sonnet,9,,,
995,CharRange,pro,sonnet,10,,,
995,CharRange,pro,sonnet,11,,,
995,CharRange,pro,sonnet,12,,,
995,CharRange,pro,sonnet,13,,,
995,CharRange,pro,sonnet,14,,,
995,CharRange,pro,sonnet,15,,,
995,CharRange,pro,sonnet,16,,,
995,CharRange,pro,sonnet,17,,,
995,CharRange,pro,sonnet,18,,,
995,CharRange,pro,sonnet,1,,0.0,15.0
995,CharRange,pro,sonnet,2,,0.0,15.0
995,CharRange,pro,sonnet,3,1.0,1.0,1.0
995,CharRange,pro,sonnet,4,1.0,1.0,1.0
995,CharRange,pro,sonnet,5,1.0,1.0,1.0
995,CharRange,pro,sonnet,6,1.0,1.0,3.0
995,CharRange,pro,sonnet,7,1.0,1.0,1.0
995,CharRange,pro,sonnet,19,,0.0,15.0
995,CharRange,pro,sonnet,20,1.0,1.0,2.0
996,ByteVector,pro,haiku,1,,,
996,ByteVector,pro,haiku,2,,,
996,ByteVector,pro,haiku,3,,,
996,ByteVector,pro,haiku,4,,,
996,ByteVector,pro,haiku,5,,,
996,ByteVector,pro,haiku,6,,,
996,ByteVector,pro,haiku,7,,,
996,ByteVector,pro,haiku,8,,,
996,ByteVector,pro,haiku,9,,,
996,ByteVector,pro,haiku,10,,,
996,ByteVector,pro,haiku,11,,,
996,ByteVector,pro,haiku,12,,,
996,ByteVector,pro,haiku,13,,,
996,ByteVector,pro,haiku,14,,,
996,ByteVector,pro,haiku,15,,,
996,ByteVector,pro,haiku,16,,,
996,ByteVector,pro,haiku,17,,,
996,ByteVector,pro,haiku,18,,,
996,ByteVector,pro,haiku,19,,,
996,ByteVector,pro,haiku,20,,,
997,CharRange,flash,haiku,8,,,
997,CharRange,flash,haiku,11,,,
997,CharRange,flash,haiku,14,,,
997,CharRange,flash,haiku,15,,,
997,CharRange,flash,haiku,17,,,
997,CharRange,flash,haiku,19,,,
997,CharRange,flash,haiku,20,,,
997,CharRange,flash,haiku,1,,0.0,15.0
997,CharRange,flash,haiku,2,,3.0,4.0
997,CharRange,flash,haiku,3,1.0,1.0,4.0
997,CharRange,flash,haiku,4,,1.0,12.0
997,CharRange,flash,haiku,5,,3.0,3.0
997,CharRange,flash,haiku,6,,2.0,11.0
997,CharRange,flash,haiku,7,,2.0,7.0
997,CharRange,flash,haiku,9,,3.0,7.0
997,CharRange,flash,haiku,10,,3.0,5.0
997,CharRange,flash,haiku,12,,0.0,15.0
997,CharRange,flash,haiku,13,,3.0,6.0
997,CharRange,flash,haiku,16,,0.0,15.0
997,CharRange,flash,haiku,18,1.0,1.0,2.0
998,CharRange,pro,4.1,5,,,
998,CharRange,pro,4.1,9,,,
998,CharRange,pro,4.1,10,,,
998,CharRange,pro,4.1,11,,,
998,CharRange,pro,4.1,12,,,
998,CharRange,pro,4.1,14,,,
998,CharRange,pro,4.1,15,,,
998,CharRange,pro,4.1,16,,,
998,CharRange,pro,4.1,17,,,
998,CharRange,pro,4.1,18,,,
998,CharRange,pro,4.1,19,,,
998,CharRange,pro,4.1,20,,,
998,CharRange,pro,4.1,1,1.0,1.0,5.0
998,CharRange,pro,4.1,2,1.0,1.0,1.0
998,CharRange,pro,4.1,3,1.0,1.0,4.0
998,CharRange,pro,4.1,4,1.0,1.0,1.0
998,CharRange,pro,4.1,6,1.0,1.0,1.0
998,CharRange,pro,4.1,7,1.0,1.0,1.0
998,CharRange,pro,4.1,8,1.0,1.0,1.0
998,CharRange,pro,4.1,13,1.0,1.0,1.0
999,CharRange,pro,flash,4,,,
999,CharRange,pro,flash,9,,,
999,CharRange,pro,flash,10,,,
999,CharRange,pro,flash,11,,,
999,CharRange,pro,flash,12,,,
999,CharRange,pro,flash,13,,,
999,CharRange,pro,flash,14,,,
999,CharRange,pro,flash,15,,,
999,CharRange,pro,flash,16,,,
999,CharRange,pro,flash,17,,,
999,CharRange,pro,flash,18,,,
999,CharRange,pro,flash,19,,,
999,CharRange,pro,flash,20,,,
999,CharRange,pro,flash,1,1.0,1.0,1.0
999,CharRange,pro,flash,2,1.0,1.0,1.0
999,CharRange,pro,flash,3,1.0,1.0,1.0
999,CharRange,pro,flash,5,1.0,1.0,1.0
999,CharRange,pro,flash,6,1.0,1.0,1.0
999,CharRange,pro,flash,7,1.0,1.0,1.0
999,CharRange,pro,flash,8,1.0,1.0,1.0
1000,CharRange,pro,pro,6,,,
1000,CharRange,pro,pro,7,,,
1000,CharRange,pro,pro,11,,,
1000,CharRange,pro,pro,12,,,
1000,CharRange,pro,pro,13,,,
1000,CharRange,pro,pro,14,,,
1000,CharRange,pro,pro,16,,,
1000,CharRange,pro,pro,17,,,
1000,CharRange,pro,pro,18,,,
1000,CharRange,pro,pro,20,,,
1000,CharRange,pro,pro,1,1.0,1.0,1.0
1000,CharRange,pro,pro,2,1.0,1.0,1.0
1000,CharRange,pro,pro,3,1.0,1.0,1.0
1000,CharRange,pro,pro,4,1.0,1.0,1.0
1000,CharRange,pro,pro,5,1.0,1.0,1.0
1000,CharRange,pro,pro,8,1.0,1.0,1.0
1000,CharRange,pro,pro,9,1.0,1.0,1.0
1000,CharRange,pro,pro,10,1.0,1.0,1.0
1000,CharRange,pro,pro,15,,0.0,15.0
1000,CharRange,pro,pro,19,1.0,1.0,1.0
1001,CaseInsensitiveString,flash,haiku,20,,,
1001,CaseInsensitiveString,flash,haiku,1,,1.0,12.0
1001,CaseInsensitiveString,flash,haiku,2,,3.0,6.0
1001,CaseInsensitiveString,flash,haiku,3,,1.0,15.0
1001,CaseInsensitiveString,flash,haiku,4,,1.0,12.0
1001,CaseInsensitiveString,flash,haiku,5,,2.0,11.0
1001,CaseInsensitiveString,flash,haiku,6,1.0,1.0,5.0
1001,CaseInsensitiveString,flash,haiku,7,,3.0,12.0
1001,CaseInsensitiveString,flash,haiku,8,,2.0,12.0
1001,CaseInsensitiveString,flash,haiku,9,,3.0,8.0
1001,CaseInsensitiveString,flash,haiku,10,,3.0,4.0
1001,CaseInsensitiveString,flash,haiku,11,,2.0,8.0
1001,CaseInsensitiveString,flash,haiku,12,,1.0,11.0
1001,CaseInsensitiveString,flash,haiku,13,,3.0,4.0
1001,CaseInsensitiveString,flash,haiku,14,,1.0,13.0
1001,CaseInsensitiveString,flash,haiku,15,1.0,1.0,2.0
1001,CaseInsensitiveString,flash,haiku,16,,3.0,11.0
1001,CaseInsensitiveString,flash,haiku,17,,2.0,12.0
1001,CaseInsensitiveString,flash,haiku,18,,1.0,15.0
1001,CaseInsensitiveString,flash,haiku,19,,0.0,15.0
1002,CaseInsensitiveString,flash,sonnet,1,,0.0,15.0
1002,CaseInsensitiveString,flash,sonnet,2,,3.0,3.0
1002,CaseInsensitiveString,flash,sonnet,3,,0.0,15.0
1002,CaseInsensitiveString,flash,sonnet,4,2.0,1.0,7.0
1002,CaseInsensitiveString,flash,sonnet,5,,0.0,15.0
1002,CaseInsensitiveString,flash,sonnet,6,2.0,1.0,6.0
1002,CaseInsensitiveString,flash,sonnet,7,,0.0,15.0
1002,CaseInsensitiveString,flash,sonnet,8,,1.0,11.0
1002,CaseInsensitiveString,flash,sonnet,9,,0.0,15.0
1002,CaseInsensitiveString,flash,sonnet,10,,2.0,10.0
1002,CaseInsensitiveString,flash,sonnet,11,,2.0,8.0
1002,CaseInsensitiveString,flash,sonnet,12,,0.0,15.0
1002,CaseInsensitiveString,flash,sonnet,13,,2.0,12.0
1002,CaseInsensitiveString,flash,sonnet,14,,0.0,15.0
1002,CaseInsensitiveString,flash,sonnet,15,,0.0,15.0
1002,CaseInsensitiveString,flash,sonnet,16,,0.0,15.0
1002,CaseInsensitiveString,flash,sonnet,17,,0.0,15.0
1002,CaseInsensitiveString,flash,sonnet,18,1.0,1.0,1.0
1002,CaseInsensitiveString,flash,sonnet,19,,0.0,15.0
1002,CaseInsensitiveString,flash,sonnet,20,1.0,1.0,3.0
1003,CaseInsensitiveString,flash,4.1 mini,17,,,
1003,CaseInsensitiveString,flash,4.1 mini,1,3.0,3.0,8.0
1003,CaseInsensitiveString,flash,4.1 mini,2,,3.0,8.0
1003,CaseInsensitiveString,flash,4.1 mini,3,,3.0,6.0
1003,CaseInsensitiveString,flash,4.1 mini,4,1.0,1.0,1.0
1003,CaseInsensitiveString,flash,4.1 mini,5,1.0,1.0,3.0
1003,CaseInsensitiveString,flash,4.1 mini,6,,2.0,10.0
1003,CaseInsensitiveString,flash,4.1 mini,7,,1.0,13.0
1003,CaseInsensitiveString,flash,4.1 mini,8,,3.0,5.0
1003,CaseInsensitiveString,flash,4.1 mini,9,1.0,1.0,1.0
1003,CaseInsensitiveString,flash,4.1 mini,10,,0.0,15.0
1003,CaseInsensitiveString,flash,4.1 mini,11,,3.0,8.0
1003,CaseInsensitiveString,flash,4.1 mini,12,,3.0,4.0
1003,CaseInsensitiveString,flash,4.1 mini,13,1.0,1.0,1.0
1003,CaseInsensitiveString,flash,4.1 mini,14,,3.0,6.0
1003,CaseInsensitiveString,flash,4.1 mini,15,3.0,3.0,5.0
1003,CaseInsensitiveString,flash,4.1 mini,16,,3.0,4.0
1003,CaseInsensitiveString,flash,4.1 mini,18,,3.0,4.0
1003,CaseInsensitiveString,flash,4.1 mini,19,,1.0,14.0
1003,CaseInsensitiveString,flash,4.1 mini,20,,1.0,14.0
1004,CaseInsensitiveString,flash,4.1,1,,3.0,3.0
1004,CaseInsensitiveString,flash,4.1,2,,3.0,4.0
1004,CaseInsensitiveString,flash,4.1,3,3.0,3.0,7.0
1004,CaseInsensitiveString,flash,4.1,4,,2.0,7.0
1004,CaseInsensitiveString,flash,4.1,5,,3.0,9.0
1004,CaseInsensitiveString,flash,4.1,6,1.0,1.0,5.0
1004,CaseInsensitiveString,flash,4.1,7,1.0,1.0,1.0
1004,CaseInsensitiveString,flash,4.1,8,1.0,1.0,1.0
1004,CaseInsensitiveString,flash,4.1,9,,3.0,7.0
1004,CaseInsensitiveString,flash,4.1,10,,3.0,4.0
1004,CaseInsensitiveString,flash,4.1,11,,0.0,15.0
1004,CaseInsensitiveString,flash,4.1,12,1.0,1.0,2.0
1004,CaseInsensitiveString,flash,4.1,13,3.0,3.0,3.0
1004,CaseInsensitiveString,flash,4.1,14,,0.0,15.0
1004,CaseInsensitiveString,flash,4.1,15,,3.0,3.0
1004,CaseInsensitiveString,flash,4.1,16,1.0,1.0,1.0
1004,CaseInsensitiveString,flash,4.1,17,,3.0,6.0
1004,CaseInsensitiveString,flash,4.1,18,,0.0,15.0
1004,CaseInsensitiveString,flash,4.1,19,1.0,1.0,1.0
1004,CaseInsensitiveString,flash,4.1,20,,0.0,15.0
1005,CaseInsensitiveString,flash,flash,7,,,
1005,CaseInsensitiveString,flash,flash,15,,,
1005,CaseInsensitiveString,flash,flash,1,1.0,1.0,2.0
1005,CaseInsensitiveString,flash,flash,2,2.0,2.0,5.0
1005,CaseInsensitiveString,flash,flash,3,1.0,1.0,2.0
1005,CaseInsensitiveString,flash,flash,4,2.0,2.0,2.0
1005,CaseInsensitiveString,flash,flash,5,,1.0,13.0
1005,CaseInsensitiveString,flash,flash,6,1.0,1.0,1.0
1005,CaseInsensitiveString,flash,flash,8,1.0,1.0,1.0
1005,CaseInsensitiveString,flash,flash,9,1.0,1.0,1.0
1005,CaseInsensitiveString,flash,flash,10,,0.0,15.0
1005,CaseInsensitiveString,flash,flash,11,1.0,1.0,1.0
1005,CaseInsensitiveString,flash,flash,12,1.0,1.0,1.0
1005,CaseInsensitiveString,flash,flash,13,1.0,1.0,1.0
1005,CaseInsensitiveString,flash,flash,14,1.0,1.0,2.0
1005,CaseInsensitiveString,flash,flash,16,1.0,1.0,1.0
1005,CaseInsensitiveString,flash,flash,17,1.0,1.0,1.0
1005,CaseInsensitiveString,flash,flash,18,,2.0,11.0
1005,CaseInsensitiveString,flash,flash,19,1.0,1.0,1.0
1005,CaseInsensitiveString,flash,flash,20,2.0,1.0,8.0
1006,CaseInsensitiveString,flash,pro,13,,,
1006,CaseInsensitiveString,flash,pro,16,,,
1006,CaseInsensitiveString,flash,pro,19,,,
1006,CaseInsensitiveString,flash,pro,1,1.0,1.0,1.0
1006,CaseInsensitiveString,flash,pro,2,1.0,1.0,1.0
1006,CaseInsensitiveString,flash,pro,3,1.0,1.0,1.0
1006,CaseInsensitiveString,flash,pro,4,1.0,1.0,2.0
1006,CaseInsensitiveString,flash,pro,5,1.0,1.0,1.0
1006,CaseInsensitiveString,flash,pro,6,1.0,1.0,1.0
1006,CaseInsensitiveString,flash,pro,7,3.0,1.0,11.0
1006,CaseInsensitiveString,flash,pro,8,1.0,1.0,1.0
1006,CaseInsensitiveString,flash,pro,9,1.0,1.0,1.0
1006,CaseInsensitiveString,flash,pro,10,,3.0,7.0
1006,CaseInsensitiveString,flash,pro,11,1.0,1.0,1.0
1006,CaseInsensitiveString,flash,pro,12,1.0,1.0,1.0
1006,CaseInsensitiveString,flash,pro,14,1.0,1.0,1.0
1006,CaseInsensitiveString,flash,pro,15,1.0,1.0,1.0
1006,CaseInsensitiveString,flash,pro,17,1.0,1.0,1.0
1006,CaseInsensitiveString,flash,pro,18,2.0,1.0,7.0
1006,CaseInsensitiveString,flash,pro,20,1.0,1.0,1.0
1007,CaseInsensitiveString,pro,haiku,11,,,
1007,CaseInsensitiveString,pro,haiku,12,,,
1007,CaseInsensitiveString,pro,haiku,15,,,
1007,CaseInsensitiveString,pro,haiku,17,,,
1007,CaseInsensitiveString,pro,haiku,20,,,
1007,CaseInsensitiveString,pro,haiku,1,,3.0,6.0
1007,CaseInsensitiveString,pro,haiku,2,1.0,1.0,2.0
1007,CaseInsensitiveString,pro,haiku,3,2.0,2.0,3.0
1007,CaseInsensitiveString,pro,haiku,4,1.0,1.0,1.0
1007,CaseInsensitiveString,pro,haiku,5,,3.0,7.0
1007,CaseInsensitiveString,pro,haiku,6,,1.0,12.0
1007,CaseInsensitiveString,pro,haiku,7,,2.0,12.0
1007,CaseInsensitiveString,pro,haiku,8,,1.0,11.0
1007,CaseInsensitiveString,pro,haiku,9,3.0,3.0,4.0
1007,CaseInsensitiveString,pro,haiku,10,,2.0,13.0
1007,CaseInsensitiveString,pro,haiku,13,,3.0,5.0
1007,CaseInsensitiveString,pro,haiku,14,,3.0,4.0
1007,CaseInsensitiveString,pro,haiku,16,,3.0,10.0
1007,CaseInsensitiveString,pro,haiku,18,,2.0,10.0
1007,CaseInsensitiveString,pro,haiku,19,,1.0,12.0
1008,CaseInsensitiveString,pro,sonnet,10,,,
1008,CaseInsensitiveString,pro,sonnet,11,,,
1008,CaseInsensitiveString,pro,sonnet,14,,,
1008,CaseInsensitiveString,pro,sonnet,17,,,
1008,CaseInsensitiveString,pro,sonnet,18,,,
1008,CaseInsensitiveString,pro,sonnet,1,1.0,1.0,2.0
1008,CaseInsensitiveString,pro,sonnet,2,,0.0,15.0
1008,CaseInsensitiveString,pro,sonnet,3,,3.0,9.0
1008,CaseInsensitiveString,pro,sonnet,4,,0.0,15.0
1008,CaseInsensitiveString,pro,sonnet,5,,0.0,15.0
1008,CaseInsensitiveString,pro,sonnet,6,,0.0,15.0
1008,CaseInsensitiveString,pro,sonnet,7,3.0,1.0,15.0
1008,CaseInsensitiveString,pro,sonnet,8,,0.0,15.0
1008,CaseInsensitiveString,pro,sonnet,9,,0.0,15.0
1008,CaseInsensitiveString,pro,sonnet,12,,3.0,10.0
1008,CaseInsensitiveString,pro,sonnet,13,,2.0,10.0
1008,CaseInsensitiveString,pro,sonnet,15,,0.0,15.0
1008,CaseInsensitiveString,pro,sonnet,16,,0.0,15.0
1008,CaseInsensitiveString,pro,sonnet,19,,0.0,15.0
1008,CaseInsensitiveString,pro,sonnet,20,,3.0,6.0
1009,CaseInsensitiveString,pro,4.1 mini,12,,,
1009,CaseInsensitiveString,pro,4.1 mini,13,,,
1009,CaseInsensitiveString,pro,4.1 mini,16,,,
1009,CaseInsensitiveString,pro,4.1 mini,17,,,
1009,CaseInsensitiveString,pro,4.1 mini,18,,,
1009,CaseInsensitiveString,pro,4.1 mini,19,,,
1009,CaseInsensitiveString,pro,4.1 mini,20,,,
1009,CaseInsensitiveString,pro,4.1 mini,1,1.0,1.0,1.0
1009,CaseInsensitiveString,pro,4.1 mini,2,,3.0,4.0
1009,CaseInsensitiveString,pro,4.1 mini,3,,3.0,4.0
1009,CaseInsensitiveString,pro,4.1 mini,4,,3.0,3.0
1009,CaseInsensitiveString,pro,4.1 mini,5,,0.0,15.0
1009,CaseInsensitiveString,pro,4.1 mini,6,1.0,1.0,2.0
1009,CaseInsensitiveString,pro,4.1 mini,7,,0.0,15.0
1009,CaseInsensitiveString,pro,4.1 mini,8,,3.0,3.0
1009,CaseInsensitiveString,pro,4.1 mini,9,,2.0,7.0
1009,CaseInsensitiveString,pro,4.1 mini,10,,3.0,4.0
1009,CaseInsensitiveString,pro,4.1 mini,11,,1.0,13.0
1009,CaseInsensitiveString,pro,4.1 mini,14,1.0,1.0,2.0
1009,CaseInsensitiveString,pro,4.1 mini,15,2.0,2.0,2.0
1010,CaseInsensitiveString,pro,4.1,7,,,
1010,CaseInsensitiveString,pro,4.1,11,,,
1010,CaseInsensitiveString,pro,4.1,12,,,
1010,CaseInsensitiveString,pro,4.1,13,,,
1010,CaseInsensitiveString,pro,4.1,15,,,
1010,CaseInsensitiveString,pro,4.1,16,,,
1010,CaseInsensitiveString,pro,4.1,18,,,
1010,CaseInsensitiveString,pro,4.1,19,,,
1010,CaseInsensitiveString,pro,4.1,1,1.0,1.0,1.0
1010,CaseInsensitiveString,pro,4.1,2,2.0,1.0,9.0
1010,CaseInsensitiveString,pro,4.1,3,,0.0,15.0
1010,CaseInsensitiveString,pro,4.1,4,1.0,1.0,1.0
1010,CaseInsensitiveString,pro,4.1,5,,3.0,3.0
1010,CaseInsensitiveString,pro,4.1,6,1.0,1.0,1.0
1010,CaseInsensitiveString,pro,4.1,8,3.0,3.0,10.0
1010,CaseInsensitiveString,pro,4.1,9,,3.0,3.0
1010,CaseInsensitiveString,pro,4.1,10,1.0,1.0,1.0
1010,CaseInsensitiveString,pro,4.1,14,,3.0,4.0
1010,CaseInsensitiveString,pro,4.1,17,,3.0,3.0
1010,CaseInsensitiveString,pro,4.1,20,,0.0,15.0
1011,CaseInsensitiveString,pro,flash,8,,,
1011,CaseInsensitiveString,pro,flash,9,,,
1011,CaseInsensitiveString,pro,flash,10,,,
1011,CaseInsensitiveString,pro,flash,12,,,
1011,CaseInsensitiveString,pro,flash,18,,,
1011,CaseInsensitiveString,pro,flash,19,,,
1011,CaseInsensitiveString,pro,flash,20,,,
1011,CaseInsensitiveString,pro,flash,1,1.0,1.0,1.0
1011,CaseInsensitiveString,pro,flash,2,1.0,1.0,1.0
1011,CaseInsensitiveString,pro,flash,3,1.0,1.0,1.0
1011,CaseInsensitiveString,pro,flash,4,1.0,1.0,1.0
1011,CaseInsensitiveString,pro,flash,5,,0.0,15.0
1011,CaseInsensitiveString,pro,flash,6,1.0,1.0,1.0
1011,CaseInsensitiveString,pro,flash,7,1.0,1.0,1.0
1011,CaseInsensitiveString,pro,flash,11,1.0,1.0,1.0
1011,CaseInsensitiveString,pro,flash,13,1.0,1.0,1.0
1011,CaseInsensitiveString,pro,flash,14,1.0,1.0,1.0
1011,CaseInsensitiveString,pro,flash,15,,3.0,3.0
1011,CaseInsensitiveString,pro,flash,16,2.0,1.0,7.0
1011,CaseInsensitiveString,pro,flash,17,1.0,1.0,1.0
1012,CaseInsensitiveString,pro,pro,9,,,
1012,CaseInsensitiveString,pro,pro,10,,,
1012,CaseInsensitiveString,pro,pro,17,,,
1012,CaseInsensitiveString,pro,pro,19,,,
1012,CaseInsensitiveString,pro,pro,20,,,
1012,CaseInsensitiveString,pro,pro,1,1.0,1.0,1.0
1012,CaseInsensitiveString,pro,pro,2,1.0,1.0,1.0
1012,CaseInsensitiveString,pro,pro,3,1.0,1.0,2.0
1012,CaseInsensitiveString,pro,pro,4,1.0,1.0,1.0
1012,CaseInsensitiveString,pro,pro,5,1.0,1.0,1.0
1012,CaseInsensitiveString,pro,pro,6,1.0,1.0,1.0
1012,CaseInsensitiveString,pro,pro,7,,2.0,11.0
1012,CaseInsensitiveString,pro,pro,8,1.0,1.0,2.0
1012,CaseInsensitiveString,pro,pro,11,,0.0,15.0
1012,CaseInsensitiveString,pro,pro,12,,3.0,3.0
1012,CaseInsensitiveString,pro,pro,13,1.0,1.0,1.0
1012,CaseInsensitiveString,pro,pro,14,1.0,1.0,2.0
1012,CaseInsensitiveString,pro,pro,15,1.0,1.0,1.0
1012,CaseInsensitiveString,pro,pro,16,1.0,1.0,1.0
1012,CaseInsensitiveString,pro,pro,18,1.0,1.0,1.0
1013,Document,pro,pro,4,,,
1013,Document,pro,pro,5,,,
1013,Document,pro,pro,10,,,
1013,Document,pro,pro,11,,,
1013,Document,pro,pro,12,,,
1013,Document,pro,pro,13,,,
1013,Document,pro,pro,14,,,
1013,Document,pro,pro,15,,,
1013,Document,pro,pro,17,,,
1013,Document,pro,pro,18,,,
1013,Document,pro,pro,19,,,
1013,Document,pro,pro,1,,0.0,15.0
1013,Document,pro,pro,2,,0.0,15.0
1013,Document,pro,pro,3,,0.0,15.0
1013,Document,pro,pro,6,,0.0,15.0
1013,Document,pro,pro,7,,0.0,15.0
1013,Document,pro,pro,8,,0.0,15.0
1013,Document,pro,pro,9,,0.0,15.0
1013,Document,pro,pro,16,,0.0,15.0
1013,Document,pro,pro,20,,0.0,15.0
1014,Document,flash,pro,1,,0.0,15.0
1014,Document,flash,pro,2,,0.0,15.0
1014,Document,flash,pro,3,,0.0,15.0
1014,Document,flash,pro,4,,0.0,15.0
1014,Document,flash,pro,5,,0.0,15.0
1014,Document,flash,pro,6,,0.0,15.0
1014,Document,flash,pro,7,,0.0,15.0
1014,Document,flash,pro,8,,0.0,15.0
1014,Document,flash,pro,9,,0.0,15.0
1014,Document,flash,pro,10,,1.0,11.0
1014,Document,flash,pro,11,,0.0,15.0
1014,Document,flash,pro,12,,0.0,15.0
1014,Document,flash,pro,13,,0.0,15.0
1014,Document,flash,pro,14,,0.0,15.0
1014,Document,flash,pro,15,,0.0,15.0
1014,Document,flash,pro,16,,0.0,15.0
1014,Document,flash,pro,17,,0.0,15.0
1014,Document,flash,pro,18,,0.0,15.0
1014,Document,flash,pro,19,,0.0,15.0
1014,Document,flash,pro,20,,0.0,15.0
1015,Document,flash,flash,1,,0.0,15.0
1015,Document,flash,flash,2,,0.0,15.0
1015,Document,flash,flash,3,,0.0,15.0
1015,Document,flash,flash,4,,0.0,15.0
1015,Document,flash,flash,5,,0.0,15.0
1015,Document,flash,flash,6,,2.0,11.0
1015,Document,flash,flash,7,,0.0,15.0
1015,Document,flash,flash,8,,0.0,15.0
1015,Document,flash,flash,9,,0.0,15.0
1015,Document,flash,flash,10,,0.0,15.0
1015,Document,flash,flash,11,,0.0,15.0
1015,Document,flash,flash,12,,0.0,15.0
1015,Document,flash,flash,13,,0.0,15.0
1015,Document,flash,flash,14,,0.0,15.0
1015,Document,flash,flash,15,,1.0,14.0
1015,Document,flash,flash,16,,2.0,12.0
1015,Document,flash,flash,17,,1.0,12.0
1015,Document,flash,flash,18,,0.0,15.0
1015,Document,flash,flash,19,,0.0,15.0
1015,Document,flash,flash,20,,0.0,15.0
1016,Document,pro,flash,10,,,
1016,Document,pro,flash,13,,,
1016,Document,pro,flash,15,,,
1016,Document,pro,flash,17,,,
1016,Document,pro,flash,18,,,
1016,Document,pro,flash,19,,,
1016,Document,pro,flash,20,,,
1016,Document,pro,flash,1,,2.0,10.0
1016,Document,pro,flash,2,,2.0,12.0
1016,Document,pro,flash,3,,0.0,15.0
1016,Document,pro,flash,4,,0.0,15.0
1016,Document,pro,flash,5,,0.0,15.0
1016,Document,pro,flash,6,,1.0,13.0
1016,Document,pro,flash,7,,0.0,15.0
1016,Document,pro,flash,8,,0.0,15.0
1016,Document,pro,flash,9,,0.0,15.0
1016,Document,pro,flash,11,,0.0,15.0
1016,Document,pro,flash,12,,0.0,15.0
1016,Document,pro,flash,14,,1.0,12.0
1016,Document,pro,flash,16,,0.0,15.0
1017,Document,flash,haiku,1,,1.0,14.0
1017,Document,flash,haiku,2,,1.0,15.0
1017,Document,flash,haiku,3,,0.0,15.0
1017,Document,flash,haiku,4,,3.0,5.0
1017,Document,flash,haiku,5,,3.0,11.0
1017,Document,flash,haiku,6,,1.0,14.0
1017,Document,flash,haiku,7,,2.0,10.0
1017,Document,flash,haiku,8,,0.0,15.0
1017,Document,flash,haiku,9,,1.0,14.0
1017,Document,flash,haiku,10,,0.0,15.0
1017,Document,flash,haiku,11,,3.0,8.0
1017,Document,flash,haiku,12,,3.0,8.0
1017,Document,flash,haiku,13,,2.0,11.0
1017,Document,flash,haiku,14,,3.0,6.0
1017,Document,flash,haiku,15,,0.0,15.0
1017,Document,flash,haiku,16,,0.0,15.0
1017,Document,flash,haiku,17,,3.0,10.0
1017,Document,flash,haiku,18,,0.0,15.0
1017,Document,flash,haiku,19,,2.0,7.0
1017,Document,flash,haiku,20,,2.0,11.0
1018,Document,flash,4.1,1,,0.0,15.0
1018,Document,flash,4.1,2,,0.0,15.0
1018,Document,flash,4.1,3,,0.0,15.0
1018,Document,flash,4.1,4,,0.0,15.0
1018,Document,flash,4.1,5,,0.0,15.0
1018,Document,flash,4.1,6,,0.0,15.0
1018,Document,flash,4.1,7,,0.0,15.0
1018,Document,flash,4.1,8,,0.0,15.0
1018,Document,flash,4.1,9,,0.0,15.0
1018,Document,flash,4.1,10,,0.0,15.0
1018,Document,flash,4.1,11,,0.0,15.0
1018,Document,flash,4.1,12,,0.0,15.0
1018,Document,flash,4.1,13,,0.0,15.0
1018,Document,flash,4.1,14,,0.0,15.0
1018,Document,flash,4.1,15,,0.0,15.0
1018,Document,flash,4.1,16,,0.0,15.0
1018,Document,flash,4.1,17,,0.0,15.0
1018,Document,flash,4.1,18,,0.0,15.0
1018,Document,flash,4.1,19,,0.0,15.0
1018,Document,flash,4.1,20,,0.0,15.0
1019,CharRange,flash,sonnet,8,,,
1019,CharRange,flash,sonnet,10,,,
1019,CharRange,flash,sonnet,11,,,
1019,CharRange,flash,sonnet,12,,,
1019,CharRange,flash,sonnet,13,,,
1019,CharRange,flash,sonnet,14,,,
1019,CharRange,flash,sonnet,16,,,
1019,CharRange,flash,sonnet,18,,,
1019,CharRange,flash,sonnet,19,,,
1019,CharRange,flash,sonnet,1,,3.0,3.0
1019,CharRange,flash,sonnet,2,2.0,1.0,9.0
1019,CharRange,flash,sonnet,3,1.0,1.0,1.0
1019,CharRange,flash,sonnet,4,,0.0,15.0
1019,CharRange,flash,sonnet,5,1.0,1.0,3.0
1019,CharRange,flash,sonnet,6,1.0,1.0,1.0
1019,CharRange,flash,sonnet,7,,3.0,5.0
1019,CharRange,flash,sonnet,9,1.0,1.0,2.0
1019,CharRange,flash,sonnet,15,2.0,1.0,9.0
1019,CharRange,flash,sonnet,17,1.0,1.0,1.0
1019,CharRange,flash,sonnet,20,,0.0,15.0
1020,Rational,haiku,flash,6,,,
1020,Rational,haiku,flash,9,,,
1020,Rational,haiku,flash,11,,,
1020,Rational,haiku,flash,15,,,
1020,Rational,haiku,flash,19,,,
1020,Rational,haiku,flash,1,1.0,1.0,1.0
1020,Rational,haiku,flash,2,1.0,1.0,1.0
1020,Rational,haiku,flash,3,1.0,1.0,1.0
1020,Rational,haiku,flash,4,,0.0,15.0
1020,Rational,haiku,flash,5,1.0,1.0,1.0
1020,Rational,haiku,flash,7,,1.0,14.0
1020,Rational,haiku,flash,8,1.0,1.0,1.0
1020,Rational,haiku,flash,10,,2.0,8.0
1020,Rational,haiku,flash,12,,3.0,10.0
1020,Rational,haiku,flash,13,1.0,1.0,1.0
1020,Rational,haiku,flash,14,,2.0,11.0
1020,Rational,haiku,flash,16,1.0,1.0,1.0
1020,Rational,haiku,flash,17,1.0,1.0,1.0
1020,Rational,haiku,flash,18,,2.0,8.0
1020,Rational,haiku,flash,20,,0.0,15.0
1021,Document,pro,4.1,6,,,
1021,Document,pro,4.1,9,,,
1021,Document,pro,4.1,10,,,
1021,Document,pro,4.1,15,,,
1021,Document,pro,4.1,17,,,
1021,Document,pro,4.1,19,,,
1021,Document,pro,4.1,20,,,
1021,Document,pro,4.1,1,,0.0,15.0
1021,Document,pro,4.1,2,,0.0,15.0
1021,Document,pro,4.1,3,,0.0,15.0
1021,Document,pro,4.1,4,,0.0,15.0
1021,Document,pro,4.1,5,,0.0,15.0
1021,Document,pro,4.1,7,,0.0,15.0
1021,Document,pro,4.1,8,,0.0,15.0
1021,Document,pro,4.1,11,,0.0,15.0
1021,Document,pro,4.1,12,,0.0,15.0
1021,Document,pro,4.1,13,,0.0,15.0
1021,Document,pro,4.1,14,,0.0,15.0
1021,Document,pro,4.1,16,,0.0,15.0
1021,Document,pro,4.1,18,,0.0,15.0
1022,Document,pro,4.1 mini,5,,,
1022,Document,pro,4.1 mini,6,,,
1022,Document,pro,4.1 mini,13,,,
1022,Document,pro,4.1 mini,15,,,
1022,Document,pro,4.1 mini,18,,,
1022,Document,pro,4.1 mini,19,,,
1022,Document,pro,4.1 mini,1,,0.0,15.0
1022,Document,pro,4.1 mini,2,,0.0,15.0
1022,Document,pro,4.1 mini,3,,0.0,15.0
1022,Document,pro,4.1 mini,4,,0.0,15.0
1022,Document,pro,4.1 mini,7,,0.0,15.0
1022,Document,pro,4.1 mini,8,,0.0,15.0
1022,Document,pro,4.1 mini,9,,0.0,15.0
1022,Document,pro,4.1 mini,10,,0.0,15.0
1022,Document,pro,4.1 mini,11,,0.0,15.0
1022,Document,pro,4.1 mini,12,,0.0,15.0
1022,Document,pro,4.1 mini,14,,0.0,15.0
1022,Document,pro,4.1 mini,16,,0.0,15.0
1022,Document,pro,4.1 mini,17,,0.0,15.0
1022,Document,pro,4.1 mini,20,,0.0,15.0
1023,Document,pro,haiku,6,,,
1023,Document,pro,haiku,7,,,
1023,Document,pro,haiku,9,,,
1023,Document,pro,haiku,14,,,
1023,Document,pro,haiku,16,,,
1023,Document,pro,haiku,18,,,
1023,Document,pro,haiku,20,,,
1023,Document,pro,haiku,1,,1.0,13.0
1023,Document,pro,haiku,2,,1.0,11.0
1023,Document,pro,haiku,3,,1.0,12.0
1023,Document,pro,haiku,4,,2.0,13.0
1023,Document,pro,haiku,5,,1.0,13.0
1023,Document,pro,haiku,8,,3.0,5.0
1023,Document,pro,haiku,10,,3.0,5.0
1023,Document,pro,haiku,11,,1.0,15.0
1023,Document,pro,haiku,12,,1.0,13.0
1023,Document,pro,haiku,13,,0.0,15.0
1023,Document,pro,haiku,15,,3.0,6.0
1023,Document,pro,haiku,17,,2.0,7.0
1023,Document,pro,haiku,19,,2.0,12.0
1024,Rational,haiku,pro,7,,,
1024,Rational,haiku,pro,9,,,
1024,Rational,haiku,pro,11,,,
1024,Rational,haiku,pro,12,,,
1024,Rational,haiku,pro,14,,,
1024,Rational,haiku,pro,19,,,
1024,Rational,haiku,pro,1,1.0,1.0,1.0
1024,Rational,haiku,pro,2,,0.0,15.0
1024,Rational,haiku,pro,3,1.0,1.0,1.0
1024,Rational,haiku,pro,4,1.0,1.0,1.0
1024,Rational,haiku,pro,5,,2.0,7.0
1024,Rational,haiku,pro,6,1.0,1.0,1.0
1024,Rational,haiku,pro,8,,2.0,11.0
1024,Rational,haiku,pro,10,,1.0,15.0
1024,Rational,haiku,pro,13,,2.0,9.0
1024,Rational,haiku,pro,15,,2.0,10.0
1024,Rational,haiku,pro,16,,0.0,15.0
1024,Rational,haiku,pro,17,1.0,1.0,1.0
1024,Rational,haiku,pro,18,1.0,1.0,1.0
1024,Rational,haiku,pro,20,,0.0,15.0
1025,Document,flash,sonnet,1,,0.0,15.0
1025,Document,flash,sonnet,2,,0.0,15.0
1025,Document,flash,sonnet,3,,0.0,15.0
1025,Document,flash,sonnet,4,,0.0,15.0
1025,Document,flash,sonnet,5,,0.0,15.0
1025,Document,flash,sonnet,6,,0.0,15.0
1025,Document,flash,sonnet,7,,0.0,15.0
1025,Document,flash,sonnet,8,,0.0,15.0
1025,Document,flash,sonnet,9,,0.0,15.0
1025,Document,flash,sonnet,10,,0.0,15.0
1025,Document,flash,sonnet,11,,0.0,15.0
1025,Document,flash,sonnet,12,,0.0,15.0
1025,Document,flash,sonnet,13,,0.0,15.0
1025,Document,flash,sonnet,14,,0.0,15.0
1025,Document,flash,sonnet,15,,0.0,15.0
1025,Document,flash,sonnet,16,,0.0,15.0
1025,Document,flash,sonnet,17,,0.0,15.0
1025,Document,flash,sonnet,18,,0.0,15.0
1025,Document,flash,sonnet,19,,0.0,15.0
1025,Document,flash,sonnet,20,,0.0,15.0
1026,Document,pro,sonnet,4,,,
1026,Document,pro,sonnet,8,,,
1026,Document,pro,sonnet,11,,,
1026,Document,pro,sonnet,12,,,
1026,Document,pro,sonnet,16,,,
1026,Document,pro,sonnet,17,,,
1026,Document,pro,sonnet,19,,,
1026,Document,pro,sonnet,1,,0.0,15.0
1026,Document,pro,sonnet,2,,0.0,15.0
1026,Document,pro,sonnet,3,,0.0,15.0
1026,Document,pro,sonnet,5,,0.0,15.0
1026,Document,pro,sonnet,6,,0.0,15.0
1026,Document,pro,sonnet,7,,0.0,15.0
1026,Document,pro,sonnet,9,,0.0,15.0
1026,Document,pro,sonnet,10,,0.0,15.0
1026,Document,pro,sonnet,13,,0.0,15.0
1026,Document,pro,sonnet,14,,0.0,15.0
1026,Document,pro,sonnet,15,,0.0,15.0
1026,Document,pro,sonnet,18,,0.0,15.0
1026,Document,pro,sonnet,20,,0.0,15.0
1027,Document,flash,4.1 mini,1,,0.0,15.0
1027,Document,flash,4.1 mini,2,,0.0,15.0
1027,Document,flash,4.1 mini,3,,0.0,15.0
1027,Document,flash,4.1 mini,4,,0.0,15.0
1027,Document,flash,4.1 mini,5,,0.0,15.0
1027,Document,flash,4.1 mini,6,,0.0,15.0
1027,Document,flash,4.1 mini,7,,0.0,15.0
1027,Document,flash,4.1 mini,8,,0.0,15.0
1027,Document,flash,4.1 mini,9,,0.0,15.0
1027,Document,flash,4.1 mini,10,,0.0,15.0
1027,Document,flash,4.1 mini,11,,0.0,15.0
1027,Document,flash,4.1 mini,12,,0.0,15.0
1027,Document,flash,4.1 mini,13,,0.0,15.0
1027,Document,flash,4.1 mini,14,,0.0,15.0
1027,Document,flash,4.1 mini,15,,0.0,15.0
1027,Document,flash,4.1 mini,16,,0.0,15.0
1027,Document,flash,4.1 mini,17,,0.0,15.0
1027,Document,flash,4.1 mini,18,,0.0,15.0
1027,Document,flash,4.1 mini,19,,0.0,15.0
1027,Document,flash,4.1 mini,20,,0.0,15.0
1028,Rational,flash,pro,7,,,
1028,Rational,flash,pro,8,,,
1028,Rational,flash,pro,9,,,
1028,Rational,flash,pro,10,,,
1028,Rational,flash,pro,13,,,
1028,Rational,flash,pro,14,,,
1028,Rational,flash,pro,16,,,
1028,Rational,flash,pro,18,,,
1028,Rational,flash,pro,19,,,
1028,Rational,flash,pro,20,,,
1028,Rational,flash,pro,1,1.0,1.0,1.0
1028,Rational,flash,pro,2,1.0,1.0,1.0
1028,Rational,flash,pro,3,1.0,1.0,1.0
1028,Rational,flash,pro,4,1.0,1.0,1.0
1028,Rational,flash,pro,5,1.0,1.0,1.0
1028,Rational,flash,pro,6,1.0,1.0,1.0
1028,Rational,flash,pro,11,1.0,1.0,1.0
1028,Rational,flash,pro,12,1.0,1.0,1.0
1028,Rational,flash,pro,15,1.0,1.0,1.0
1028,Rational,flash,pro,17,2.0,1.0,7.0
1029,Rational,flash,flash,2,,,
1029,Rational,flash,flash,3,,,
1029,Rational,flash,flash,6,,,
1029,Rational,flash,flash,7,,,
1029,Rational,flash,flash,11,,,
1029,Rational,flash,flash,14,,,
1029,Rational,flash,flash,15,,,
1029,Rational,flash,flash,17,,,
1029,Rational,flash,flash,18,,,
1029,Rational,flash,flash,19,,,
1029,Rational,flash,flash,20,,,
1029,Rational,flash,flash,1,1.0,1.0,1.0
1029,Rational,flash,flash,4,1.0,1.0,1.0
1029,Rational,flash,flash,5,1.0,1.0,1.0
1029,Rational,flash,flash,8,1.0,1.0,1.0
1029,Rational,flash,flash,9,1.0,1.0,1.0
1029,Rational,flash,flash,10,1.0,1.0,1.0
1029,Rational,flash,flash,12,1.0,1.0,1.0
1029,Rational,flash,flash,13,1.0,1.0,1.0
1029,Rational,flash,flash,16,1.0,1.0,1.0
1030,Rational,4.1,pro,2,,,
1030,Rational,4.1,pro,5,,,
1030,Rational,4.1,pro,6,,,
1030,Rational,4.1,pro,8,,,
1030,Rational,4.1,pro,9,,,
1030,Rational,4.1,pro,10,,,
1030,Rational,4.1,pro,11,,,
1030,Rational,4.1,pro,13,,,
1030,Rational,4.1,pro,17,,,
1030,Rational,4.1,pro,18,,,
1030,Rational,4.1,pro,19,,,
1030,Rational,4.1,pro,20,,,
1030,Rational,4.1,pro,1,1.0,1.0,1.0
1030,Rational,4.1,pro,3,,2.0,10.0
1030,Rational,4.1,pro,4,1.0,1.0,1.0
1030,Rational,4.1,pro,7,1.0,1.0,1.0
1030,Rational,4.1,pro,12,1.0,1.0,1.0
1030,Rational,4.1,pro,14,,3.0,8.0
1030,Rational,4.1,pro,15,,1.0,13.0
1030,Rational,4.1,pro,16,1.0,1.0,1.0
1031,Rational,4.1 mini,flash,8,,,
1031,Rational,4.1 mini,flash,9,,,
1031,Rational,4.1 mini,flash,12,,,
1031,Rational,4.1 mini,flash,13,,,
1031,Rational,4.1 mini,flash,14,,,
1031,Rational,4.1 mini,flash,15,,,
1031,Rational,4.1 mini,flash,16,,,
1031,Rational,4.1 mini,flash,18,,,
1031,Rational,4.1 mini,flash,1,1.0,1.0,1.0
1031,Rational,4.1 mini,flash,2,1.0,1.0,1.0
1031,Rational,4.1 mini,flash,3,1.0,1.0,4.0
1031,Rational,4.1 mini,flash,4,,0.0,15.0
1031,Rational,4.1 mini,flash,5,1.0,1.0,1.0
1031,Rational,4.1 mini,flash,6,,2.0,8.0
1031,Rational,4.1 mini,flash,7,1.0,1.0,1.0
1031,Rational,4.1 mini,flash,10,,3.0,6.0
1031,Rational,4.1 mini,flash,11,1.0,1.0,2.0
1031,Rational,4.1 mini,flash,17,,3.0,8.0
1031,Rational,4.1 mini,flash,19,,0.0,15.0
1031,Rational,4.1 mini,flash,20,,0.0,15.0
1032,Rational,4.1,flash,4,,,
1032,Rational,4.1,flash,6,,,
1032,Rational,4.1,flash,7,,,
1032,Rational,4.1,flash,9,,,
1032,Rational,4.1,flash,11,,,
1032,Rational,4.1,flash,13,,,
1032,Rational,4.1,flash,14,,,
1032,Rational,4.1,flash,15,,,
1032,Rational,4.1,flash,16,,,
1032,Rational,4.1,flash,18,,,
1032,Rational,4.1,flash,19,,,
1032,Rational,4.1,flash,20,,,
1032,Rational,4.1,flash,1,1.0,1.0,2.0
1032,Rational,4.1,flash,2,1.0,1.0,2.0
1032,Rational,4.1,flash,3,1.0,1.0,1.0
1032,Rational,4.1,flash,5,1.0,1.0,1.0
1032,Rational,4.1,flash,8,1.0,1.0,1.0
1032,Rational,4.1,flash,10,2.0,2.0,2.0
1032,Rational,4.1,flash,12,1.0,1.0,1.0
1032,Rational,4.1,flash,17,,0.0,15.0
1033,Rational,flash,4.1 mini,3,,,
1033,Rational,flash,4.1 mini,4,,,
1033,Rational,flash,4.1 mini,8,,,
1033,Rational,flash,4.1 mini,9,,,
1033,Rational,flash,4.1 mini,12,,,
1033,Rational,flash,4.1 mini,13,,,
1033,Rational,flash,4.1 mini,14,,,
1033,Rational,flash,4.1 mini,16,,,
1033,Rational,flash,4.1 mini,17,,,
1033,Rational,flash,4.1 mini,18,,,
1033,Rational,flash,4.1 mini,19,,,
1033,Rational,flash,4.1 mini,20,,,
1033,Rational,flash,4.1 mini,1,1.0,1.0,1.0
1033,Rational,flash,4.1 mini,2,2.0,2.0,3.0
1033,Rational,flash,4.1 mini,5,,3.0,3.0
1033,Rational,flash,4.1 mini,6,1.0,1.0,1.0
1033,Rational,flash,4.1 mini,7,1.0,1.0,3.0
1033,Rational,flash,4.1 mini,10,1.0,1.0,1.0
1033,Rational,flash,4.1 mini,11,1.0,1.0,1.0
1033,Rational,flash,4.1 mini,15,1.0,1.0,1.0
1034,Rational,flash,haiku,3,,,
1034,Rational,flash,haiku,5,,,
1034,Rational,flash,haiku,8,,,
1034,Rational,flash,haiku,10,,,
1034,Rational,flash,haiku,12,,,
1034,Rational,flash,haiku,14,,,
1034,Rational,flash,haiku,16,,,
1034,Rational,flash,haiku,17,,,
1034,Rational,flash,haiku,18,,,
1034,Rational,flash,haiku,19,,,
1034,Rational,flash,haiku,1,2.0,1.0,9.0
1034,Rational,flash,haiku,2,,2.0,8.0
1034,Rational,flash,haiku,4,,0.0,15.0
1034,Rational,flash,haiku,6,3.0,3.0,4.0
1034,Rational,flash,haiku,7,2.0,2.0,2.0
1034,Rational,flash,haiku,9,1.0,1.0,1.0
1034,Rational,flash,haiku,11,1.0,1.0,1.0
1034,Rational,flash,haiku,13,,3.0,6.0
1034,Rational,flash,haiku,15,1.0,1.0,2.0
1034,Rational,flash,haiku,20,3.0,2.0,8.0
1035,Rational,4.1 mini,pro,5,,,
1035,Rational,4.1 mini,pro,11,,,
1035,Rational,4.1 mini,pro,12,,,
1035,Rational,4.1 mini,pro,13,,,
1035,Rational,4.1 mini,pro,14,,,
1035,Rational,4.1 mini,pro,17,,,
1035,Rational,4.1 mini,pro,19,,,
1035,Rational,4.1 mini,pro,20,,,
1035,Rational,4.1 mini,pro,1,1.0,1.0,2.0
1035,Rational,4.1 mini,pro,2,,0.0,15.0
1035,Rational,4.1 mini,pro,3,2.0,2.0,2.0
1035,Rational,4.1 mini,pro,4,1.0,1.0,1.0
1035,Rational,4.1 mini,pro,6,1.0,1.0,1.0
1035,Rational,4.1 mini,pro,7,1.0,1.0,1.0
1035,Rational,4.1 mini,pro,8,,0.0,15.0
1035,Rational,4.1 mini,pro,9,1.0,1.0,1.0
1035,Rational,4.1 mini,pro,10,1.0,1.0,1.0
1035,Rational,4.1 mini,pro,15,1.0,1.0,1.0
1035,Rational,4.1 mini,pro,16,,1.0,11.0
1035,Rational,4.1 mini,pro,18,1.0,1.0,1.0
1036,Rational,flash,sonnet,3,,,
1036,Rational,flash,sonnet,6,,,
1036,Rational,flash,sonnet,11,,,
1036,Rational,flash,sonnet,12,,,
1036,Rational,flash,sonnet,15,,,
1036,Rational,flash,sonnet,1,1.0,1.0,1.0
1036,Rational,flash,sonnet,2,,0.0,15.0
1036,Rational,flash,sonnet,4,1.0,1.0,1.0
1036,Rational,flash,sonnet,5,,0.0,15.0
1036,Rational,flash,sonnet,7,,0.0,15.0
1036,Rational,flash,sonnet,8,,0.0,15.0
1036,Rational,flash,sonnet,9,,0.0,15.0
1036,Rational,flash,sonnet,10,,0.0,15.0
1036,Rational,flash,sonnet,13,1.0,1.0,1.0
1036,Rational,flash,sonnet,14,,2.0,9.0
1036,Rational,flash,sonnet,16,1.0,1.0,1.0
1036,Rational,flash,sonnet,17,1.0,1.0,1.0
1036,Rational,flash,sonnet,18,,0.0,15.0
1036,Rational,flash,sonnet,19,,0.0,15.0
1036,Rational,flash,sonnet,20,1.0,1.0,5.0
1037,Rational,flash,4.1,2,,,
1037,Rational,flash,4.1,4,,,
1037,Rational,flash,4.1,6,,,
1037,Rational,flash,4.1,7,,,
1037,Rational,flash,4.1,9,,,
1037,Rational,flash,4.1,10,,,
1037,Rational,flash,4.1,11,,,
1037,Rational,flash,4.1,13,,,
1037,Rational,flash,4.1,14,,,
1037,Rational,flash,4.1,15,,,
1037,Rational,flash,4.1,16,,,
1037,Rational,flash,4.1,17,,,
1037,Rational,flash,4.1,18,,,
1037,Rational,flash,4.1,19,,,
1037,Rational,flash,4.1,1,1.0,1.0,1.0
1037,Rational,flash,4.1,3,1.0,1.0,1.0
1037,Rational,flash,4.1,5,1.0,1.0,1.0
1037,Rational,flash,4.1,8,1.0,1.0,1.0
1037,Rational,flash,4.1,12,1.0,1.0,1.0
1037,Rational,flash,4.1,20,,3.0,8.0
1038,Rational,pro,haiku,7,,,
1038,Rational,pro,haiku,9,,,
1038,Rational,pro,haiku,10,,,
1038,Rational,pro,haiku,11,,,
1038,Rational,pro,haiku,12,,,
1038,Rational,pro,haiku,14,,,
1038,Rational,pro,haiku,15,,,
1038,Rational,pro,haiku,17,,,
1038,Rational,pro,haiku,18,,,
1038,Rational,pro,haiku,19,,,
1038,Rational,pro,haiku,20,,,
1038,Rational,pro,haiku,1,3.0,2.0,11.0
1038,Rational,pro,haiku,2,,3.0,14.0
1038,Rational,pro,haiku,3,,3.0,8.0
1038,Rational,pro,haiku,4,1.0,1.0,1.0
1038,Rational,pro,haiku,5,1.0,1.0,1.0
1038,Rational,pro,haiku,6,3.0,1.0,13.0
1038,Rational,pro,haiku,8,3.0,2.0,10.0
1038,Rational,pro,haiku,13,,0.0,15.0
1038,Rational,pro,haiku,16,,3.0,4.0
1039,Rational,pro,sonnet,4,,,
1039,Rational,pro,sonnet,10,,,
1039,Rational,pro,sonnet,11,,,
1039,Rational,pro,sonnet,14,,,
1039,Rational,pro,sonnet,15,,,
1039,Rational,pro,sonnet,16,,,
1039,Rational,pro,sonnet,17,,,
1039,Rational,pro,sonnet,18,,,
1039,Rational,pro,sonnet,19,,,
1039,Rational,pro,sonnet,20,,,
1039,Rational,pro,sonnet,1,1.0,1.0,1.0
1039,Rational,pro,sonnet,2,1.0,1.0,2.0
1039,Rational,pro,sonnet,3,,0.0,15.0
1039,Rational,pro,sonnet,5,,3.0,3.0
1039,Rational,pro,sonnet,6,,0.0,15.0
1039,Rational,pro,sonnet,7,,0.0,15.0
1039,Rational,pro,sonnet,8,1.0,1.0,2.0
1039,Rational,pro,sonnet,9,1.0,1.0,1.0
1039,Rational,pro,sonnet,12,1.0,1.0,2.0
1039,Rational,pro,sonnet,13,1.0,1.0,1.0
1040,Rational,pro,4.1 mini,2,,,
1040,Rational,pro,4.1 mini,5,,,
1040,Rational,pro,4.1 mini,6,,,
1040,Rational,pro,4.1 mini,7,,,
1040,Rational,pro,4.1 mini,8,,,
1040,Rational,pro,4.1 mini,11,,,
1040,Rational,pro,4.1 mini,14,,,
1040,Rational,pro,4.1 mini,15,,,
1040,Rational,pro,4.1 mini,16,,,
1040,Rational,pro,4.1 mini,17,,,
1040,Rational,pro,4.1 mini,19,,,
1040,Rational,pro,4.1 mini,20,,,
1040,Rational,pro,4.1 mini,1,2.0,2.0,2.0
1040,Rational,pro,4.1 mini,3,1.0,1.0,1.0
1040,Rational,pro,4.1 mini,4,1.0,1.0,1.0
1040,Rational,pro,4.1 mini,9,,0.0,15.0
1040,Rational,pro,4.1 mini,10,1.0,1.0,1.0
1040,Rational,pro,4.1 mini,12,1.0,1.0,1.0
1040,Rational,pro,4.1 mini,13,1.0,1.0,1.0
1040,Rational,pro,4.1 mini,18,1.0,1.0,1.0
1041,Rational,pro,4.1,2,,,
1041,Rational,pro,4.1,6,,,
1041,Rational,pro,4.1,7,,,
1041,Rational,pro,4.1,8,,,
1041,Rational,pro,4.1,9,,,
1041,Rational,pro,4.1,11,,,
1041,Rational,pro,4.1,12,,,
1041,Rational,pro,4.1,14,,,
1041,Rational,pro,4.1,15,,,
1041,Rational,pro,4.1,16,,,
1041,Rational,pro,4.1,18,,,
1041,Rational,pro,4.1,19,,,
1041,Rational,pro,4.1,20,,,
1041,Rational,pro,4.1,1,1.0,1.0,1.0
1041,Rational,pro,4.1,3,3.0,3.0,3.0
1041,Rational,pro,4.1,4,,3.0,3.0
1041,Rational,pro,4.1,5,1.0,1.0,1.0
1041,Rational,pro,4.1,10,1.0,1.0,2.0
1041,Rational,pro,4.1,13,1.0,1.0,2.0
1041,Rational,pro,4.1,17,1.0,1.0,2.0
1042,Rational,pro,flash,6,,,
1042,Rational,pro,flash,8,,,
1042,Rational,pro,flash,10,,,
1042,Rational,pro,flash,12,,,
1042,Rational,pro,flash,13,,,
1042,Rational,pro,flash,14,,,
1042,Rational,pro,flash,16,,,
1042,Rational,pro,flash,17,,,
1042,Rational,pro,flash,18,,,
1042,Rational,pro,flash,19,,,
1042,Rational,pro,flash,20,,,
1042,Rational,pro,flash,1,1.0,1.0,1.0
1042,Rational,pro,flash,2,1.0,1.0,1.0
1042,Rational,pro,flash,3,,0.0,15.0
1042,Rational,pro,flash,4,1.0,1.0,1.0
1042,Rational,pro,flash,5,1.0,1.0,2.0
1042,Rational,pro,flash,7,1.0,1.0,1.0
1042,Rational,pro,flash,9,2.0,2.0,2.0
1042,Rational,pro,flash,11,1.0,1.0,1.0
1042,Rational,pro,flash,15,1.0,1.0,1.0
1043,Rational,pro,pro,5,,,
1043,Rational,pro,pro,10,,,
1043,Rational,pro,pro,11,,,
1043,Rational,pro,pro,13,,,
1043,Rational,pro,pro,15,,,
1043,Rational,pro,pro,16,,,
1043,Rational,pro,pro,18,,,
1043,Rational,pro,pro,19,,,
1043,Rational,pro,pro,20,,,
1043,Rational,pro,pro,1,1.0,1.0,3.0
1043,Rational,pro,pro,2,1.0,1.0,1.0
1043,Rational,pro,pro,3,1.0,1.0,1.0
1043,Rational,pro,pro,4,1.0,1.0,1.0
1043,Rational,pro,pro,6,1.0,1.0,1.0
1043,Rational,pro,pro,7,1.0,1.0,1.0
1043,Rational,pro,pro,8,1.0,1.0,1.0
1043,Rational,pro,pro,9,1.0,1.0,2.0
1043,Rational,pro,pro,12,1.0,1.0,1.0
1043,Rational,pro,pro,14,1.0,1.0,1.0
1043,Rational,pro,pro,17,1.0,1.0,1.0
