Classname,game_id,SetupID,MutantID,turn,attempt,submission
Complex,223,setup_2,10338,1,1,2
Complex,223,setup_2,10461,2,1,2
Complex,223,setup_2,10772,4,3,1
Complex,223,setup_2,10831,5,1,1
Complex,223,setup_2,11021,6,2,2
Complex,223,setup_2,11402,10,1,1
Complex,223,setup_2,11736,13,3,1
Complex,223,setup_2,11837,14,3,1
Complex,227,setup_14,10371,1,1,1
Complex,227,setup_14,10500,2,1,1
Complex,227,setup_14,10691,3,1,1
Complex,227,setup_14,10822,4,1,1
Complex,227,setup_14,10892,5,1,1
Complex,227,setup_14,11096,6,2,1
Complex,227,setup_14,11173,7,1,2
Complex,227,setup_14,11793,13,1,1
Complex,229,setup_18,10318,1,1,1
Complex,229,setup_18,10335,2,1,1
Complex,229,setup_18,10522,3,2,1
Complex,229,setup_18,10733,4,1,1
Complex,229,setup_18,10911,6,3,1
Complex,229,setup_18,11198,9,1,1
Complex,229,setup_18,11325,10,1,1
Complex,229,setup_18,11605,13,1,1
Complex,229,setup_18,11664,14,1,1
Complex,229,setup_18,11783,16,1,1
Complex,229,setup_18,11981,17,3,1
Complex,230,setup_12,10421,1,1,1
Complex,230,setup_12,10477,2,1,1
Complex,230,setup_12,10675,3,1,2
Complex,230,setup_12,10790,4,1,1
Complex,230,setup_12,11035,5,2,1
Complex,230,setup_12,11133,6,1,1
Complex,230,setup_12,11293,7,1,1
Complex,230,setup_12,11415,8,1,1
Complex,230,setup_12,11551,10,1,1
Complex,230,setup_12,11770,11,3,1
Complex,230,setup_12,11961,12,3,1
Complex,230,setup_12,12125,13,3,1
Complex,230,setup_12,12318,14,3,1
Complex,231,setup_1,10360,1,1,1
Complex,231,setup_1,10450,2,1,1
Complex,231,setup_1,10680,3,3,1
Complex,231,setup_1,10888,4,1,1
Complex,231,setup_1,11321,7,3,1
Complex,235,setup_21,10392,1,1,1
Complex,235,setup_21,10442,2,1,1
Complex,235,setup_21,10481,3,1,1
Complex,235,setup_21,10653,4,1,1
Complex,235,setup_21,10689,5,1,1
Complex,235,setup_21,10844,6,3,1
Complex,235,setup_21,10919,7,2,1
Complex,235,setup_21,11218,11,1,1
Complex,235,setup_21,11307,12,1,1
Complex,235,setup_21,11710,17,3,1
Complex,235,setup_21,11928,18,3,1
Complex,236,setup_15,10352,1,1,1
Complex,236,setup_15,10512,2,2,1
Complex,236,setup_15,10763,3,2,1
Complex,236,setup_15,10879,4,2,1
Complex,236,setup_15,11381,8,2,1
Complex,236,setup_15,11498,9,1,1
Complex,236,setup_15,11547,10,1,1
Complex,236,setup_15,11723,11,3,1
Complex,236,setup_15,11910,13,1,1
Complex,236,setup_15,12001,14,2,1
Complex,236,setup_15,12038,15,1,1
Complex,236,setup_15,12098,16,2,1
Complex,236,setup_15,12298,18,3,1
Complex,236,setup_15,12537,20,3,1
Complex,237,setup_0,10343,1,1,1
Complex,237,setup_0,10468,2,2,1
Complex,237,setup_0,10703,3,3,1
Complex,237,setup_0,10900,5,1,1
Complex,237,setup_0,11740,12,1,2
Complex,238,setup_13,10324,1,1,1
Complex,238,setup_13,10384,2,1,1
Complex,238,setup_13,10486,3,1,1
Complex,238,setup_13,10656,4,1,1
Complex,238,setup_13,10780,5,1,1
Complex,238,setup_13,10873,6,1,1
Complex,238,setup_13,11079,7,1,1
Complex,238,setup_13,11216,8,3,1
Complex,238,setup_13,11649,11,2,1
Complex,238,setup_13,11754,12,2,1
Complex,238,setup_13,12009,15,1,1
Complex,238,setup_13,12314,19,2,1
Complex,240,setup_19,10322,1,1,1
Complex,240,setup_19,10473,3,2,1
Complex,240,setup_19,10562,4,1,1
Complex,240,setup_19,10687,5,1,1
Complex,240,setup_19,10712,6,1,1
Complex,240,setup_19,10838,8,1,1
Complex,240,setup_19,11030,9,3,1
Complex,240,setup_19,11186,12,2,1
Complex,240,setup_19,11440,14,2,1
Complex,240,setup_19,11492,15,1,1
Complex,241,setup_20,10388,1,1,1
Complex,241,setup_20,10444,2,1,1
Complex,241,setup_20,10581,3,1,1
Complex,241,setup_20,10778,5,2,1
Complex,241,setup_20,11063,8,3,1
Complex,241,setup_20,11762,18,2,1
Complex,242,setup_3,12409,20,3,1
Complex,242,setup_3,10408,1,1,1
Complex,242,setup_3,10546,2,1,1
Complex,242,setup_3,10861,4,2,1
Complex,242,setup_3,11342,9,1,1
Complex,242,setup_3,12283,19,1,1
Complex,243,setup_6,12423,6,1,1
Complex,243,setup_6,11947,1,1,1
Complex,243,setup_6,12046,2,1,1
Complex,243,setup_6,12584,8,1,1
SparseIntArray,374,setup_159,15442,1,1,1
SparseIntArray,374,setup_159,15482,2,1,1
SparseIntArray,374,setup_159,15663,3,2,2
SparseIntArray,374,setup_159,16123,5,2,3
SparseIntArray,374,setup_159,16570,7,3,3
SparseIntArray,374,setup_159,16766,8,1,3
SparseIntArray,374,setup_159,16892,9,3,1
SparseIntArray,374,setup_159,17248,11,1,2
SparseIntArray,374,setup_159,17350,12,2,1
SparseIntArray,374,setup_159,17414,13,1,1
SparseIntArray,374,setup_159,17801,15,3,1
SparseIntArray,374,setup_159,18208,17,3,1
SparseIntArray,374,setup_159,18469,18,3,2
SparseIntArray,375,setup_153,15432,1,1,1
SparseIntArray,375,setup_153,15560,2,2,1
SparseIntArray,376,setup_158,16462,8,3,2
SparseIntArray,376,setup_158,15444,1,1,1
SparseIntArray,376,setup_158,15477,2,1,1
SparseIntArray,376,setup_158,15527,3,1,1
SparseIntArray,376,setup_158,15725,4,2,2
SparseIntArray,376,setup_158,15784,5,1,1
SparseIntArray,376,setup_158,16071,6,3,1
SparseIntArray,376,setup_158,16789,9,3,1
SparseIntArray,376,setup_158,17000,10,3,2
SparseIntArray,376,setup_158,17228,11,3,1
SparseIntArray,376,setup_158,17453,12,3,2
SparseIntArray,376,setup_158,17592,13,1,4
SparseIntArray,376,setup_158,17651,14,1,1
SparseIntArray,376,setup_158,17999,16,2,1
SparseIntArray,376,setup_158,18324,18,1,1
SparseIntArray,377,setup_156,15514,1,1,1
SparseIntArray,377,setup_156,15628,2,1,2
SparseIntArray,377,setup_156,15747,3,1,1
SparseIntArray,377,setup_156,15926,4,1,1
SparseIntArray,377,setup_156,16215,5,3,2
SparseIntArray,377,setup_156,16274,6,1,1
SparseIntArray,377,setup_156,16865,9,2,1
SparseIntArray,377,setup_156,16970,10,1,1
SparseIntArray,377,setup_156,17021,11,1,1
SparseIntArray,377,setup_156,17294,13,1,1
SparseIntArray,377,setup_156,17567,14,2,1
SparseIntArray,377,setup_156,17969,17,1,1
SparseIntArray,377,setup_156,18421,18,3,4
SparseIntArray,377,setup_156,18775,19,3,2
SparseIntArray,379,setup_150,15470,1,1,1
SparseIntArray,379,setup_150,15512,2,1,1
SparseIntArray,380,setup_165,15424,1,1,1
SparseIntArray,380,setup_165,15452,2,1,1
SparseIntArray,380,setup_165,15509,3,2,1
SparseIntArray,380,setup_165,15557,4,2,1
SparseIntArray,380,setup_165,16631,18,2,1
SparseIntArray,380,setup_165,16779,20,1,1
SparseIntArray,383,setup_164,15426,1,1,1
SparseIntArray,383,setup_164,15448,2,1,1
SparseIntArray,383,setup_164,15525,4,1,1
SparseIntArray,383,setup_164,15639,5,3,1
SparseIntArray,383,setup_164,15739,6,1,2
SparseIntArray,383,setup_164,16150,11,2,1
SparseIntArray,383,setup_164,16190,12,1,1
SparseIntArray,383,setup_164,16304,14,2,1
SparseIntArray,383,setup_164,16655,19,2,1
SparseIntArray,384,setup_151,15434,1,1,1
SparseIntArray,384,setup_151,15611,2,1,1
SparseIntArray,387,setup_152,15436,1,1,1
SparseIntArray,387,setup_152,15592,2,1,1
SparseIntArray,390,setup_163,15430,1,1,1
SparseIntArray,390,setup_163,15440,2,1,1
SparseIntArray,390,setup_163,15480,3,2,1
SparseIntArray,390,setup_163,15632,5,3,1
SparseIntArray,390,setup_163,16179,11,3,1
SparseIntArray,390,setup_163,17252,17,3,1
SparseIntArray,394,setup_162,15428,1,1,1
SparseIntArray,394,setup_162,15576,2,2,2
SparseIntArray,394,setup_162,15828,3,2,1
SparseIntArray,394,setup_162,15966,4,1,1
SparseIntArray,394,setup_162,16065,5,2,1
SparseIntArray,394,setup_162,16284,7,1,1
SparseIntArray,394,setup_162,16550,10,1,1
SparseIntArray,394,setup_162,16591,11,2,1
SparseIntArray,394,setup_162,16825,13,2,1
SparseIntArray,394,setup_162,16900,14,1,1
SparseIntArray,394,setup_162,16974,15,2,1
SparseIntArray,394,setup_162,17019,16,1,1
SparseIntArray,394,setup_162,17207,17,3,1
SparseIntArray,394,setup_162,17298,18,1,1
SparseIntArray,394,setup_162,17394,19,3,1
SparseIntArray,394,setup_162,17654,20,2,1
IntHashMap,413,setup_194,20895,11,1,1
IntHashMap,413,setup_194,23109,18,2,1
IntHashMap,413,setup_194,23497,20,2,1
IntHashMap,413,setup_194,18931,1,1,1
IntHashMap,413,setup_194,19027,2,1,1
IntHashMap,413,setup_194,19462,3,3,1
IntHashMap,413,setup_194,19584,4,1,1
IntHashMap,413,setup_194,19778,5,1,1
IntHashMap,413,setup_194,20040,6,2,1
IntHashMap,413,setup_194,20271,7,1,1
IntHashMap,413,setup_194,20478,8,1,1
IntHashMap,413,setup_194,20601,9,1,1
IntHashMap,413,setup_194,20770,10,1,1
IntHashMap,413,setup_194,21872,14,3,1
IntHashMap,413,setup_194,22259,15,2,1
IntHashMap,413,setup_194,22495,16,1,1
IntHashMap,414,setup_195,20596,8,1,1
IntHashMap,414,setup_195,20785,9,1,1
IntHashMap,414,setup_195,21286,11,2,1
IntHashMap,414,setup_195,23589,19,3,1
IntHashMap,414,setup_195,23830,20,1,1
IntHashMap,414,setup_195,18890,1,1,1
IntHashMap,414,setup_195,19001,2,1,1
IntHashMap,414,setup_195,19594,3,2,1
IntHashMap,414,setup_195,19773,4,1,1
IntHashMap,414,setup_195,20110,6,1,1
IntHashMap,414,setup_195,21623,12,2,1
IntHashMap,414,setup_195,20358,7,1,1
IntHashMap,414,setup_195,21039,10,1,1
IntHashMap,414,setup_195,21876,13,1,1
IntHashMap,414,setup_195,22293,14,2,1
IntHashMap,418,setup_200,20183,10,2,1
IntHashMap,418,setup_200,20307,11,1,1
IntHashMap,418,setup_200,20822,13,2,1
IntHashMap,418,setup_200,21032,14,1,1
IntHashMap,418,setup_200,21281,15,1,1
IntHashMap,418,setup_200,22951,20,3,1
IntHashMap,418,setup_200,18939,1,1,1
IntHashMap,418,setup_200,19019,2,1,1
IntHashMap,418,setup_200,19137,3,1,1
IntHashMap,418,setup_200,19258,4,1,1
IntHashMap,418,setup_200,19305,5,1,1
IntHashMap,418,setup_200,19455,6,1,1
IntHashMap,418,setup_200,19523,7,1,1
IntHashMap,418,setup_200,19798,8,2,1
IntHashMap,418,setup_200,20007,9,2,1
IntHashMap,418,setup_200,20580,12,2,2
IntHashMap,418,setup_200,21742,17,1,1
IntHashMap,418,setup_200,22123,18,3,1
IntHashMap,418,setup_200,22507,19,3,1
IntHashMap,419,setup_201,20280,12,1,1
IntHashMap,419,setup_201,20720,14,1,1
IntHashMap,419,setup_201,21288,16,1,1
IntHashMap,419,setup_201,18887,1,1,1
IntHashMap,419,setup_201,18927,2,1,1
IntHashMap,419,setup_201,18989,3,1,1
IntHashMap,419,setup_201,19105,4,1,1
IntHashMap,419,setup_201,19262,5,1,1
IntHashMap,419,setup_201,19293,6,1,1
IntHashMap,419,setup_201,19505,7,2,1
IntHashMap,419,setup_201,19795,9,1,1
IntHashMap,419,setup_201,21574,17,2,2
IntHashMap,419,setup_201,20019,10,1,1
IntHashMap,419,setup_201,20106,11,1,1
IntHashMap,419,setup_201,20561,13,1,1
IntHashMap,419,setup_201,21047,15,3,1
IntHashMap,419,setup_201,21950,19,1,2
Rational,438,setup_50,18959,1,1,1
Rational,438,setup_50,19034,2,1,1
Rational,438,setup_50,19175,3,1,1
Rational,438,setup_50,19314,4,1,1
Rational,438,setup_50,19515,5,2,1
Rational,438,setup_50,19583,6,1,1
Rational,438,setup_50,19701,7,1,1
Rational,438,setup_50,19897,9,1,1
Rational,438,setup_50,20369,11,3,1
Rational,438,setup_50,20670,12,2,1
Rational,438,setup_50,21683,18,3,1
Rational,438,setup_50,21884,19,1,1
Rational,439,setup_51,21498,15,1,1
Rational,439,setup_51,18950,1,1,1
Rational,439,setup_51,18996,2,1,1
Rational,439,setup_51,19277,3,1,1
Rational,439,setup_51,19493,4,1,1
Rational,439,setup_51,19553,5,1,1
Rational,439,setup_51,19748,6,2,1
Rational,439,setup_51,19972,7,1,1
Rational,439,setup_51,20313,8,3,1
Rational,439,setup_51,20506,9,1,1
Rational,439,setup_51,20682,10,1,1
Rational,439,setup_51,20853,11,1,1
Rational,439,setup_51,20950,12,1,1
Rational,439,setup_51,21318,14,2,1
Rational,439,setup_51,21833,16,2,1
Rational,439,setup_51,22584,20,1,1
Rational,443,setup_56,18966,1,1,1
Rational,443,setup_56,19153,2,3,1
Rational,443,setup_56,19491,6,1,1
Rational,443,setup_56,19805,8,1,1
Rational,443,setup_56,19901,9,2,1
Rational,443,setup_56,20915,16,2,1
Rational,444,setup_57,19139,1,1,1
Rational,444,setup_57,19230,2,1,1
Rational,444,setup_57,19333,3,1,1
Rational,444,setup_57,19469,4,1,1
Rational,444,setup_57,19610,5,1,1
Rational,444,setup_57,19872,8,1,1
Rational,444,setup_57,20115,9,2,1
Rational,444,setup_57,20626,12,1,1
Rational,444,setup_57,20884,13,2,1
Rational,444,setup_57,21238,15,2,1
Rational,444,setup_57,21336,16,1,1
Rational,444,setup_57,21659,18,1,1
Option,460,setup_84,23397,12,2,1
Option,460,setup_84,23861,14,2,1
Option,460,setup_84,24046,15,1,1
Option,460,setup_84,24303,16,1,1
Option,460,setup_84,24552,17,2,1
Option,460,setup_84,20726,1,1,1
Option,460,setup_84,20872,2,1,1
Option,460,setup_84,21087,3,1,1
Option,460,setup_84,21306,4,1,1
Option,460,setup_84,21616,5,2,1
Option,460,setup_84,21816,6,1,1
Option,460,setup_84,22008,7,1,1
Option,460,setup_84,22426,8,2,1
Option,460,setup_84,22603,9,1,1
Option,460,setup_84,22929,10,2,1
Option,460,setup_84,23146,11,1,1
Option,460,setup_84,23604,13,1,1
Option,463,setup_86,23487,6,2,1
Option,463,setup_86,23920,8,1,1
Option,463,setup_86,24597,11,1,1
Option,463,setup_86,22129,1,1,1
Option,463,setup_86,22346,2,1,1
Option,463,setup_86,23025,4,2,1
Option,463,setup_86,23239,5,1,1
Option,463,setup_86,25846,15,3,1
Option,463,setup_86,26740,18,1,1
Option,463,setup_86,26922,19,1,1
Option,464,setup_87,23546,6,1,1
Option,464,setup_87,23890,7,3,1
Option,464,setup_87,24483,9,3,1
Option,464,setup_87,25011,11,1,1
Option,464,setup_87,25309,12,3,1
Option,464,setup_87,22144,1,1,1
Option,464,setup_87,22439,2,1,1
Option,464,setup_87,22761,3,2,1
Option,464,setup_87,24106,8,1,1
Option,464,setup_87,25937,14,1,1
Option,464,setup_87,26159,15,1,1
Option,464,setup_87,25695,13,3,1
Option,464,setup_87,26724,17,1,1
Option,465,setup_90,23704,10,1,1
Option,465,setup_90,23904,11,1,1
Option,465,setup_90,24129,12,1,1
Option,465,setup_90,24286,13,1,1
Option,465,setup_90,24593,14,1,1
Option,465,setup_90,24784,15,1,1
Option,465,setup_90,24984,16,1,1
Option,465,setup_90,25169,17,1,1
Option,465,setup_90,25332,18,1,1
Option,465,setup_90,25543,19,1,1
Option,465,setup_90,25728,20,1,1
Option,465,setup_90,22309,1,1,1
Option,465,setup_90,22478,2,1,1
Option,465,setup_90,22681,3,1,1
Option,465,setup_90,22785,4,1,1
Option,465,setup_90,22941,5,1,1
Option,465,setup_90,23054,6,1,1
Option,465,setup_90,23179,7,1,1
Option,465,setup_90,23292,8,1,1
Option,465,setup_90,23432,9,1,1
Option,466,setup_91,24080,10,1,1
Option,466,setup_91,24259,11,1,1
Option,466,setup_91,24433,12,1,1
Option,466,setup_91,24547,13,1,1
Option,466,setup_91,24765,14,1,1
Option,466,setup_91,25016,15,1,1
Option,466,setup_91,25234,16,1,1
Option,466,setup_91,25444,17,1,1
Option,466,setup_91,22354,1,1,1
Option,466,setup_91,22529,2,1,1
Option,466,setup_91,22747,3,1,1
Option,466,setup_91,22901,4,1,1
Option,466,setup_91,23158,5,1,1
Option,466,setup_91,23373,6,1,1
Option,466,setup_91,23550,7,1,1
Option,466,setup_91,23723,8,1,1
Option,466,setup_91,23935,9,1,1
Option,466,setup_91,25701,18,1,2
Option,466,setup_91,25903,19,1,1
Option,466,setup_91,26132,20,1,1
XmlElement,470,setup_108,22895,1,1,1
XmlElement,470,setup_108,23113,2,1,1
XmlElement,470,setup_108,23247,3,1,1
XmlElement,470,setup_108,23571,4,2,1
XmlElement,470,setup_108,23795,5,1,1
XmlElement,470,setup_108,23994,6,1,2
XmlElement,470,setup_108,24210,7,1,1
XmlElement,470,setup_108,24464,8,1,1
XmlElement,470,setup_108,24711,9,3,1
XmlElement,470,setup_108,24970,10,2,1
XmlElement,470,setup_108,25319,12,2,1
XmlElement,470,setup_108,25460,13,1,1
XmlElement,470,setup_108,25810,15,1,1
XmlElement,470,setup_108,26112,16,3,1
XmlElement,470,setup_108,26372,17,1,1
XmlElement,470,setup_108,26634,18,3,1
XmlElement,470,setup_108,27027,19,3,1
XmlElement,470,setup_108,27230,20,1,1
XmlElement,471,setup_109,23008,1,1,1
XmlElement,471,setup_109,23189,2,1,1
XmlElement,471,setup_109,23369,3,1,1
XmlElement,471,setup_109,23566,4,1,1
XmlElement,471,setup_109,23771,5,1,1
XmlElement,471,setup_109,23924,6,1,1
XmlElement,471,setup_109,24125,7,1,1
XmlElement,471,setup_109,24438,8,2,1
XmlElement,471,setup_109,24614,9,1,1
XmlElement,471,setup_109,24878,10,1,1
XmlElement,471,setup_109,25107,11,1,1
XmlElement,471,setup_109,25250,12,1,1
XmlElement,471,setup_109,25527,13,3,2
XmlElement,471,setup_109,25794,14,1,1
XmlElement,471,setup_109,26100,15,2,1
XmlElement,471,setup_109,26366,16,1,1
XmlElement,471,setup_109,26604,17,1,1
XmlElement,471,setup_109,26945,18,2,1
XmlElement,471,setup_109,27213,19,1,1
XmlElement,471,setup_109,27469,20,3,1
XmlElement,473,setup_110,23040,1,1,1
XmlElement,473,setup_110,23175,2,2,1
XmlElement,473,setup_110,23271,3,2,1
XmlElement,473,setup_110,23617,6,1,1
XmlElement,473,setup_110,23998,9,1,1
XmlElement,473,setup_110,24842,14,1,1
XmlElement,473,setup_110,25131,15,1,1
XmlElement,473,setup_110,25878,18,2,1
XmlElement,474,setup_111,23106,1,1,1
XmlElement,474,setup_111,23251,2,1,1
XmlElement,474,setup_111,23315,3,1,1
XmlElement,474,setup_111,23515,4,1,1
XmlElement,474,setup_111,23739,5,1,1
XmlElement,474,setup_111,23952,6,2,1
XmlElement,474,setup_111,24200,7,1,1
XmlElement,474,setup_111,24445,8,1,1
XmlElement,474,setup_111,24745,10,2,1
XmlElement,474,setup_111,24987,11,1,1
XmlElement,474,setup_111,25290,12,3,1
XmlElement,474,setup_111,25647,14,3,1
XmlElement,474,setup_111,25972,15,3,1
XmlElement,474,setup_111,26412,17,2,1
XmlElement,474,setup_111,26683,18,1,1
XmlElement,474,setup_111,27005,19,1,1
XmlElement,474,setup_111,27245,20,1,1
XmlElement,475,setup_114,23354,1,1,2
XmlElement,476,setup_115,23639,2,1,2
XmlElement,476,setup_115,23872,3,1,4
XmlElement,476,setup_115,24110,4,1,4
XmlElement,476,setup_115,24374,5,1,3
XmlElement,476,setup_115,25626,11,2,2
XmlElement,476,setup_115,25921,12,1,3
XmlElement,476,setup_115,27175,18,3,1
XmlElement,478,setup_116,23821,1,1,3
XmlElement,479,setup_117,23956,1,1,1
XmlElement,479,setup_117,24477,3,1,1
XmlElement,479,setup_117,24822,5,1,1
XmlElement,479,setup_117,25434,7,3,4
XmlElement,479,setup_117,26232,10,2,2
XmlElement,479,setup_117,26650,12,1,1
XmlElement,479,setup_117,27066,13,2,3
XmlElement,485,setup_120,28030,12,1,1
XmlElement,485,setup_120,25556,1,1,1
XmlElement,485,setup_120,25812,2,1,1
XmlElement,485,setup_120,26155,3,2,2
XmlElement,485,setup_120,26318,4,1,1
XmlElement,485,setup_120,26729,6,1,2
XmlElement,485,setup_120,26963,7,2,2
XmlElement,485,setup_120,27270,8,2,2
XmlElement,485,setup_120,27631,10,1,1
XmlElement,485,setup_120,27816,11,2,1
XmlElement,485,setup_120,28328,14,1,1
XmlElement,485,setup_120,28499,15,3,1
XmlElement,485,setup_120,28707,17,1,1
XmlElement,485,setup_120,28769,18,1,1
XmlElement,485,setup_120,28887,19,2,1
XmlElement,485,setup_120,28989,20,2,1
XmlElement,486,setup_121,25828,1,1,1
XmlElement,486,setup_121,26008,2,1,1
XmlElement,486,setup_121,26186,3,1,1
XmlElement,486,setup_121,26376,4,1,1
XmlElement,486,setup_121,26542,5,1,1
XmlElement,486,setup_121,26747,6,1,1
XmlElement,486,setup_121,27058,7,1,2
XmlElement,486,setup_121,27262,8,1,1
XmlElement,486,setup_121,27324,9,1,1
XmlElement,486,setup_121,27503,10,1,1
XmlElement,486,setup_121,27913,11,3,1
XmlElement,486,setup_121,28127,12,1,1
XmlElement,486,setup_121,28362,13,1,1
XmlElement,486,setup_121,28530,14,1,1
XmlElement,486,setup_121,28691,15,1,1
XmlElement,486,setup_121,28841,16,1,1
XmlElement,486,setup_121,29036,18,2,1
XmlElement,486,setup_121,29063,19,1,1
XmlElement,486,setup_121,29122,20,2,1
XmlElement,488,setup_122,28021,13,2,1
XmlElement,488,setup_122,26305,1,1,1
XmlElement,488,setup_122,26370,2,1,1
XmlElement,488,setup_122,26500,3,1,1
XmlElement,488,setup_122,26707,4,3,1
XmlElement,488,setup_122,26939,5,1,1
XmlElement,488,setup_122,27023,6,1,1
XmlElement,488,setup_122,27249,7,1,1
XmlElement,488,setup_122,27437,8,2,1
XmlElement,488,setup_122,27647,10,1,1
XmlElement,488,setup_122,27724,11,1,1
XmlElement,488,setup_122,28494,17,3,1
XmlElement,489,setup_123,28085,11,1,1
XmlElement,489,setup_123,26448,1,1,1
XmlElement,489,setup_123,26599,2,1,1
XmlElement,489,setup_123,26856,3,1,1
XmlElement,489,setup_123,27078,4,3,1
XmlElement,489,setup_123,27129,5,1,1
XmlElement,489,setup_123,27331,6,3,1
XmlElement,489,setup_123,27517,7,1,1
XmlElement,489,setup_123,27667,8,1,1
XmlElement,489,setup_123,27759,9,1,1
XmlElement,489,setup_123,27946,10,2,1
XmlElement,489,setup_123,28194,12,1,1
XmlElement,489,setup_123,29003,19,2,1
XmlElement,489,setup_123,29097,20,3,1
XmlElement,490,setup_126,28047,11,2,1
XmlElement,490,setup_126,26616,1,1,1
XmlElement,490,setup_126,26791,2,1,1
XmlElement,490,setup_126,26982,3,2,1
XmlElement,490,setup_126,27158,4,1,1
XmlElement,490,setup_126,27375,5,3,1
XmlElement,490,setup_126,27457,6,1,1
XmlElement,490,setup_126,27552,7,2,1
XmlElement,490,setup_126,27727,8,1,1
XmlElement,490,setup_126,27811,9,2,1
XmlElement,490,setup_126,27857,10,1,1
XmlElement,490,setup_126,28234,12,2,1
XmlElement,490,setup_126,28385,13,2,1
XmlElement,490,setup_126,28435,14,2,1
XmlElement,490,setup_126,28597,16,2,1
XmlElement,490,setup_126,28810,18,3,1
XmlElement,490,setup_126,28882,19,2,1
XmlElement,490,setup_126,28913,20,1,1
XmlElement,491,setup_127,28069,10,2,1
XmlElement,491,setup_127,26862,1,1,1
XmlElement,491,setup_127,26920,2,1,1
XmlElement,491,setup_127,27003,3,2,1
XmlElement,491,setup_127,27190,4,1,1
XmlElement,491,setup_127,27396,5,1,1
XmlElement,491,setup_127,27460,6,1,1
XmlElement,491,setup_127,27530,7,2,1
XmlElement,491,setup_127,27767,8,2,1
XmlElement,491,setup_127,28260,11,1,1
XmlElement,491,setup_127,28468,12,3,1
XmlElement,491,setup_127,28641,13,2,1
XmlElement,491,setup_127,28686,14,2,1
XmlElement,491,setup_127,28825,15,1,1
XmlElement,491,setup_127,28943,16,3,1
XmlElement,491,setup_127,29019,17,1,1
XmlElement,491,setup_127,29105,18,1,1
XmlElement,491,setup_127,29127,19,2,1
XmlElement,491,setup_127,29156,20,1,1
XmlElement,493,setup_128,28027,12,3,1
XmlElement,493,setup_128,28063,13,1,1
XmlElement,493,setup_128,26888,1,1,1
XmlElement,493,setup_128,26965,2,1,1
XmlElement,493,setup_128,27038,3,1,1
XmlElement,493,setup_128,27199,4,3,1
XmlElement,493,setup_128,27266,5,1,1
XmlElement,493,setup_128,27327,6,2,1
XmlElement,493,setup_128,27412,7,1,1
XmlElement,493,setup_128,27582,8,2,1
XmlElement,493,setup_128,27651,9,1,1
XmlElement,493,setup_128,27720,10,2,1
XmlElement,493,setup_128,27871,11,1,1
XmlElement,493,setup_128,28143,14,1,1
XmlElement,493,setup_128,28228,15,3,1
XmlElement,493,setup_128,28324,16,2,1
XmlElement,493,setup_128,28402,17,1,1
XmlElement,493,setup_128,28440,18,2,1
XmlElement,494,setup_129,27991,8,1,1
XmlElement,494,setup_129,27146,1,1,1
XmlElement,494,setup_129,27211,2,1,1
XmlElement,494,setup_129,27380,3,1,1
XmlElement,494,setup_129,27568,4,2,1
XmlElement,494,setup_129,27685,5,2,1
XmlElement,494,setup_129,27743,6,1,1
XmlElement,494,setup_129,27929,7,1,1
XmlElement,494,setup_129,28175,9,1,1
XmlElement,494,setup_129,28346,10,2,1
XmlElement,494,setup_129,28404,11,1,1
XmlElement,494,setup_129,28450,13,1,1
XmlElement,494,setup_129,28610,14,3,1
XmlElement,494,setup_129,28719,16,1,1
XmlElement,494,setup_129,28772,17,2,1
XmlElement,494,setup_129,28851,18,2,1
XmlElement,494,setup_129,28857,19,1,1
ByteVector,496,setup_234,29345,1,1,1
ByteVector,496,setup_234,29376,2,1,1
ByteVector,496,setup_234,29584,3,1,1
ByteVector,496,setup_234,29757,4,1,1
ByteVector,497,setup_228,29380,1,1,3
ByteVector,497,setup_228,29552,2,1,1
ByteVector,497,setup_228,29705,3,1,1
ByteVector,497,setup_228,30040,4,3,1
ByteVector,497,setup_228,30255,5,2,1
ByteVector,497,setup_228,30681,7,2,1
ByteVector,497,setup_228,30872,8,1,1
ByteVector,497,setup_228,31061,9,1,1
ByteVector,497,setup_228,31199,10,1,1
ByteVector,497,setup_228,31432,11,3,1
ByteVector,497,setup_228,31691,12,3,1
ByteVector,497,setup_228,31874,13,1,1
ByteVector,497,setup_228,32132,14,2,1
ByteVector,497,setup_228,33143,19,2,1
ByteVector,505,setup_225,29211,1,1,1
ByteVector,505,setup_225,29316,2,1,1
ByteVector,505,setup_225,29511,3,1,2
ByteVector,505,setup_225,29650,4,1,1
ByteVector,505,setup_225,30045,6,2,1
ByteVector,505,setup_225,30291,7,1,3
ByteVector,505,setup_225,30625,9,1,1
ByteVector,505,setup_225,30783,10,1,1
ByteVector,505,setup_225,30901,11,1,1
ByteVector,505,setup_225,32473,16,1,1
ByteVector,505,setup_225,32636,17,1,1
ByteVector,505,setup_225,32765,18,1,2
ByteVector,508,setup_237,30030,9,1,2
ByteVector,508,setup_237,31053,15,3,1
ByteVector,508,setup_237,31369,17,2,1
ByteVector,508,setup_237,31683,19,1,1
ByteVector,508,setup_237,29852,7,1,1
ByteVector,508,setup_237,29172,1,1,1
ByteVector,508,setup_237,29325,2,1,1
ByteVector,508,setup_237,29365,3,1,1
ByteVector,508,setup_237,29465,4,1,1
ByteVector,508,setup_237,29572,5,1,1
ByteVector,508,setup_237,29648,6,1,1
ByteVector,508,setup_237,29947,8,1,1
ByteVector,508,setup_237,30103,10,1,2
ByteVector,508,setup_237,30575,12,1,2
ByteVector,508,setup_237,31542,18,3,2
ByteVector,508,setup_237,31827,20,1,2
ByteVector,510,setup_231,29231,1,1,2
ByteVector,510,setup_231,29337,2,1,1
ByteVector,510,setup_231,29680,4,2,1
ByteVector,510,setup_231,30203,6,2,1
ByteVector,510,setup_231,30672,8,2,1
ByteVector,510,setup_231,31716,15,1,1
ByteVector,510,setup_231,31998,16,3,1
ByteVector,510,setup_231,32203,17,3,1
ByteVector,510,setup_231,32400,18,3,1
ByteVector,510,setup_231,32645,20,1,1
ByteVector,511,setup_218,29861,6,1,1
ByteVector,511,setup_218,29183,1,1,1
ByteVector,511,setup_218,29236,2,1,1
ByteVector,511,setup_218,29493,3,3,1
ByteVector,511,setup_218,29601,4,2,1
ByteVector,511,setup_218,30025,7,2,1
ByteVector,511,setup_218,30181,8,2,1
ByteVector,511,setup_218,30567,10,2,1
ByteVector,511,setup_218,30713,11,1,1
ByteVector,511,setup_218,30976,12,3,1
ByteVector,511,setup_218,31124,13,1,1
ByteVector,511,setup_218,31283,14,1,1
ByteVector,511,setup_218,31598,16,1,1
ByteVector,511,setup_218,31718,17,1,1
ByteVector,511,setup_218,31922,18,2,1
ByteVector,511,setup_218,32224,20,3,1
ByteVector,517,setup_230,29283,1,1,3
ByteVector,517,setup_230,29473,2,2,1
ByteVector,517,setup_230,29672,3,2,1
ByteVector,517,setup_230,29877,4,3,1
ByteVector,517,setup_230,30371,7,1,1
ByteVector,517,setup_230,30717,9,1,1
ByteVector,517,setup_230,31032,11,2,1
ByteVector,517,setup_230,31279,12,2,1
ByteVector,517,setup_230,31440,13,2,1
ByteVector,517,setup_230,31639,14,1,1
ByteVector,517,setup_230,31806,15,2,1
ByteVector,517,setup_230,32210,17,2,1
ByteVector,517,setup_230,32541,19,1,1
ByteVector,517,setup_230,32640,20,1,1
CharRange,520,setup_252,29543,1,1,1
CharRange,520,setup_252,29631,2,1,1
CharRange,520,setup_252,29744,3,2,1
CharRange,520,setup_252,29984,5,1,1
CharRange,520,setup_252,30171,6,3,1
CharRange,520,setup_252,30399,7,2,1
CharRange,520,setup_252,30612,8,1,1
CharRange,520,setup_252,30721,9,1,1
CharRange,520,setup_252,31202,13,2,1
CharRange,520,setup_252,31523,15,3,3
CharRange,520,setup_252,31696,16,1,2
CharRange,520,setup_252,31796,17,2,1
CharRange,520,setup_252,32016,18,2,3
CharRange,520,setup_252,32185,19,2,1
CharRange,538,setup_266,32851,1,1,1
CharRange,538,setup_266,33152,4,1,1
CharRange,538,setup_266,33192,5,2,1
CharRange,538,setup_266,33594,8,3,1
CharRange,538,setup_266,33768,10,1,1
CharRange,538,setup_266,34061,13,1,1
CharRange,539,setup_267,33244,1,1,1
CharRange,539,setup_267,33395,3,1,1
CharRange,539,setup_267,33640,5,2,1
CharRange,539,setup_267,34634,13,3,1
CharRange,540,setup_270,33306,1,1,1
CharRange,543,setup_272,33899,1,1,1
CharRange,543,setup_272,34716,11,3,1
CharRange,543,setup_272,34936,13,2,1
CharRange,544,setup_273,33974,1,1,1
CharRange,544,setup_273,35253,19,1,1
CaseInsensitiveString,563,setup_302,35675,12,2,1
CaseInsensitiveString,563,setup_302,34012,1,1,1
CaseInsensitiveString,563,setup_302,34085,2,1,1
CaseInsensitiveString,563,setup_302,34360,3,2,1
CaseInsensitiveString,563,setup_302,34450,4,1,1
CaseInsensitiveString,563,setup_302,34700,6,1,1
CaseInsensitiveString,563,setup_302,35154,9,1,1
CaseInsensitiveString,563,setup_302,35447,10,3,1
CaseInsensitiveString,563,setup_302,36024,13,2,1
CaseInsensitiveString,563,setup_302,36665,16,2,1
CaseInsensitiveString,563,setup_302,37078,17,3,1
CaseInsensitiveString,563,setup_302,37394,19,1,1
CaseInsensitiveString,563,setup_302,37774,20,2,1
CaseInsensitiveString,568,setup_308,35707,13,1,1
CaseInsensitiveString,568,setup_308,37302,20,3,1
CaseInsensitiveString,568,setup_308,34104,1,1,1
CaseInsensitiveString,568,setup_308,34133,2,1,1
CaseInsensitiveString,568,setup_308,34291,3,1,1
CaseInsensitiveString,568,setup_308,34436,4,1,1
CaseInsensitiveString,568,setup_308,34454,5,1,1
CaseInsensitiveString,568,setup_308,34628,6,2,1
CaseInsensitiveString,568,setup_308,34710,7,1,1
CaseInsensitiveString,568,setup_308,34862,8,1,1
CaseInsensitiveString,568,setup_308,35004,9,2,1
CaseInsensitiveString,568,setup_308,35055,10,1,1
CaseInsensitiveString,568,setup_308,35301,11,1,1
CaseInsensitiveString,568,setup_308,35543,12,1,1
CaseInsensitiveString,568,setup_308,36018,14,3,1
CaseInsensitiveString,568,setup_308,36274,15,1,1
CaseInsensitiveString,568,setup_308,36469,16,1,1
CaseInsensitiveString,568,setup_308,36928,19,2,1
CaseInsensitiveString,569,setup_309,34960,8,2,1
CaseInsensitiveString,569,setup_309,35663,13,1,1
CaseInsensitiveString,569,setup_309,36435,16,2,1
CaseInsensitiveString,569,setup_309,36717,17,2,1
CaseInsensitiveString,569,setup_309,34252,1,1,1
CaseInsensitiveString,569,setup_309,34330,2,1,1
CaseInsensitiveString,569,setup_309,34396,3,1,1
CaseInsensitiveString,569,setup_309,34442,4,1,1
CaseInsensitiveString,569,setup_309,34557,5,1,1
CaseInsensitiveString,569,setup_309,34649,6,1,1
CaseInsensitiveString,569,setup_309,34754,7,3,1
CaseInsensitiveString,569,setup_309,35088,9,3,1
CaseInsensitiveString,569,setup_309,37580,20,1,1
CaseInsensitiveString,569,setup_309,35215,10,2,1
CaseInsensitiveString,569,setup_309,35397,11,2,1
CaseInsensitiveString,569,setup_309,35558,12,1,1
Document,588,setup_338,35636,2,1,1
Document,588,setup_338,35380,1,1,1
Document,588,setup_338,35881,3,1,1
Document,588,setup_338,36112,4,1,1
Document,588,setup_338,36363,5,2,1
Document,588,setup_338,36625,6,2,1
Document,588,setup_338,36878,7,1,1
Document,588,setup_338,37264,8,3,1
Document,588,setup_338,37479,9,1,1
Document,588,setup_338,37742,10,1,1
Document,588,setup_338,37932,11,2,1
Document,588,setup_338,38097,12,1,1
Document,588,setup_338,38291,13,2,1
Document,588,setup_338,38434,14,1,1
Document,588,setup_338,38608,15,3,1
Document,588,setup_338,38761,16,3,1
Document,588,setup_338,38880,17,1,1
Document,588,setup_338,38977,18,2,1
Document,589,setup_339,35583,1,1,1
Document,589,setup_339,35861,2,1,1
Document,589,setup_339,36048,3,1,1
Document,589,setup_339,36305,4,2,1
Document,589,setup_339,36602,5,2,1
Document,589,setup_339,36821,6,1,1
Document,589,setup_339,36985,7,1,1
Document,589,setup_339,37213,8,1,1
Document,589,setup_339,37491,9,2,1
Document,589,setup_339,37855,11,2,1
Document,589,setup_339,38038,12,2,1
Document,589,setup_339,38168,13,1,1
Document,589,setup_339,38350,14,2,1
Document,589,setup_339,38479,15,1,1
Document,589,setup_339,38624,16,1,1
Document,589,setup_339,38727,17,1,1
Document,589,setup_339,38864,18,3,1
Document,589,setup_339,38995,19,3,1
Document,589,setup_339,39063,20,1,1
Document,593,setup_344,35728,1,1,1
Document,593,setup_344,35935,2,1,1
Document,593,setup_344,36163,3,1,1
Document,593,setup_344,36440,5,2,1
Document,593,setup_344,36685,7,2,1
Document,593,setup_344,36933,8,2,1
Document,593,setup_344,37135,9,1,1
Document,593,setup_344,37334,10,1,1
Document,593,setup_344,37696,13,3,1
Document,593,setup_344,37950,16,3,1
Document,593,setup_344,38152,19,1,1
Document,593,setup_344,38308,20,2,1
Document,594,setup_345,35788,1,1,1
Document,594,setup_345,35964,2,1,1
Document,594,setup_345,36250,3,3,1
Document,594,setup_345,36408,5,3,1
Document,594,setup_345,36778,10,1,1
Document,594,setup_345,37123,13,1,1
Document,594,setup_345,37350,15,1,1
Document,594,setup_345,37656,17,3,1
IntHashMap,595,setup_198,40505,7,2,1
IntHashMap,595,setup_198,42317,15,2,1
IntHashMap,595,setup_198,39402,1,1,1
IntHashMap,595,setup_198,43190,18,2,1
IntHashMap,595,setup_198,39563,2,1,1
IntHashMap,595,setup_198,39751,3,1,2
IntHashMap,595,setup_198,40031,4,1,2
IntHashMap,595,setup_198,40118,5,1,1
IntHashMap,595,setup_198,40227,6,1,1
IntHashMap,595,setup_198,40812,8,3,2
IntHashMap,595,setup_198,41050,9,1,2
IntHashMap,595,setup_198,41261,10,1,1
IntHashMap,595,setup_198,41476,11,1,1
IntHashMap,595,setup_198,41615,12,1,1
IntHashMap,595,setup_198,41846,13,1,1
IntHashMap,595,setup_198,42903,17,3,1
IntHashMap,595,setup_198,43654,20,2,1
SparseIntArray,596,setup_146,39223,1,1,4
SparseIntArray,596,setup_146,39824,2,3,5
SparseIntArray,596,setup_146,39975,3,1,1
SparseIntArray,596,setup_146,40855,6,2,3
SparseIntArray,596,setup_146,41075,7,1,3
SparseIntArray,596,setup_146,41521,8,3,3
SparseIntArray,596,setup_146,42089,10,1,3
SparseIntArray,596,setup_146,42542,12,1,1
SparseIntArray,596,setup_146,43110,14,1,5
SparseIntArray,596,setup_146,43401,15,2,1
SparseIntArray,596,setup_146,43562,16,1,1
SparseIntArray,596,setup_146,43882,17,3,1
SparseIntArray,596,setup_146,44554,18,3,5
SparseIntArray,596,setup_146,44677,19,1,2
SparseIntArray,596,setup_146,45320,20,3,4
SparseIntArray,597,setup_144,39895,2,2,2
SparseIntArray,597,setup_144,40111,3,1,2
SparseIntArray,597,setup_144,40455,4,2,3
SparseIntArray,597,setup_144,40695,5,1,4
SparseIntArray,597,setup_144,40881,6,1,2
SparseIntArray,597,setup_144,41463,7,3,4
SparseIntArray,597,setup_144,41725,8,2,1
SparseIntArray,597,setup_144,42125,9,2,5
SparseIntArray,597,setup_144,42286,10,1,2
SparseIntArray,597,setup_144,42535,11,1,5
SparseIntArray,597,setup_144,42760,12,1,1
SparseIntArray,597,setup_144,43575,14,2,5
SparseIntArray,597,setup_144,43817,15,1,5
SparseIntArray,597,setup_144,44299,16,3,1
SparseIntArray,597,setup_144,44453,17,1,1
SparseIntArray,597,setup_144,45625,20,1,5
IntHashMap,598,setup_183,39427,1,2,2
IntHashMap,598,setup_183,39531,2,1,1
IntHashMap,598,setup_183,39775,3,1,3
IntHashMap,598,setup_183,39906,4,1,1
IntHashMap,598,setup_183,40160,5,3,1
IntHashMap,598,setup_183,40264,6,1,1
IntHashMap,598,setup_183,40656,8,3,1
IntHashMap,598,setup_183,40847,9,3,1
IntHashMap,598,setup_183,41303,12,1,1
IntHashMap,598,setup_183,41443,13,1,1
IntHashMap,598,setup_183,41716,14,3,1
IntHashMap,598,setup_183,41837,15,1,2
IntHashMap,598,setup_183,42165,16,3,2
IntHashMap,598,setup_183,42261,17,1,2
IntHashMap,598,setup_183,42442,18,2,1
IntHashMap,598,setup_183,42807,20,1,2
IntHashMap,599,setup_199,40632,6,2,1
IntHashMap,599,setup_199,40939,7,1,1
IntHashMap,599,setup_199,39193,1,1,1
IntHashMap,599,setup_199,39535,2,1,1
IntHashMap,599,setup_199,39845,3,1,1
IntHashMap,599,setup_199,40123,4,1,1
IntHashMap,599,setup_199,44019,18,3,1
IntHashMap,599,setup_199,40389,5,2,1
IntHashMap,599,setup_199,44560,19,3,1
IntHashMap,599,setup_199,41354,8,1,1
IntHashMap,599,setup_199,41628,9,2,1
IntHashMap,599,setup_199,41905,10,1,1
IntHashMap,599,setup_199,41967,11,1,1
IntHashMap,599,setup_199,42244,12,2,1
IntHashMap,599,setup_199,42606,13,2,1
IntHashMap,599,setup_199,43083,15,2,1
IntHashMap,599,setup_199,43478,16,2,3
IntHashMap,600,setup_192,42825,18,1,1
IntHashMap,600,setup_192,43018,19,1,1
IntHashMap,600,setup_192,39240,1,1,1
IntHashMap,600,setup_192,39374,2,1,1
IntHashMap,600,setup_192,43206,20,1,1
IntHashMap,600,setup_192,39555,3,1,1
IntHashMap,600,setup_192,39719,4,1,1
IntHashMap,600,setup_192,39885,5,1,1
IntHashMap,600,setup_192,40065,6,1,1
IntHashMap,600,setup_192,40235,7,1,1
IntHashMap,600,setup_192,40469,8,2,1
IntHashMap,600,setup_192,40648,9,1,1
IntHashMap,600,setup_192,41091,10,3,3
IntHashMap,600,setup_192,41316,11,1,2
IntHashMap,600,setup_192,41483,12,1,1
IntHashMap,600,setup_192,41733,13,2,1
IntHashMap,600,setup_192,42057,14,2,1
IntHashMap,600,setup_192,42307,15,2,1
IntHashMap,600,setup_192,42494,16,1,1
IntHashMap,600,setup_192,42706,17,1,1
ByteVector,601,setup_222,39225,1,1,1
ByteVector,601,setup_222,39434,2,1,1
ByteVector,601,setup_222,39650,3,1,1
ByteVector,601,setup_222,39784,4,1,1
ByteVector,601,setup_222,40004,5,1,2
ByteVector,601,setup_222,40173,6,1,3
ByteVector,601,setup_222,40411,7,2,2
IntHashMap,602,setup_188,41198,15,2,1
IntHashMap,602,setup_188,39198,1,1,1
IntHashMap,602,setup_188,39267,2,1,1
IntHashMap,602,setup_188,39382,3,1,1
IntHashMap,602,setup_188,39496,4,1,1
IntHashMap,602,setup_188,39741,5,1,1
IntHashMap,602,setup_188,39981,6,3,1
IntHashMap,602,setup_188,40373,9,2,1
IntHashMap,602,setup_188,40502,10,1,1
IntHashMap,602,setup_188,40678,11,1,1
IntHashMap,602,setup_188,41047,14,3,1
SparseIntArray,603,setup_147,39618,1,3,4
SparseIntArray,603,setup_147,39833,2,2,1
SparseIntArray,603,setup_147,39956,3,1,2
SparseIntArray,603,setup_147,40050,4,1,1
SparseIntArray,603,setup_147,40121,5,1,1
SparseIntArray,603,setup_147,40299,6,1,3
SparseIntArray,603,setup_147,41109,9,1,3
SparseIntArray,603,setup_147,41254,10,1,2
SparseIntArray,603,setup_147,41584,11,3,3
SparseIntArray,603,setup_147,41886,12,3,2
SparseIntArray,603,setup_147,42151,13,2,2
SparseIntArray,603,setup_147,42283,14,1,3
SparseIntArray,603,setup_147,42360,15,1,2
SparseIntArray,603,setup_147,43533,18,3,4
SparseIntArray,603,setup_147,44227,20,2,4
IntHashMap,604,setup_186,40894,11,1,1
IntHashMap,604,setup_186,39254,1,1,1
IntHashMap,604,setup_186,39415,2,1,1
IntHashMap,604,setup_186,39680,3,2,1
IntHashMap,604,setup_186,39835,4,1,1
IntHashMap,604,setup_186,40010,5,1,1
IntHashMap,604,setup_186,40182,6,1,1
IntHashMap,604,setup_186,40554,9,1,1
IntHashMap,604,setup_186,40705,10,1,1
IntHashMap,604,setup_186,41856,18,2,1
IntHashMap,605,setup_189,39203,1,1,1
IntHashMap,605,setup_189,39305,2,1,1
IntHashMap,605,setup_189,39471,3,1,1
IntHashMap,605,setup_189,39693,4,2,1
IntHashMap,605,setup_189,39799,5,1,1
IntHashMap,605,setup_189,41168,17,3,1
IntHashMap,605,setup_189,41436,19,1,1
IntHashMap,605,setup_189,41349,18,1,1
IntHashMap,605,setup_189,41591,20,1,1
Complex,606,setup_9,39190,1,1,1
Complex,606,setup_9,39467,3,3,1
Complex,606,setup_9,39881,5,2,1
Complex,606,setup_9,40208,7,1,1
Complex,606,setup_9,40384,9,1,1
Complex,606,setup_9,41310,17,2,2
Complex,607,setup_7,39342,1,1,1
Complex,607,setup_7,39665,2,1,1
Complex,607,setup_7,39797,3,3,1
Complex,607,setup_7,40869,13,1,1
IntHashMap,608,setup_193,39358,1,1,1
IntHashMap,608,setup_193,39648,2,1,3
IntHashMap,608,setup_193,44810,19,2,1
IntHashMap,608,setup_193,40142,4,1,1
IntHashMap,608,setup_193,40534,5,3,1
IntHashMap,608,setup_193,40781,6,1,1
IntHashMap,608,setup_193,41150,7,3,1
IntHashMap,608,setup_193,41660,9,2,1
IntHashMap,608,setup_193,42023,10,2,1
IntHashMap,608,setup_193,42324,11,2,1
IntHashMap,608,setup_193,42641,12,1,1
IntHashMap,608,setup_193,42839,13,1,1
IntHashMap,608,setup_193,43090,14,1,1
IntHashMap,608,setup_193,43427,15,2,1
IntHashMap,608,setup_193,43729,16,1,1
IntHashMap,608,setup_193,44076,17,1,1
IntHashMap,608,setup_193,44437,18,2,1
IntHashMap,608,setup_193,45157,20,3,1
SparseIntArray,609,setup_157,39386,1,1,1
SparseIntArray,609,setup_157,39725,2,1,1
SparseIntArray,609,setup_157,39826,3,1,1
SparseIntArray,609,setup_157,40016,4,1,2
SparseIntArray,609,setup_157,40274,5,1,1
SparseIntArray,609,setup_157,40370,6,1,1
SparseIntArray,609,setup_157,40751,7,2,1
SparseIntArray,609,setup_157,40850,8,1,2
SparseIntArray,609,setup_157,41197,9,3,2
SparseIntArray,609,setup_157,41765,10,3,1
SparseIntArray,609,setup_157,42006,11,1,1
SparseIntArray,609,setup_157,42153,12,1,1
SparseIntArray,609,setup_157,42377,13,1,1
SparseIntArray,609,setup_157,42667,14,1,1
SparseIntArray,609,setup_157,43063,15,3,1
SparseIntArray,609,setup_157,43323,17,2,1
SparseIntArray,609,setup_157,43681,18,2,1
SparseIntArray,609,setup_157,44157,19,3,2
SparseIntArray,609,setup_157,44524,20,3,1
Complex,610,setup_8,39186,1,1,1
Complex,610,setup_8,39806,6,3,1
Complex,610,setup_8,39919,7,1,1
Complex,610,setup_8,40682,14,1,1
IntHashMap,611,setup_187,42468,13,1,1
IntHashMap,611,setup_187,43044,18,1,1
IntHashMap,611,setup_187,39310,1,1,1
IntHashMap,611,setup_187,39697,2,1,1
IntHashMap,611,setup_187,39932,3,1,1
IntHashMap,611,setup_187,40240,4,1,1
IntHashMap,611,setup_187,40510,5,1,1
IntHashMap,611,setup_187,40717,6,1,1
IntHashMap,611,setup_187,41029,7,3,1
IntHashMap,611,setup_187,41220,8,1,1
IntHashMap,611,setup_187,41525,9,1,1
IntHashMap,611,setup_187,41795,10,1,1
IntHashMap,611,setup_187,41989,11,1,1
IntHashMap,611,setup_187,42265,12,1,1
IntHashMap,611,setup_187,42823,17,1,1
IntHashMap,611,setup_187,43348,19,2,1
IntHashMap,611,setup_187,43698,20,2,1
IntHashMap,613,setup_181,40315,3,3,1
IntHashMap,613,setup_181,40569,4,1,2
IntHashMap,613,setup_181,40919,5,1,1
IntHashMap,613,setup_181,41237,6,2,1
IntHashMap,613,setup_181,41541,7,1,1
IntHashMap,613,setup_181,41939,8,3,1
IntHashMap,613,setup_181,42169,9,1,1
IntHashMap,613,setup_181,42398,10,1,1
IntHashMap,613,setup_181,42896,12,2,1
IntHashMap,613,setup_181,43275,14,1,1
IntHashMap,613,setup_181,43497,15,1,1
IntHashMap,613,setup_181,44035,17,1,1
IntHashMap,613,setup_181,44315,18,1,1
IntHashMap,613,setup_181,44660,19,2,1
ByteVector,614,setup_219,39188,1,1,1
ByteVector,614,setup_219,39210,2,1,1
ByteVector,614,setup_219,39287,3,1,1
ByteVector,614,setup_219,39783,6,2,1
ByteVector,614,setup_219,39911,7,1,1
ByteVector,614,setup_219,40053,8,2,1
ByteVector,614,setup_219,40841,13,3,1
ByteVector,614,setup_219,41017,14,2,1
ByteVector,614,setup_219,41174,15,1,3
ByteVector,614,setup_219,41439,16,2,1
ByteVector,614,setup_219,41678,17,3,1
ByteVector,614,setup_219,41832,18,1,1
ByteVector,614,setup_219,41986,19,2,1
ByteVector,614,setup_219,42186,20,2,1
IntHashMap,616,setup_182,39456,1,3,1
IntHashMap,616,setup_182,39641,2,1,1
IntHashMap,616,setup_182,39755,3,1,1
IntHashMap,616,setup_182,40084,4,3,1
IntHashMap,616,setup_182,40203,5,1,1
IntHashMap,616,setup_182,40493,7,1,1
IntHashMap,616,setup_182,40684,8,1,1
IntHashMap,616,setup_182,41022,10,2,1
IntHashMap,616,setup_182,41497,13,2,1
IntHashMap,616,setup_182,41649,14,2,1
IntHashMap,616,setup_182,42209,17,2,1
IntHashMap,616,setup_182,42509,18,3,1
IntHashMap,616,setup_182,42698,19,1,1
IntHashMap,617,setup_180,40913,5,2,1
IntHashMap,617,setup_180,41113,6,1,1
IntHashMap,617,setup_180,41291,7,1,1
IntHashMap,617,setup_180,41424,8,1,1
IntHashMap,617,setup_180,41608,9,1,2
IntHashMap,617,setup_180,41788,10,1,1
IntHashMap,617,setup_180,41974,11,2,1
IntHashMap,617,setup_180,42292,12,3,1
IntHashMap,617,setup_180,42563,13,3,1
IntHashMap,617,setup_180,42776,14,1,1
IntHashMap,617,setup_180,43148,16,2,1
IntHashMap,617,setup_180,43294,17,1,1
IntHashMap,617,setup_180,43779,20,1,1
ByteVector,618,setup_223,39271,1,1,1
ByteVector,618,setup_223,39579,2,1,1
ByteVector,618,setup_223,39864,3,1,1
ByteVector,618,setup_223,40021,4,1,2
ByteVector,618,setup_223,40346,5,2,3
ByteVector,618,setup_223,40528,6,2,2
SparseIntArray,619,setup_145,40368,3,2,4
SparseIntArray,619,setup_145,40745,4,3,3
SparseIntArray,619,setup_145,41000,5,1,2
SparseIntArray,619,setup_145,41405,6,2,4
SparseIntArray,619,setup_145,41885,7,2,3
SparseIntArray,619,setup_145,42345,9,2,1
SparseIntArray,619,setup_145,43519,13,2,2
SparseIntArray,619,setup_145,43671,14,1,2
SparseIntArray,619,setup_145,45330,18,3,1
SparseIntArray,619,setup_145,45860,19,2,2
SparseIntArray,619,setup_145,46305,20,2,1
ByteVector,620,setup_224,40350,1,1,1
ByteVector,620,setup_224,40479,2,1,1
ByteVector,620,setup_224,40626,3,1,2
ByteVector,620,setup_224,40779,4,1,3
ByteVector,620,setup_224,42816,9,1,5
ByteVector,620,setup_224,42999,10,1,2
ByteVector,620,setup_224,43649,13,2,4
ByteVector,620,setup_224,43751,14,1,1
ByteVector,620,setup_224,43871,15,1,1
ByteVector,620,setup_224,44071,16,1,2
ByteVector,621,setup_229,44744,16,3,1
ByteVector,621,setup_229,40592,1,1,1
ByteVector,621,setup_229,40702,2,1,1
ByteVector,621,setup_229,40970,3,1,1
ByteVector,621,setup_229,41080,4,1,1
ByteVector,621,setup_229,41330,5,1,1
ByteVector,621,setup_229,41563,6,1,1
ByteVector,621,setup_229,41921,7,1,1
ByteVector,621,setup_229,42096,8,1,1
ByteVector,621,setup_229,42452,9,3,1
ByteVector,621,setup_229,42879,10,3,1
ByteVector,621,setup_229,43158,11,1,1
ByteVector,621,setup_229,43369,12,3,1
ByteVector,621,setup_229,43897,14,2,1
ByteVector,621,setup_229,44251,15,2,1
ByteVector,621,setup_229,45007,17,1,1
ByteVector,621,setup_229,45291,18,1,1
ByteVector,621,setup_229,45552,19,2,1
ByteVector,621,setup_229,46031,20,2,1
ByteVector,622,setup_235,41395,1,1,1
ByteVector,622,setup_235,41621,2,1,1
ByteVector,623,setup_236,41644,1,1,1
ByteVector,623,setup_236,45149,15,1,1
ByteVector,623,setup_236,45349,16,1,1
ByteVector,623,setup_236,41826,2,1,1
ByteVector,623,setup_236,42049,3,1,3
ByteVector,623,setup_236,42230,4,1,1
ByteVector,623,setup_236,46094,18,2,1
ByteVector,623,setup_236,42489,5,2,1
ByteVector,623,setup_236,42664,6,1,1
ByteVector,623,setup_236,42860,7,2,1
ByteVector,623,setup_236,42995,8,1,2
ByteVector,623,setup_236,43624,10,3,3
ByteVector,623,setup_236,43946,11,3,1
ByteVector,623,setup_236,45067,14,1,3
ByteVector,623,setup_236,45685,17,2,3
ByteVector,623,setup_236,46499,19,3,1
ByteVector,623,setup_236,46635,20,1,1
CharRange,630,setup_264,42744,1,1,1
CharRange,630,setup_264,43039,4,2,1
CharRange,630,setup_264,43259,5,2,1
CharRange,630,setup_264,43407,6,3,1
CharRange,630,setup_264,43896,10,1,1
CharRange,630,setup_264,44063,11,1,1
CharRange,630,setup_264,44622,16,2,1
CharRange,631,setup_265,43024,1,1,1
CharRange,631,setup_265,43380,3,3,1
CharRange,631,setup_265,43797,5,3,1
CharRange,631,setup_265,44423,9,2,1
CharRange,632,setup_271,42940,1,1,1
CharRange,632,setup_271,43515,7,3,1
CaseInsensitiveString,633,setup_288,44851,9,1,1
CaseInsensitiveString,633,setup_288,43329,1,1,1
CaseInsensitiveString,633,setup_288,43546,2,1,1
CaseInsensitiveString,633,setup_288,43755,3,1,1
CaseInsensitiveString,633,setup_288,43884,4,1,1
CaseInsensitiveString,633,setup_288,44127,5,1,1
CaseInsensitiveString,633,setup_288,44210,6,1,1
CaseInsensitiveString,633,setup_288,44399,7,2,3
CaseInsensitiveString,633,setup_288,44628,8,3,1
CaseInsensitiveString,633,setup_288,44993,10,2,1
CaseInsensitiveString,633,setup_288,45186,11,2,1
CaseInsensitiveString,633,setup_288,45455,12,1,1
CaseInsensitiveString,633,setup_288,45697,13,2,1
CaseInsensitiveString,633,setup_288,45907,14,1,1
CaseInsensitiveString,633,setup_288,46142,15,2,1
CaseInsensitiveString,633,setup_288,46374,16,2,1
CaseInsensitiveString,633,setup_288,46661,17,1,1
CaseInsensitiveString,633,setup_288,46935,18,1,1
CaseInsensitiveString,633,setup_288,47290,19,2,1
CaseInsensitiveString,633,setup_288,47597,20,3,1
CaseInsensitiveString,634,setup_289,44682,5,1,1
CaseInsensitiveString,634,setup_289,44847,6,1,1
CaseInsensitiveString,634,setup_289,43837,1,1,1
CaseInsensitiveString,634,setup_289,44953,7,2,1
CaseInsensitiveString,634,setup_289,43951,2,1,1
CaseInsensitiveString,634,setup_289,44190,3,1,1
CaseInsensitiveString,634,setup_289,44458,4,1,2
CaseInsensitiveString,634,setup_289,45058,8,1,1
CaseInsensitiveString,634,setup_289,45273,9,1,1
CaseInsensitiveString,634,setup_289,45504,10,1,1
CaseInsensitiveString,634,setup_289,45814,11,2,1
CaseInsensitiveString,634,setup_289,46114,12,2,1
CaseInsensitiveString,634,setup_289,46382,13,1,1
CaseInsensitiveString,634,setup_289,46711,14,2,1
CaseInsensitiveString,634,setup_289,47030,15,1,1
CaseInsensitiveString,634,setup_289,47314,16,2,1
CaseInsensitiveString,634,setup_289,47522,17,1,1
CaseInsensitiveString,634,setup_289,47735,18,1,1
CaseInsensitiveString,634,setup_289,48061,19,1,1
CaseInsensitiveString,634,setup_289,48471,20,2,1
CaseInsensitiveString,635,setup_290,44720,7,1,1
CaseInsensitiveString,635,setup_290,44988,10,1,1
CaseInsensitiveString,635,setup_290,44870,8,1,1
CaseInsensitiveString,635,setup_290,44945,9,1,1
CaseInsensitiveString,635,setup_290,43771,1,1,1
CaseInsensitiveString,635,setup_290,43822,2,1,1
CaseInsensitiveString,635,setup_290,44113,3,2,1
CaseInsensitiveString,635,setup_290,44267,4,1,1
CaseInsensitiveString,635,setup_290,44402,5,1,1
CaseInsensitiveString,635,setup_290,44582,6,1,1
CaseInsensitiveString,635,setup_290,45111,11,2,1
CaseInsensitiveString,635,setup_290,45389,12,1,1
CaseInsensitiveString,635,setup_290,45574,13,1,1
CaseInsensitiveString,635,setup_290,45774,14,2,1
CaseInsensitiveString,635,setup_290,46064,15,1,2
CaseInsensitiveString,635,setup_290,46354,16,2,1
CaseInsensitiveString,635,setup_290,46505,17,1,1
CaseInsensitiveString,635,setup_290,46718,18,1,1
CaseInsensitiveString,635,setup_290,46997,19,1,1
CaseInsensitiveString,637,setup_294,44892,3,1,1
CaseInsensitiveString,637,setup_294,44413,1,1,2
CaseInsensitiveString,637,setup_294,44707,2,2,2
CaseInsensitiveString,637,setup_294,46853,7,3,4
CaseInsensitiveString,637,setup_294,47123,8,1,3
CaseInsensitiveString,637,setup_294,47713,11,2,1
CaseInsensitiveString,639,setup_296,44781,2,1,4
CaseInsensitiveString,639,setup_296,44929,3,2,1
CaseInsensitiveString,639,setup_296,44576,1,1,1
CaseInsensitiveString,639,setup_296,45608,5,2,3
CaseInsensitiveString,639,setup_296,45839,6,1,1
CaseInsensitiveString,639,setup_296,46510,9,2,2
CaseInsensitiveString,639,setup_296,46906,10,1,5
CaseInsensitiveString,639,setup_296,47212,11,2,1
CaseInsensitiveString,639,setup_296,48210,15,3,2
CaseInsensitiveString,639,setup_296,48533,16,1,1
CaseInsensitiveString,639,setup_296,49155,18,3,4
CaseInsensitiveString,639,setup_296,49439,19,1,2
CaseInsensitiveString,640,setup_297,44883,2,1,5
CaseInsensitiveString,640,setup_297,44943,3,1,1
CaseInsensitiveString,640,setup_297,47439,11,2,3
CaseInsensitiveString,640,setup_297,47578,12,3,1
CaseInsensitiveString,640,setup_297,47717,13,1,1
CaseInsensitiveString,640,setup_297,47955,14,1,1
CaseInsensitiveString,640,setup_297,44637,1,1,1
CaseInsensitiveString,640,setup_297,45050,4,1,2
CaseInsensitiveString,640,setup_297,46288,7,3,1
CaseInsensitiveString,640,setup_297,46490,8,1,1
CaseInsensitiveString,640,setup_297,46772,9,2,1
CaseInsensitiveString,640,setup_297,47070,10,1,5
CaseInsensitiveString,640,setup_297,48093,15,1,1
CaseInsensitiveString,640,setup_297,48342,16,1,1
CaseInsensitiveString,640,setup_297,48725,18,2,1
CaseInsensitiveString,640,setup_297,49193,20,3,1
CaseInsensitiveString,641,setup_300,44964,1,1,1
CaseInsensitiveString,641,setup_300,45079,2,1,1
CaseInsensitiveString,641,setup_300,45182,3,1,1
CaseInsensitiveString,641,setup_300,45345,4,1,1
CaseInsensitiveString,641,setup_300,45993,9,3,1
CaseInsensitiveString,641,setup_300,46155,10,2,1
CaseInsensitiveString,641,setup_300,46576,13,1,1
CaseInsensitiveString,641,setup_300,46880,15,2,1
CaseInsensitiveString,642,setup_301,44962,1,1,1
CaseInsensitiveString,642,setup_301,45072,2,1,1
CaseInsensitiveString,642,setup_301,45373,3,1,1
CaseInsensitiveString,642,setup_301,45629,4,1,1
CaseInsensitiveString,642,setup_301,46072,7,1,1
CaseInsensitiveString,642,setup_301,47089,12,2,1
CaseInsensitiveString,642,setup_301,47936,17,2,1
CaseInsensitiveString,642,setup_301,48251,18,1,1
CaseInsensitiveString,643,setup_303,45100,1,1,1
CaseInsensitiveString,643,setup_303,45142,2,1,1
CaseInsensitiveString,643,setup_303,45728,7,2,1
CaseInsensitiveString,643,setup_303,46210,10,2,1
CaseInsensitiveString,643,setup_303,46555,11,3,1
CaseInsensitiveString,643,setup_303,46897,12,3,1
CaseInsensitiveString,643,setup_303,47536,16,1,1
CaseInsensitiveString,644,setup_306,45271,1,1,1
CaseInsensitiveString,644,setup_306,45425,2,1,1
CaseInsensitiveString,644,setup_306,45654,3,1,1
CaseInsensitiveString,644,setup_306,45748,4,1,1
CaseInsensitiveString,644,setup_306,45940,5,2,1
CaseInsensitiveString,644,setup_306,46193,6,1,1
CaseInsensitiveString,644,setup_306,46533,7,2,2
CaseInsensitiveString,644,setup_306,46829,8,2,1
CaseInsensitiveString,644,setup_306,47203,10,1,2
CaseInsensitiveString,644,setup_306,47342,11,1,1
CaseInsensitiveString,644,setup_306,47541,12,1,1
CaseInsensitiveString,644,setup_306,47816,13,3,4
CaseInsensitiveString,644,setup_306,48151,14,2,1
CaseInsensitiveString,644,setup_306,48506,15,2,2
CaseInsensitiveString,644,setup_306,49060,16,3,2
CaseInsensitiveString,644,setup_306,49297,17,2,1
CaseInsensitiveString,644,setup_306,49577,18,2,1
CaseInsensitiveString,644,setup_306,49859,19,1,2
CaseInsensitiveString,644,setup_306,50234,20,2,1
CaseInsensitiveString,645,setup_307,50096,17,1,1
CaseInsensitiveString,645,setup_307,50810,19,1,1
CaseInsensitiveString,645,setup_307,45289,1,1,1
CaseInsensitiveString,645,setup_307,45535,2,1,1
CaseInsensitiveString,645,setup_307,45692,3,1,1
CaseInsensitiveString,645,setup_307,45722,4,1,1
CaseInsensitiveString,645,setup_307,46047,5,1,1
CaseInsensitiveString,645,setup_307,46337,6,1,1
CaseInsensitiveString,645,setup_307,46723,7,1,1
CaseInsensitiveString,645,setup_307,47132,8,1,1
CaseInsensitiveString,645,setup_307,47477,9,1,1
CaseInsensitiveString,645,setup_307,47761,10,1,1
CaseInsensitiveString,645,setup_307,47961,11,1,1
CaseInsensitiveString,645,setup_307,48229,12,1,1
CaseInsensitiveString,645,setup_307,48636,13,1,3
CaseInsensitiveString,645,setup_307,49000,14,1,2
CaseInsensitiveString,645,setup_307,49330,15,1,1
CaseInsensitiveString,645,setup_307,49701,16,1,1
CaseInsensitiveString,645,setup_307,50554,18,1,1
CaseInsensitiveString,645,setup_307,51059,20,1,1
Document,646,setup_324,45489,1,1,2
Document,646,setup_324,45645,2,1,1
Document,646,setup_324,45809,3,1,2
Document,646,setup_324,45983,4,1,1
Document,646,setup_324,46324,5,1,4
Document,646,setup_324,46570,6,1,3
Document,646,setup_324,46742,7,1,1
Document,646,setup_324,47044,8,1,1
Document,646,setup_324,47278,9,1,2
Document,646,setup_324,47493,10,1,1
Document,646,setup_324,47681,11,1,1
Document,646,setup_324,47965,12,1,1
Document,646,setup_324,48090,13,1,1
Document,646,setup_324,48328,14,1,1
Document,646,setup_324,48612,15,2,1
Document,646,setup_324,48827,16,1,2
Document,646,setup_324,48972,17,1,1
Document,646,setup_324,49233,18,1,1
Document,646,setup_324,49495,19,1,2
Document,646,setup_324,49754,20,1,1
Document,647,setup_325,45732,1,1,1
Document,647,setup_325,45948,2,1,1
Document,647,setup_325,46165,3,1,1
Document,647,setup_325,46397,4,1,1
Document,647,setup_325,46673,5,1,2
Document,647,setup_325,46925,6,1,1
Document,647,setup_325,47168,7,1,1
Document,647,setup_325,47652,8,1,4
Document,647,setup_325,47904,9,1,1
Document,647,setup_325,48173,10,1,2
Document,647,setup_325,48519,11,1,2
Document,647,setup_325,48773,12,1,2
Document,647,setup_325,49018,13,1,1
Document,647,setup_325,49308,14,1,2
Document,647,setup_325,49604,15,1,1
Document,647,setup_325,49908,16,1,2
Document,647,setup_325,50148,17,1,1
Document,647,setup_325,50416,18,2,1
Document,647,setup_325,50785,20,1,1
Document,648,setup_326,45757,1,1,1
Document,648,setup_326,46011,2,2,1
Document,648,setup_326,46214,3,1,1
Document,648,setup_326,46413,4,1,1
Document,648,setup_326,46619,5,1,1
Document,648,setup_326,46792,6,1,1
Document,648,setup_326,47014,7,1,1
Document,648,setup_326,47220,8,1,1
Document,648,setup_326,47417,9,1,1
Document,648,setup_326,47633,10,1,1
Document,648,setup_326,47820,11,1,1
Document,648,setup_326,48191,12,1,3
Document,648,setup_326,48454,13,1,1
Document,648,setup_326,48708,14,1,1
Document,648,setup_326,48887,15,1,1
Document,648,setup_326,49160,16,1,2
Document,648,setup_326,49419,17,1,1
Document,648,setup_326,49629,18,1,1
Document,648,setup_326,49836,19,1,1
Document,648,setup_326,50077,20,1,1
Document,649,setup_327,46230,1,1,1
Document,649,setup_327,46449,2,2,1
Document,649,setup_327,46637,3,1,1
Document,649,setup_327,46812,4,1,1
Document,649,setup_327,46963,5,1,1
Document,649,setup_327,47105,6,1,1
Document,649,setup_327,47326,7,1,1
Document,649,setup_327,47614,8,1,4
Document,649,setup_327,47851,9,2,1
Document,649,setup_327,48134,10,1,2
Document,649,setup_327,48356,11,1,1
Document,649,setup_327,48674,12,1,1
Document,649,setup_327,48904,13,1,2
Document,649,setup_327,49109,14,1,1
Document,649,setup_327,49368,15,1,2
Document,649,setup_327,49588,16,1,1
Document,649,setup_327,49925,17,1,2
Document,649,setup_327,50165,18,1,2
Document,649,setup_327,50448,19,2,1
Document,649,setup_327,50722,20,2,1
Document,650,setup_330,46444,1,1,1
Document,650,setup_330,46653,3,1,1
Document,650,setup_330,46920,4,2,1
Document,650,setup_330,47079,5,1,1
Document,651,setup_331,46588,1,1,1
Document,651,setup_331,46982,4,1,1
Document,652,setup_332,46868,1,1,1
Document,652,setup_332,47224,3,2,1
Document,652,setup_332,48558,15,2,1
Document,653,setup_333,47368,1,1,1
Document,653,setup_333,47570,3,1,1
Document,653,setup_333,48016,6,2,1
Document,654,setup_336,47384,1,1,1
Document,654,setup_336,47526,2,1,1
Document,654,setup_336,47611,3,1,1
Document,654,setup_336,47988,4,2,1
Document,654,setup_336,48077,5,1,1
Document,654,setup_336,48484,6,2,1
Document,654,setup_336,48791,8,3,1
Document,654,setup_336,48883,9,1,1
Document,654,setup_336,49219,10,2,1
Document,654,setup_336,49324,11,1,1
Document,654,setup_336,49557,12,2,1
Document,654,setup_336,49742,13,1,1
Document,654,setup_336,49831,14,2,1
Document,654,setup_336,50226,16,2,1
Document,654,setup_336,50502,17,2,1
Document,654,setup_336,50706,18,1,1
Document,654,setup_336,50892,19,2,1
Document,654,setup_336,51051,20,2,1
Document,655,setup_337,47780,1,1,1
Document,655,setup_337,48032,2,1,1
Document,655,setup_337,48267,3,1,1
Document,655,setup_337,48745,5,1,2
Document,655,setup_337,48979,6,1,1
Document,655,setup_337,49276,7,2,1
Document,655,setup_337,49664,8,3,1
Document,655,setup_337,49883,9,1,1
Document,655,setup_337,50021,10,1,1
Document,655,setup_337,50244,11,1,1
Document,655,setup_337,50467,12,1,1
Document,655,setup_337,50746,13,1,1
Document,655,setup_337,50990,14,2,1
Document,655,setup_337,51192,15,2,1
Document,655,setup_337,51440,17,1,1
Document,655,setup_337,51586,18,1,1
Document,655,setup_337,51826,20,1,1
Document,656,setup_342,47723,1,1,1
Document,656,setup_342,47839,2,1,1
Document,656,setup_342,48011,3,2,1
Document,656,setup_342,48284,5,2,1
Document,656,setup_342,48795,9,1,1
Document,657,setup_343,47888,1,1,1
Document,657,setup_343,47985,2,1,1
Document,657,setup_343,48059,3,3,1
Document,657,setup_343,48312,4,2,1
Document,657,setup_343,48692,6,3,1
Document,657,setup_343,49036,7,3,1
Document,657,setup_343,49646,11,2,1
Document,657,setup_343,49942,12,2,1
Document,657,setup_343,50291,14,1,1
Rational,658,setup_36,48399,1,1,2
Rational,658,setup_36,48579,2,1,3
Rational,658,setup_36,48732,3,1,2
Rational,658,setup_36,48879,4,2,1
Rational,658,setup_36,48995,5,1,1
Rational,658,setup_36,49202,6,1,1
Rational,658,setup_36,49547,8,1,2
Rational,658,setup_36,49787,9,3,2
Rational,658,setup_36,49980,10,2,1
Rational,658,setup_36,50127,11,1,1
Rational,658,setup_36,50520,13,2,2
Rational,658,setup_36,50826,15,1,1
Rational,658,setup_36,51140,17,1,1
Rational,658,setup_36,51246,18,2,1
Rational,658,setup_36,51388,19,1,2
Rational,658,setup_36,51458,20,1,3
Rational,659,setup_37,48584,1,1,1
Rational,659,setup_37,48841,2,1,1
Rational,659,setup_37,48950,3,1,1
Rational,659,setup_37,49016,4,1,1
Rational,659,setup_37,49251,5,2,1
Rational,659,setup_37,49685,6,2,1
Rational,659,setup_37,50241,9,1,1
Rational,659,setup_37,50403,10,1,1
Rational,659,setup_37,50902,12,3,1
Rational,659,setup_37,51048,14,2,1
Rational,659,setup_37,51295,15,1,1
Rational,659,setup_37,51545,17,1,1
Rational,659,setup_37,51736,18,3,2
Rational,659,setup_37,51952,19,3,2
Rational,659,setup_37,51992,20,2,1
Rational,660,setup_38,48653,1,1,2
Rational,660,setup_38,48729,2,1,1
Rational,660,setup_38,49087,3,3,1
Rational,660,setup_38,49261,4,1,1
Rational,660,setup_38,49384,5,1,1
Rational,660,setup_38,49490,6,1,1
Rational,660,setup_38,49811,8,1,2
Rational,660,setup_38,50278,10,2,1
Rational,660,setup_38,50432,11,1,1
Rational,660,setup_38,50698,13,1,1
Rational,660,setup_38,50845,14,2,1
Rational,660,setup_38,50919,15,2,1
Rational,660,setup_38,51040,16,1,2
Rational,660,setup_38,51187,17,3,2
Rational,660,setup_38,51402,19,2,1
Rational,661,setup_39,48764,1,1,1
Rational,661,setup_39,48962,2,1,2
Rational,661,setup_39,49103,3,1,1
Rational,661,setup_39,49391,4,3,1
Rational,661,setup_39,49525,5,3,1
Rational,661,setup_39,49624,6,1,2
Rational,661,setup_39,49905,8,3,1
Rational,661,setup_39,50641,14,1,1
Rational,661,setup_39,51076,17,2,1
Rational,661,setup_39,51180,18,2,1
Rational,661,setup_39,51311,20,1,1
Rational,662,setup_42,48768,1,1,1
Rational,662,setup_42,49822,12,2,1
Rational,663,setup_43,49530,1,1,1
Rational,664,setup_44,49292,1,1,1
Rational,664,setup_44,50647,15,2,1
Rational,665,setup_45,49566,1,1,1
Rational,665,setup_45,50038,5,3,1
Rational,666,setup_48,49791,1,1,1
Rational,666,setup_48,50023,2,1,1
Rational,666,setup_48,50136,3,1,1
Rational,666,setup_48,50311,4,2,1
Rational,666,setup_48,50364,5,1,1
Rational,666,setup_48,50573,6,1,1
Rational,666,setup_48,50781,8,1,1
Rational,666,setup_48,50867,9,1,1
Rational,666,setup_48,51158,11,3,1
Rational,666,setup_48,51252,12,2,1
Rational,666,setup_48,51577,15,3,1
Rational,666,setup_48,51865,18,2,1
Rational,667,setup_49,50188,1,1,1
Rational,667,setup_49,50307,2,1,1
Rational,667,setup_49,50653,3,2,1
Rational,667,setup_49,50936,4,1,1
Rational,667,setup_49,51223,5,2,1
Rational,667,setup_49,51258,6,1,1
Rational,667,setup_49,51462,7,1,1
Rational,667,setup_49,51618,8,2,1
Rational,667,setup_49,51848,9,1,1
Rational,667,setup_49,51932,10,1,1
Rational,667,setup_49,52082,11,2,1
Rational,667,setup_49,52117,12,2,1
Rational,667,setup_49,52134,13,1,1
Rational,667,setup_49,52189,14,1,1
Rational,667,setup_49,52327,15,1,1
Rational,667,setup_49,52412,16,1,1
Rational,667,setup_49,52492,17,2,1
Rational,667,setup_49,52545,18,1,1
Rational,667,setup_49,52643,19,2,1
Rational,667,setup_49,52762,20,1,1
Rational,668,setup_54,50115,1,1,1
Rational,668,setup_54,50316,2,1,1
Rational,668,setup_54,50373,3,1,1
Rational,668,setup_54,50588,4,1,1
Rational,668,setup_54,50765,5,1,1
Rational,668,setup_54,50834,6,1,1
Rational,668,setup_54,50955,7,1,1
Rational,668,setup_54,51029,8,1,1
Rational,668,setup_54,51161,9,2,1
Rational,668,setup_54,51279,10,1,1
Rational,668,setup_54,51421,11,1,1
Rational,668,setup_54,51563,12,3,1
Rational,668,setup_54,51602,13,1,1
Rational,668,setup_54,51717,14,1,1
Rational,668,setup_54,51815,15,1,1
Rational,668,setup_54,51881,16,1,1
Rational,668,setup_54,51968,17,1,1
Rational,668,setup_54,52027,18,1,1
Rational,668,setup_54,52071,19,1,1
Rational,668,setup_54,52137,20,2,1
Rational,669,setup_55,50348,1,1,1
Rational,669,setup_55,50679,2,1,1
Rational,669,setup_55,50738,3,1,1
Rational,669,setup_55,50964,4,1,1
Rational,669,setup_55,51124,5,1,1
Rational,669,setup_55,51318,6,1,1
Rational,669,setup_55,51529,7,1,1
Rational,669,setup_55,51634,8,1,1
Rational,669,setup_55,51784,9,1,1
Rational,669,setup_55,51896,10,1,1
Rational,669,setup_55,51996,11,1,1
Rational,669,setup_55,52098,12,1,1
Rational,669,setup_55,52153,13,1,1
Rational,669,setup_55,52169,14,1,1
Rational,669,setup_55,52250,15,1,1
Rational,669,setup_55,52358,16,1,1
Rational,669,setup_55,52444,17,2,1
Rational,669,setup_55,52501,18,2,1
Rational,669,setup_55,52529,19,1,1
Rational,669,setup_55,52626,20,2,1
Option,679,setup_93,52296,8,1,1
Option,679,setup_93,52826,16,1,1
Option,679,setup_93,53005,19,1,1
Option,679,setup_93,53095,20,2,1
Option,679,setup_93,51371,1,1,1
Option,679,setup_93,51582,2,1,1
Option,679,setup_93,51752,3,1,1
Option,679,setup_93,52390,9,1,1
Option,679,setup_93,52410,10,1,1
Option,679,setup_93,51912,4,1,1
Option,679,setup_93,52039,5,1,1
Option,679,setup_93,52875,17,1,1
Option,679,setup_93,52982,18,1,1
Option,679,setup_93,52114,6,1,1
Option,679,setup_93,52173,7,1,1
Option,679,setup_93,52525,12,1,1
Option,679,setup_93,52674,14,1,1
Option,679,setup_93,52476,11,1,1
Option,679,setup_93,52594,13,2,1
Option,679,setup_93,52778,15,1,1
CaseInsensitiveString,689,setup_291,53154,1,1,1
CaseInsensitiveString,689,setup_291,53160,2,1,1
CaseInsensitiveString,689,setup_291,53204,5,1,1
CaseInsensitiveString,689,setup_291,53190,3,1,1
CaseInsensitiveString,689,setup_291,53197,4,1,1
CaseInsensitiveString,689,setup_291,53230,6,3,1
CaseInsensitiveString,689,setup_291,53240,7,1,1
CaseInsensitiveString,689,setup_291,53284,8,2,1
CaseInsensitiveString,689,setup_291,53374,9,2,1
CaseInsensitiveString,689,setup_291,53380,10,1,1
CaseInsensitiveString,689,setup_291,53448,11,2,1
CaseInsensitiveString,689,setup_291,53483,12,1,1
CaseInsensitiveString,689,setup_291,53490,13,1,1
CaseInsensitiveString,689,setup_291,53511,14,2,1
CaseInsensitiveString,689,setup_291,53515,15,1,1
CaseInsensitiveString,689,setup_291,53583,16,3,2
CaseInsensitiveString,689,setup_291,53607,17,1,1
CaseInsensitiveString,689,setup_291,53636,19,3,1
ByteVector,697,setup_216,54602,1,1,1
ByteVector,697,setup_216,54625,2,1,1
ByteVector,697,setup_216,54646,3,1,1
ByteVector,697,setup_216,54659,4,1,1
ByteVector,697,setup_216,54682,5,1,1
ByteVector,697,setup_216,54714,7,2,1
ByteVector,697,setup_216,54742,8,2,1
ByteVector,697,setup_216,54759,9,1,2
ByteVector,697,setup_216,54774,10,2,1
ByteVector,697,setup_216,54793,11,1,1
ByteVector,697,setup_216,54820,12,2,1
ByteVector,697,setup_216,54842,13,1,1
ByteVector,697,setup_216,54859,14,1,1
ByteVector,697,setup_216,54883,15,1,4
ByteVector,697,setup_216,54920,18,2,1
ByteVector,712,setup_217,56051,1,1,1
ByteVector,712,setup_217,56059,2,1,1
ByteVector,712,setup_217,56081,3,1,1
ByteVector,712,setup_217,56085,4,1,1
ByteVector,712,setup_217,56089,5,1,1
ByteVector,712,setup_217,56109,6,1,1
ByteVector,712,setup_217,56129,7,1,1
ByteVector,712,setup_217,56162,8,1,1
ByteVector,712,setup_217,56178,9,1,1
ByteVector,712,setup_217,56181,10,2,1
ByteVector,712,setup_217,56201,11,1,1
ByteVector,712,setup_217,56209,12,1,2
ByteVector,712,setup_217,56242,13,1,1
ByteVector,712,setup_217,56250,14,1,2
ByteVector,712,setup_217,56288,17,1,2
ByteVector,712,setup_217,56270,15,1,1
ByteVector,712,setup_217,56283,16,1,1
ByteVector,712,setup_217,56290,18,1,1
ByteVector,712,setup_217,56310,19,1,2
CharRange,713,setup_253,56065,1,1,2
CharRange,713,setup_253,56093,2,1,1
CharRange,713,setup_253,56113,3,1,1
CharRange,713,setup_253,56146,4,2,1
CharRange,713,setup_253,56185,5,1,1
CharRange,713,setup_253,56206,6,2,1
CharRange,713,setup_253,56226,7,2,1
CharRange,713,setup_253,56247,8,2,1
CharRange,713,setup_253,56254,9,1,1
CharRange,713,setup_253,56281,10,1,1
CharRange,713,setup_253,56293,11,1,2
CharRange,713,setup_253,56319,13,2,1
CharRange,713,setup_253,56346,15,3,1
CharRange,713,setup_253,56378,17,2,1
CharRange,715,setup_255,56585,17,2,1
CharRange,715,setup_255,56629,20,2,2
CharRange,715,setup_255,56419,1,1,1
CharRange,715,setup_255,56451,2,1,1
CharRange,715,setup_255,56459,3,2,1
CharRange,715,setup_255,56462,4,1,2
CharRange,715,setup_255,56490,8,1,2
CharRange,715,setup_255,56465,5,2,1
CharRange,715,setup_255,56483,6,1,1
CharRange,715,setup_255,56487,7,1,1
CharRange,715,setup_255,56551,13,2,1
CharRange,715,setup_255,56555,14,1,1
CharRange,715,setup_255,56580,16,2,1
CaseInsensitiveString,716,setup_295,56592,7,1,1
CaseInsensitiveString,716,setup_295,56745,15,2,1
CaseInsensitiveString,716,setup_295,56611,8,1,1
CaseInsensitiveString,716,setup_295,56763,16,2,2
CaseInsensitiveString,716,setup_295,56810,18,1,1
CaseInsensitiveString,716,setup_295,56645,9,1,1
CaseInsensitiveString,716,setup_295,56661,10,1,1
CaseInsensitiveString,716,setup_295,56794,17,1,1
CaseInsensitiveString,716,setup_295,56677,11,1,1
CaseInsensitiveString,716,setup_295,56694,12,2,1
CaseInsensitiveString,716,setup_295,56728,14,1,1
CaseInsensitiveString,716,setup_295,56435,1,1,1
CaseInsensitiveString,716,setup_295,56455,2,1,3
CaseInsensitiveString,716,setup_295,56467,3,1,1
CaseInsensitiveString,716,setup_295,56495,4,1,2
CaseInsensitiveString,716,setup_295,56534,5,3,1
CaseInsensitiveString,716,setup_295,56563,6,1,3
CaseInsensitiveString,716,setup_295,56826,19,1,1
CharRange,732,setup_254,58559,1,1,1
CharRange,732,setup_254,58561,2,1,1
CharRange,732,setup_254,58580,3,1,2
CharRange,732,setup_254,58619,8,1,1
CharRange,732,setup_254,58604,5,1,1
CharRange,732,setup_254,58613,6,2,1
CharRange,732,setup_254,58638,9,1,1
CharRange,732,setup_254,58703,14,1,1
CharRange,732,setup_254,58721,16,1,1
CharRange,732,setup_254,58732,19,1,1
Option,734,setup_92,58844,10,3,1
Option,734,setup_92,58766,1,1,1
Option,734,setup_92,58768,2,1,1
Option,734,setup_92,58771,3,1,1
Option,734,setup_92,58851,11,2,1
Option,734,setup_92,58856,12,1,1
Option,734,setup_92,58787,4,1,1
Option,734,setup_92,58862,13,1,1
Option,734,setup_92,58878,14,1,1
Option,734,setup_92,58801,5,1,1
Option,734,setup_92,58804,6,2,1
Option,734,setup_92,58894,15,1,1
Option,734,setup_92,58806,7,1,1
Option,734,setup_92,58812,8,1,1
Option,734,setup_92,58826,9,1,1
Option,734,setup_92,58907,16,1,1
Option,734,setup_92,58923,17,1,1
Option,734,setup_92,58939,18,1,1
Option,734,setup_92,58956,19,2,1
Option,734,setup_92,58974,20,3,1
Complex,754,setup_27,59121,1,1,2
Complex,754,setup_27,59133,2,1,1
Complex,754,setup_27,59158,3,1,4
Complex,754,setup_27,59166,4,2,1
Complex,754,setup_27,59171,5,1,1
Complex,754,setup_27,59212,6,2,2
Complex,754,setup_27,59305,9,1,1
Complex,754,setup_27,59327,10,2,1
Complex,754,setup_27,59350,11,2,4
Complex,754,setup_27,59389,12,3,1
Complex,754,setup_27,59447,13,3,3
Complex,754,setup_27,59556,16,3,2
Complex,754,setup_27,59563,17,2,2
Complex,754,setup_27,59640,19,3,1
Complex,754,setup_27,59665,20,1,1
Complex,755,setup_26,59118,1,1,1
Complex,755,setup_26,59123,2,1,1
Complex,755,setup_26,59135,3,1,1
Complex,755,setup_26,59141,4,1,1
Complex,755,setup_26,59163,5,3,1
Complex,755,setup_26,59255,7,3,2
Complex,755,setup_26,59361,10,1,3
Complex,755,setup_26,59411,11,2,5
Complex,755,setup_26,59559,15,2,1
Complex,755,setup_26,59702,19,2,1
Complex,756,setup_24,59127,1,1,2
Complex,756,setup_24,59137,2,1,1
Complex,756,setup_24,59196,3,2,1
Complex,756,setup_24,59225,4,1,5
Complex,756,setup_24,59268,5,1,2
Complex,756,setup_24,59311,6,2,1
Complex,756,setup_24,59335,7,1,3
Complex,756,setup_24,59364,8,1,1
Complex,756,setup_24,59421,9,3,1
Complex,756,setup_24,59450,10,2,1
Complex,756,setup_24,59492,11,3,2
Complex,756,setup_24,59535,13,1,1
Complex,756,setup_24,59567,14,1,3
Complex,756,setup_24,59595,15,3,1
Complex,756,setup_24,59649,16,2,4
Complex,756,setup_24,59684,17,2,2
Complex,756,setup_24,59721,20,1,1
Complex,757,setup_25,59116,1,1,1
Complex,757,setup_25,59144,2,1,2
Complex,757,setup_25,59175,3,2,1
Complex,757,setup_25,59246,4,2,5
Complex,757,setup_25,59283,5,3,2
Complex,757,setup_25,59301,6,1,2
Complex,757,setup_25,59331,7,2,2
Complex,757,setup_25,59356,8,3,3
Complex,757,setup_25,59383,9,2,1
Complex,757,setup_25,59402,10,3,1
Complex,757,setup_25,59480,12,3,5
Complex,757,setup_25,59625,17,1,3
Complex,757,setup_25,59676,18,2,3
Complex,757,setup_25,59719,20,1,1
SparseIntArray,764,setup_154,59793,1,1,1
SparseIntArray,764,setup_154,59804,3,3,1
SparseIntArray,764,setup_154,59811,5,3,1
SparseIntArray,764,setup_154,59840,11,2,1
IntHashMap,766,setup_190,60341,20,1,1
IntHashMap,766,setup_190,60161,10,2,1
IntHashMap,766,setup_190,60190,13,2,1
IntHashMap,766,setup_190,59883,1,1,1
IntHashMap,766,setup_190,59903,2,1,1
IntHashMap,766,setup_190,60259,16,1,1
IntHashMap,766,setup_190,59975,3,1,1
IntHashMap,766,setup_190,60035,4,1,1
IntHashMap,766,setup_190,60057,5,1,1
IntHashMap,766,setup_190,60066,6,2,1
IntHashMap,766,setup_190,60090,7,2,1
IntHashMap,766,setup_190,60298,18,1,1
IntHashMap,766,setup_190,60132,8,2,2
IntHashMap,766,setup_190,60144,9,2,1
IntHashMap,766,setup_190,60183,12,2,1
IntHashMap,766,setup_190,60225,14,2,1
IntHashMap,766,setup_190,60243,15,1,1
IntHashMap,766,setup_190,60282,17,2,1
IntHashMap,766,setup_190,60328,19,1,1
SparseIntArray,767,setup_155,59922,1,1,1
SparseIntArray,767,setup_155,59941,2,1,1
SparseIntArray,767,setup_155,59964,3,2,1
SparseIntArray,767,setup_155,60012,8,3,1
SparseIntArray,767,setup_155,60137,19,2,1
IntHashMap,768,setup_191,60332,13,1,1
IntHashMap,768,setup_191,60430,20,1,1
IntHashMap,768,setup_191,60262,10,2,1
IntHashMap,768,setup_191,59944,1,1,1
IntHashMap,768,setup_191,60023,2,1,1
IntHashMap,768,setup_191,60109,3,1,1
IntHashMap,768,setup_191,60128,4,1,1
IntHashMap,768,setup_191,60166,5,1,1
IntHashMap,768,setup_191,60203,6,2,1
IntHashMap,768,setup_191,60219,7,1,1
IntHashMap,768,setup_191,60241,9,1,1
IntHashMap,768,setup_191,60314,12,1,1
IntHashMap,768,setup_191,60357,14,1,1
IntHashMap,768,setup_191,60376,15,3,1
IntHashMap,768,setup_191,60394,16,3,1
IntHashMap,768,setup_191,60396,17,1,1
IntHashMap,768,setup_191,60412,18,1,1
IntHashMap,768,setup_191,60414,19,1,1
CharRange,770,setup_262,60435,1,1,1
CharRange,770,setup_262,60445,2,1,5
CharRange,770,setup_262,60457,3,1,1
CharRange,770,setup_262,60459,4,1,1
CharRange,770,setup_262,60474,5,3,1
CharRange,770,setup_262,60527,6,2,4
CharRange,770,setup_262,60536,7,3,1
CaseInsensitiveString,772,setup_298,60729,13,1,1
CaseInsensitiveString,772,setup_298,60768,16,3,1
CaseInsensitiveString,772,setup_298,60784,17,1,1
CaseInsensitiveString,772,setup_298,60786,18,1,1
CaseInsensitiveString,772,setup_298,60789,19,2,1
CaseInsensitiveString,772,setup_298,60795,20,2,1
CaseInsensitiveString,772,setup_298,60483,1,1,1
CaseInsensitiveString,772,setup_298,60497,2,1,1
CaseInsensitiveString,772,setup_298,60521,3,1,1
CaseInsensitiveString,772,setup_298,60532,4,1,1
CaseInsensitiveString,772,setup_298,60557,5,1,1
CaseInsensitiveString,772,setup_298,60649,8,1,1
CaseInsensitiveString,772,setup_298,60604,6,3,1
CaseInsensitiveString,772,setup_298,60642,7,1,1
CaseInsensitiveString,772,setup_298,60699,9,1,1
CaseInsensitiveString,772,setup_298,60746,14,2,1
Rational,774,setup_46,60821,1,1,1
Rational,774,setup_46,60914,2,1,1
Rational,774,setup_46,61052,13,1,1
Rational,775,setup_47,60891,1,1,1
Rational,775,setup_47,61032,2,3,1
Rational,775,setup_47,61089,4,1,1
Rational,775,setup_47,61135,7,3,1
Rational,775,setup_47,61172,10,1,1
CharRange,777,setup_263,60800,1,1,1
CharRange,777,setup_263,60810,2,1,3
CharRange,777,setup_263,60813,3,1,1
CharRange,777,setup_263,60837,4,1,1
CharRange,777,setup_263,60874,5,2,1
CharRange,777,setup_263,61013,12,3,1
CharRange,777,setup_263,61169,19,3,1
Document,778,setup_334,60857,1,1,1
Document,778,setup_334,60933,2,1,1
Document,778,setup_334,61094,8,1,1
Document,778,setup_334,61148,9,3,1
Document,778,setup_334,61193,11,2,1
Document,778,setup_334,61264,15,2,1
Document,778,setup_334,61289,19,1,1
XmlElement,780,setup_119,61325,1,1,1
XmlElement,780,setup_119,61335,2,1,1
XmlElement,780,setup_119,61345,3,3,1
XmlElement,780,setup_119,61386,5,3,1
XmlElement,780,setup_119,61451,8,2,1
XmlElement,780,setup_119,61471,11,1,1
XmlElement,780,setup_119,61482,13,1,1
XmlElement,780,setup_119,61604,20,3,1
Document,783,setup_335,61351,1,1,1
Document,783,setup_335,61433,2,1,1
Document,783,setup_335,61501,3,2,1
Document,783,setup_335,61553,5,3,1
Document,783,setup_335,61567,6,2,1
Document,783,setup_335,61586,7,1,1
Document,783,setup_335,61621,8,2,1
Document,783,setup_335,61643,11,1,1
Document,783,setup_335,61659,12,1,1
Document,783,setup_335,61694,19,2,1
Complex,785,setup_11,61318,1,1,1
Complex,785,setup_11,61323,2,1,1
Complex,785,setup_11,61331,3,1,1
Complex,785,setup_11,61338,4,2,1
Complex,785,setup_11,61372,7,3,1
Complex,785,setup_11,61374,8,1,1
Complex,785,setup_11,61379,10,1,1
Complex,785,setup_11,61397,12,3,1
Complex,785,setup_11,61405,14,1,1
CaseInsensitiveString,786,setup_299,61959,10,2,1
CaseInsensitiveString,786,setup_299,61982,13,3,1
CaseInsensitiveString,786,setup_299,61999,14,2,1
CaseInsensitiveString,786,setup_299,61750,1,1,1
CaseInsensitiveString,786,setup_299,61770,2,1,1
CaseInsensitiveString,786,setup_299,61791,3,1,1
CaseInsensitiveString,786,setup_299,61844,4,1,1
CaseInsensitiveString,786,setup_299,61911,5,1,1
CaseInsensitiveString,786,setup_299,61930,6,1,1
CaseInsensitiveString,786,setup_299,61942,9,1,1
CaseInsensitiveString,786,setup_299,61936,7,1,2
CaseInsensitiveString,786,setup_299,61939,8,1,1
CaseInsensitiveString,786,setup_299,61975,11,1,1
CaseInsensitiveString,786,setup_299,61978,12,2,1
CaseInsensitiveString,786,setup_299,62005,16,2,1
XmlElement,787,setup_118,61709,1,1,1
XmlElement,787,setup_118,61721,3,3,1
XmlElement,787,setup_118,61772,4,1,1
XmlElement,787,setup_118,61808,5,1,1
XmlElement,787,setup_118,61839,9,1,1
XmlElement,787,setup_118,61897,14,2,1
Complex,788,setup_10,61705,1,1,1
Complex,788,setup_10,61707,2,1,1
Complex,788,setup_10,61714,3,1,1
Complex,788,setup_10,61727,4,1,1
Complex,788,setup_10,61739,5,1,1
Complex,788,setup_10,61741,6,1,1
Complex,788,setup_10,61745,7,3,1
Complex,788,setup_10,61768,9,3,1
Complex,788,setup_10,61867,18,2,1
Complex,790,setup_28,62022,1,1,1
Complex,790,setup_28,62048,2,1,4
Complex,790,setup_28,62065,3,1,1
Complex,790,setup_28,62084,4,1,2
Complex,790,setup_28,62097,5,1,2
Complex,790,setup_28,62160,6,1,5
Complex,790,setup_28,62245,8,2,1
Complex,790,setup_28,62356,9,3,2
Complex,790,setup_28,62485,11,2,4
Complex,790,setup_28,62552,12,3,4
Complex,790,setup_28,62649,15,1,1
Complex,790,setup_28,62657,16,1,2
Complex,790,setup_28,62662,17,1,1
Complex,790,setup_28,62718,18,3,1
Complex,790,setup_28,62854,20,3,3
Complex,791,setup_23,62029,1,1,1
Complex,791,setup_23,62078,4,1,1
Complex,791,setup_23,62129,6,3,1
Complex,791,setup_23,62204,9,2,1
Complex,791,setup_23,62443,18,3,1
Complex,791,setup_23,62445,19,1,1
Complex,795,setup_22,62026,1,1,1
Complex,795,setup_22,62031,2,1,1
Complex,795,setup_22,62051,3,2,1
Complex,795,setup_22,62094,6,3,1
Complex,795,setup_22,62125,7,2,1
Complex,797,setup_16,62099,1,1,1
Complex,797,setup_16,62131,2,1,1
Complex,797,setup_16,62176,3,2,1
Complex,797,setup_16,62286,6,2,1
Complex,797,setup_16,62462,8,1,1
Complex,797,setup_16,62530,9,1,1
Complex,797,setup_16,62562,10,3,1
Complex,797,setup_16,62829,16,1,1
Complex,797,setup_16,62866,18,2,1
Complex,798,setup_32,62037,1,1,2
Complex,798,setup_32,62053,2,1,1
Complex,798,setup_32,62076,3,1,1
Complex,798,setup_32,62116,4,1,4
Complex,798,setup_32,62321,6,1,4
Complex,798,setup_32,62368,7,1,3
Complex,798,setup_32,62429,8,2,2
Complex,798,setup_32,62582,10,2,4
Complex,798,setup_32,63123,17,3,1
Complex,799,setup_34,62387,1,1,3
Complex,799,setup_34,62460,2,2,5
Complex,799,setup_34,62576,3,3,2
Complex,799,setup_34,62588,4,1,1
Complex,799,setup_34,62682,6,3,1
Complex,799,setup_34,62827,8,1,1
Complex,799,setup_34,63251,15,2,2
Complex,801,setup_4,62601,1,1,1
Complex,801,setup_4,62636,2,1,1
Complex,801,setup_4,62720,3,1,1
Complex,801,setup_4,62844,6,2,1
Complex,801,setup_4,62949,7,3,1
Complex,801,setup_4,63211,12,3,1
Complex,802,setup_5,62811,1,1,1
Complex,802,setup_5,63017,2,1,1
Complex,802,setup_5,63228,3,2,1
Complex,802,setup_5,63464,6,1,1
Complex,802,setup_5,63552,8,2,1
Complex,802,setup_5,63715,10,3,1
Complex,802,setup_5,63886,12,2,1
Complex,802,setup_5,63988,16,3,1
Complex,802,setup_5,64163,19,1,1
Complex,819,setup_35,65145,1,1,1
Complex,819,setup_35,65171,2,1,3
Complex,819,setup_35,65191,3,1,2
Complex,819,setup_35,65195,4,1,1
Complex,819,setup_35,65251,5,2,2
Complex,819,setup_35,65354,6,1,2
Complex,819,setup_35,65429,8,1,3
Complex,819,setup_35,65762,13,2,1
Complex,819,setup_35,65887,15,2,1
Complex,822,setup_29,65143,1,1,1
Complex,822,setup_29,65153,2,2,1
Complex,822,setup_29,65167,3,1,3
Complex,822,setup_29,65173,4,1,1
Complex,822,setup_29,65193,5,1,1
Complex,822,setup_29,65247,7,2,1
Complex,822,setup_29,65287,8,1,3
Complex,822,setup_29,65390,10,3,2
Complex,822,setup_29,65487,13,3,1
Complex,822,setup_29,65536,14,2,2
Complex,822,setup_29,65587,16,3,1
Complex,822,setup_29,65810,18,3,1
Complex,824,setup_17,65147,1,1,1
Complex,824,setup_17,65322,2,1,1
Complex,824,setup_17,65360,3,1,1
Complex,824,setup_17,65383,5,1,1
Complex,824,setup_17,65567,6,1,1
Complex,824,setup_17,65719,7,1,1
Complex,824,setup_17,65753,8,2,1
Complex,824,setup_17,65962,10,2,1
Complex,824,setup_17,66040,12,2,1
Complex,824,setup_17,66206,13,2,1
Complex,824,setup_17,66426,15,2,1
Complex,824,setup_17,66483,16,3,1
Complex,824,setup_17,66533,18,1,1
Complex,824,setup_17,66584,20,3,1
Complex,825,setup_31,65157,1,1,3
Complex,825,setup_31,65175,2,1,1
Complex,825,setup_31,65228,3,2,2
Complex,825,setup_31,65294,4,2,2
Complex,825,setup_31,65365,6,1,1
Complex,825,setup_31,65409,7,2,3
Complex,825,setup_31,65853,15,3,3
Complex,825,setup_31,65861,16,1,1
Complex,825,setup_31,66051,20,1,1
Complex,826,setup_30,65161,1,1,3
Complex,826,setup_30,65211,2,3,2
Complex,826,setup_30,65236,3,1,1
Complex,826,setup_30,65436,5,3,1
Complex,826,setup_30,65829,12,1,4
Complex,826,setup_30,65867,13,1,3
Complex,826,setup_30,66020,15,3,2
Complex,826,setup_30,66089,18,1,2
Complex,827,setup_33,65150,1,1,2
Complex,827,setup_33,65204,2,3,2
Complex,827,setup_33,65392,5,1,1
Complex,827,setup_33,65664,11,3,2
Complex,827,setup_33,65717,12,2,2
Complex,827,setup_33,65877,15,2,3
Option,829,setup_85,66489,14,1,1
Option,829,setup_85,66572,15,1,1
Option,829,setup_85,66627,17,1,1
Option,829,setup_85,65904,1,1,1
Option,829,setup_85,65930,2,2,1
Option,829,setup_85,65979,3,2,1
Option,829,setup_85,66010,4,1,1
Option,829,setup_85,66055,5,3,1
Option,829,setup_85,66159,6,2,1
Option,829,setup_85,66189,7,1,1
Option,829,setup_85,66251,8,1,1
Option,829,setup_85,66284,9,1,1
Option,829,setup_85,66297,10,1,1
Option,829,setup_85,66369,11,1,1
Option,829,setup_85,66603,16,2,1
Option,829,setup_85,66702,18,1,1
Option,830,setup_88,66594,9,1,1
Option,830,setup_88,66694,11,2,1
Option,830,setup_88,66752,12,2,1
Option,830,setup_88,66882,15,3,1
Option,830,setup_88,66892,16,1,1
Option,830,setup_88,66071,1,1,1
Option,830,setup_88,66135,2,3,1
Option,830,setup_88,66179,3,1,1
Option,830,setup_88,66222,4,1,1
Option,830,setup_88,66385,5,2,1
Option,830,setup_88,66456,7,2,1
Option,830,setup_88,66561,8,3,1
Option,831,setup_89,66617,9,2,1
Option,831,setup_89,66746,12,2,1
Option,831,setup_89,66874,16,2,1
Option,831,setup_89,66288,1,1,1
Option,831,setup_89,66299,2,2,1
Option,831,setup_89,66365,3,3,1
Option,831,setup_89,66408,4,3,1
Option,831,setup_89,66485,6,1,1
Option,832,setup_94,66536,10,2,1
Option,832,setup_94,66580,11,2,1
Option,832,setup_94,66586,12,1,1
Option,832,setup_94,66592,13,1,1
Option,832,setup_94,66614,14,1,1
Option,832,setup_94,66636,15,2,1
Option,832,setup_94,66676,16,2,1
Option,832,setup_94,66700,17,1,1
Option,832,setup_94,66736,18,1,1
Option,832,setup_94,66738,19,1,1
Option,832,setup_94,66771,20,1,1
Option,832,setup_94,66267,1,1,1
Option,832,setup_94,66293,2,2,1
Option,832,setup_94,66295,3,1,1
Option,832,setup_94,66358,4,2,1
Option,832,setup_94,66410,5,1,1
Option,832,setup_94,66442,6,1,1
Option,832,setup_94,66450,7,1,1
Option,832,setup_94,66479,8,1,1
Option,832,setup_94,66487,9,1,1
Option,833,setup_95,66515,10,2,1
Option,833,setup_95,66570,11,2,1
Option,833,setup_95,66619,12,1,1
Option,833,setup_95,66638,13,1,1
Option,833,setup_95,66673,14,1,1
Option,833,setup_95,66698,15,1,1
Option,833,setup_95,66740,16,1,1
Option,833,setup_95,66767,17,1,1
Option,833,setup_95,66769,18,1,1
Option,833,setup_95,66286,1,1,1
Option,833,setup_95,66290,2,1,1
Option,833,setup_95,66308,3,2,1
Option,833,setup_95,66355,4,1,1
Option,833,setup_95,66361,5,1,1
Option,833,setup_95,66367,6,1,1
Option,833,setup_95,66401,7,1,1
Option,833,setup_95,66444,8,1,1
Option,833,setup_95,66477,9,1,1
Option,833,setup_95,66861,19,3,1
Option,833,setup_95,66878,20,3,1
XmlElement,836,setup_112,67543,1,1,1
XmlElement,836,setup_112,67563,2,1,1
XmlElement,836,setup_112,67584,3,1,1
XmlElement,836,setup_112,67692,5,1,1
XmlElement,836,setup_112,67716,6,1,1
XmlElement,836,setup_112,67842,8,1,1
XmlElement,836,setup_112,67951,10,2,1
XmlElement,836,setup_112,67979,11,1,1
XmlElement,836,setup_112,67985,12,1,1
XmlElement,836,setup_112,68065,13,1,1
XmlElement,836,setup_112,68128,15,2,1
XmlElement,836,setup_112,68231,17,3,1
XmlElement,836,setup_112,68333,18,2,1
XmlElement,837,setup_131,67550,1,1,1
XmlElement,837,setup_131,67557,2,1,1
XmlElement,837,setup_131,67568,3,2,1
XmlElement,837,setup_131,67577,4,1,1
XmlElement,837,setup_131,67582,5,1,1
XmlElement,837,setup_131,67598,6,1,1
XmlElement,837,setup_131,67660,7,1,1
XmlElement,837,setup_131,67704,8,1,1
XmlElement,837,setup_131,67722,10,2,1
XmlElement,837,setup_131,67741,11,2,1
XmlElement,837,setup_131,67837,13,2,1
XmlElement,837,setup_131,68092,14,1,1
XmlElement,837,setup_131,68111,15,1,1
XmlElement,837,setup_131,68345,18,1,1
XmlElement,838,setup_113,67553,1,1,1
XmlElement,838,setup_113,67589,2,1,1
XmlElement,838,setup_113,67695,3,1,2
XmlElement,838,setup_113,67862,4,1,1
XmlElement,838,setup_113,68088,8,2,1
XmlElement,838,setup_113,68132,9,1,1
XmlElement,838,setup_113,68441,12,2,1
XmlElement,838,setup_113,68638,13,1,1
XmlElement,838,setup_113,68849,15,1,1
XmlElement,838,setup_113,68890,16,2,1
XmlElement,841,setup_130,67545,1,1,1
XmlElement,841,setup_130,67555,2,1,1
XmlElement,841,setup_130,67561,3,3,1
XmlElement,841,setup_130,67572,4,1,1
XmlElement,841,setup_130,67580,5,2,1
XmlElement,841,setup_130,67596,6,2,1
XmlElement,841,setup_130,67662,7,1,1
XmlElement,841,setup_130,67687,8,3,1
XmlElement,841,setup_130,67700,9,1,1
XmlElement,841,setup_130,67702,10,1,1
XmlElement,841,setup_130,67711,11,3,1
XmlElement,841,setup_130,67725,12,2,1
XmlElement,841,setup_130,67738,13,1,1
XmlElement,841,setup_130,67808,14,1,1
XmlElement,841,setup_130,67847,17,1,1
XmlElement,842,setup_124,67666,1,1,1
XmlElement,842,setup_124,67689,2,1,1
XmlElement,842,setup_124,67732,3,3,1
XmlElement,842,setup_124,67803,4,1,1
XmlElement,842,setup_124,67829,5,1,1
XmlElement,842,setup_124,68074,9,1,2
XmlElement,842,setup_124,68114,10,1,2
XmlElement,842,setup_124,68316,12,2,1
XmlElement,842,setup_124,68360,13,2,1
XmlElement,842,setup_124,68369,14,1,1
XmlElement,842,setup_124,68475,16,1,1
XmlElement,842,setup_124,68588,18,1,1
XmlElement,843,setup_125,67810,1,1,1
XmlElement,843,setup_125,67834,2,1,1
XmlElement,843,setup_125,67963,3,1,1
XmlElement,843,setup_125,67983,4,1,1
XmlElement,843,setup_125,68071,5,1,3
XmlElement,843,setup_125,68119,6,3,1
XmlElement,843,setup_125,68298,10,1,1
XmlElement,843,setup_125,68507,13,3,1
XmlElement,843,setup_125,68597,15,2,1
XmlElement,843,setup_125,68617,16,1,1
XmlElement,843,setup_125,68734,17,3,1
XmlElement,844,setup_132,68481,5,1,5
XmlElement,844,setup_132,68745,7,2,3
XmlElement,844,setup_132,69674,14,2,1
XmlElement,845,setup_133,68492,1,2,2
XmlElement,845,setup_133,70046,12,2,2
XmlElement,845,setup_133,70573,16,2,3
XmlElement,845,setup_133,70852,19,1,5
XmlElement,845,setup_133,70937,20,3,3
XmlElement,846,setup_134,69197,6,2,4
XmlElement,846,setup_134,69482,8,2,3
XmlElement,846,setup_134,69636,9,3,5
XmlElement,846,setup_134,69681,10,1,4
XmlElement,846,setup_134,69929,12,2,3
XmlElement,846,setup_134,69946,13,1,1
XmlElement,847,setup_135,68817,2,1,1
XmlElement,847,setup_135,69216,6,1,1
XmlElement,847,setup_135,69645,9,2,3
XmlElement,847,setup_135,69667,10,1,3
XmlElement,847,setup_135,70713,18,2,5
XmlElement,848,setup_136,69620,5,3,4
XmlElement,848,setup_136,70460,11,3,2
XmlElement,848,setup_136,70994,16,2,4
XmlElement,848,setup_136,71164,19,2,4
XmlElement,848,setup_136,71205,20,3,3
XmlElement,849,setup_137,69590,4,1,1
XmlElement,849,setup_137,70504,11,1,4
XmlElement,849,setup_137,70674,13,1,1
XmlElement,849,setup_137,71071,18,1,5
XmlElement,850,setup_138,70487,1,3,1
XmlElement,850,setup_138,71063,4,3,2
XmlElement,851,setup_139,70613,2,1,2
XmlElement,851,setup_139,71009,4,3,4
XmlElement,851,setup_139,71080,5,2,3
XmlElement,851,setup_139,71529,12,1,3
XmlElement,852,setup_140,70593,2,1,3
XmlElement,852,setup_140,71861,17,2,5
XmlElement,853,setup_141,71128,5,1,2
XmlElement,853,setup_141,71276,7,3,3
XmlElement,853,setup_141,71335,8,3,3
XmlElement,853,setup_141,71337,9,1,1
XmlElement,854,setup_143,72155,1,2,5
XmlElement,854,setup_143,72697,3,3,5
XmlElement,854,setup_143,73588,7,3,2
XmlElement,855,setup_142,73101,5,2,5
XmlElement,855,setup_142,74310,11,3,2
XmlElement,855,setup_142,75758,20,3,2
SparseIntArray,856,setup_167,72121,1,1,1
SparseIntArray,856,setup_167,72169,2,2,1
SparseIntArray,856,setup_167,72246,4,2,1
SparseIntArray,856,setup_167,72307,6,1,1
SparseIntArray,856,setup_167,72416,10,2,1
SparseIntArray,856,setup_167,72447,11,2,1
SparseIntArray,856,setup_167,72498,14,2,1
SparseIntArray,856,setup_167,72563,16,2,1
SparseIntArray,856,setup_167,72610,19,2,1
SparseIntArray,857,setup_166,72016,1,1,1
SparseIntArray,857,setup_166,72018,2,1,1
SparseIntArray,857,setup_166,72048,5,2,1
SparseIntArray,857,setup_166,72101,7,1,1
SparseIntArray,857,setup_166,72162,10,3,1
SparseIntArray,857,setup_166,72291,13,2,1
SparseIntArray,857,setup_166,72325,14,3,1
SparseIntArray,857,setup_166,72366,15,2,1
SparseIntArray,857,setup_166,72368,16,1,1
SparseIntArray,857,setup_166,72413,18,3,1
SparseIntArray,857,setup_166,72444,19,2,1
SparseIntArray,858,setup_160,72021,1,1,2
SparseIntArray,858,setup_160,72026,2,1,1
SparseIntArray,858,setup_160,72028,3,1,1
SparseIntArray,858,setup_160,72192,4,2,3
SparseIntArray,858,setup_160,72376,6,1,1
SparseIntArray,858,setup_160,72441,7,3,1
SparseIntArray,858,setup_160,72568,8,1,1
SparseIntArray,858,setup_160,72709,9,3,4
SparseIntArray,858,setup_160,72852,11,3,1
SparseIntArray,858,setup_160,73040,12,1,1
SparseIntArray,858,setup_160,73090,13,1,1
SparseIntArray,858,setup_160,73198,14,1,1
SparseIntArray,858,setup_160,73342,17,2,1
SparseIntArray,858,setup_160,73445,18,1,1
SparseIntArray,859,setup_148,72357,3,2,4
SparseIntArray,859,setup_148,72510,4,3,5
SparseIntArray,859,setup_148,72718,5,2,1
SparseIntArray,859,setup_148,72757,6,1,3
SparseIntArray,859,setup_148,72813,7,2,1
SparseIntArray,859,setup_148,72870,8,2,1
SparseIntArray,859,setup_148,73058,9,1,3
SparseIntArray,859,setup_148,73182,10,1,1
SparseIntArray,859,setup_148,73373,12,2,3
SparseIntArray,859,setup_148,73378,13,1,1
SparseIntArray,859,setup_148,73593,15,1,4
SparseIntArray,859,setup_148,73874,17,3,3
SparseIntArray,859,setup_148,73986,18,3,1
SparseIntArray,859,setup_148,74104,19,2,1
SparseIntArray,860,setup_169,72062,1,3,1
SparseIntArray,860,setup_169,72099,2,1,4
SparseIntArray,860,setup_169,72738,8,1,5
SparseIntArray,860,setup_169,73239,13,2,1
SparseIntArray,860,setup_169,73546,15,3,5
SparseIntArray,860,setup_169,73706,17,2,1
SparseIntArray,860,setup_169,74056,20,3,4
SparseIntArray,861,setup_168,72040,1,2,3
SparseIntArray,861,setup_168,72112,2,1,5
SparseIntArray,861,setup_168,72404,4,3,5
SparseIntArray,861,setup_168,72465,5,1,2
SparseIntArray,861,setup_168,72639,7,3,4
SparseIntArray,861,setup_168,72886,9,3,3
SparseIntArray,861,setup_168,74121,20,3,4
SparseIntArray,862,setup_149,72094,1,3,3
SparseIntArray,862,setup_149,72135,2,1,1
SparseIntArray,862,setup_149,72144,3,1,3
SparseIntArray,862,setup_149,72302,4,2,3
SparseIntArray,862,setup_149,72316,5,1,3
SparseIntArray,862,setup_149,72542,6,3,2
SparseIntArray,862,setup_149,72834,10,1,1
SparseIntArray,862,setup_149,73149,13,3,1
SparseIntArray,862,setup_149,73471,14,3,4
SparseIntArray,862,setup_149,73725,15,2,1
SparseIntArray,862,setup_149,74011,17,3,5
SparseIntArray,863,setup_161,72265,1,1,3
SparseIntArray,863,setup_161,72309,2,1,1
SparseIntArray,863,setup_161,72321,3,1,1
SparseIntArray,863,setup_161,72334,4,1,1
SparseIntArray,863,setup_161,72374,5,2,1
SparseIntArray,863,setup_161,72421,6,1,1
SparseIntArray,863,setup_161,72667,7,1,1
SparseIntArray,863,setup_161,72957,8,1,1
SparseIntArray,863,setup_161,72989,9,2,1
SparseIntArray,863,setup_161,73023,10,1,1
SparseIntArray,863,setup_161,73109,11,2,4
SparseIntArray,863,setup_161,73268,12,1,1
SparseIntArray,863,setup_161,73562,15,1,1
SparseIntArray,863,setup_161,73685,17,3,1
SparseIntArray,863,setup_161,73752,18,1,1
SparseIntArray,863,setup_161,73956,19,3,1
SparseIntArray,864,setup_170,72560,1,2,4
SparseIntArray,864,setup_170,72607,2,2,3
SparseIntArray,864,setup_170,72996,6,2,1
SparseIntArray,864,setup_170,73431,10,3,1
SparseIntArray,864,setup_170,73515,11,3,5
SparseIntArray,865,setup_171,72772,1,2,5
SparseIntArray,865,setup_171,72787,2,1,2
SparseIntArray,865,setup_171,72806,3,1,3
SparseIntArray,865,setup_171,73019,5,3,3
SparseIntArray,865,setup_171,73085,6,1,3
SparseIntArray,865,setup_171,73315,9,3,1
SparseIntArray,865,setup_171,73364,10,2,1
SparseIntArray,866,setup_172,75209,19,2,5
SparseIntArray,866,setup_172,73624,1,1,2
SparseIntArray,866,setup_172,73643,2,1,2
SparseIntArray,866,setup_172,73771,3,3,5
SparseIntArray,866,setup_172,74282,8,3,4
SparseIntArray,866,setup_172,74428,10,2,1
SparseIntArray,866,setup_172,74502,11,2,3
SparseIntArray,866,setup_172,74628,13,2,3
SparseIntArray,866,setup_172,74777,14,3,2
SparseIntArray,867,setup_173,75307,14,3,1
SparseIntArray,867,setup_173,74218,2,2,3
SparseIntArray,867,setup_173,74528,5,1,3
SparseIntArray,868,setup_174,74978,5,2,5
SparseIntArray,868,setup_174,75019,6,1,1
SparseIntArray,868,setup_174,75027,7,1,3
SparseIntArray,868,setup_174,76303,15,1,1
SparseIntArray,868,setup_174,76800,18,3,4
SparseIntArray,869,setup_175,75483,8,1,4
SparseIntArray,871,setup_177,74383,1,1,2
SparseIntArray,871,setup_177,77283,18,2,1
SparseIntArray,871,setup_177,77627,20,2,3
SparseIntArray,872,setup_178,75658,8,1,2
SparseIntArray,872,setup_178,75675,9,1,1
SparseIntArray,873,setup_179,74737,2,2,2
SparseIntArray,873,setup_179,77276,17,3,2
IntHashMap,874,setup_184,75582,3,3,1
IntHashMap,874,setup_184,75709,4,1,1
IntHashMap,874,setup_184,75836,5,1,1
IntHashMap,874,setup_184,75913,6,1,1
IntHashMap,874,setup_184,76030,7,1,1
IntHashMap,874,setup_184,76169,8,2,4
IntHashMap,874,setup_184,76220,9,2,1
IntHashMap,874,setup_184,76308,11,3,1
IntHashMap,875,setup_185,76093,2,3,2
IntHashMap,875,setup_185,76287,3,1,1
IntHashMap,875,setup_185,76467,4,1,1
IntHashMap,875,setup_185,76627,5,2,3
IntHashMap,875,setup_185,76808,6,1,2
IntHashMap,875,setup_185,76996,7,1,1
IntHashMap,875,setup_185,77141,8,2,1
IntHashMap,875,setup_185,77375,9,2,1
IntHashMap,875,setup_185,77400,10,1,1
IntHashMap,875,setup_185,77761,14,1,2
IntHashMap,875,setup_185,77945,15,1,1
IntHashMap,875,setup_185,78204,16,2,1
IntHashMap,875,setup_185,78428,17,3,1
IntHashMap,875,setup_185,78668,20,2,1
IntHashMap,876,setup_196,77013,16,1,1
IntHashMap,876,setup_196,75852,1,1,1
IntHashMap,876,setup_196,75869,2,1,1
IntHashMap,876,setup_196,75928,3,1,1
IntHashMap,876,setup_196,76049,4,2,2
IntHashMap,876,setup_196,76110,5,1,2
IntHashMap,876,setup_196,76223,6,1,1
IntHashMap,876,setup_196,76333,7,1,1
IntHashMap,876,setup_196,76393,8,1,1
IntHashMap,876,setup_196,76441,9,2,2
IntHashMap,876,setup_196,76553,10,2,1
IntHashMap,876,setup_196,76677,11,1,1
IntHashMap,876,setup_196,76725,12,3,1
IntHashMap,876,setup_196,76901,15,1,1
IntHashMap,876,setup_196,77122,18,1,1
IntHashMap,876,setup_196,77187,19,1,1
IntHashMap,876,setup_196,77106,17,2,1
IntHashMap,876,setup_196,77337,20,3,1
IntHashMap,877,setup_197,77353,12,1,1
IntHashMap,877,setup_197,78499,19,3,1
IntHashMap,877,setup_197,76045,1,1,1
IntHashMap,877,setup_197,76065,2,1,1
IntHashMap,877,setup_197,76258,3,1,1
IntHashMap,877,setup_197,76423,4,1,1
IntHashMap,877,setup_197,76569,5,1,1
IntHashMap,877,setup_197,76768,6,2,1
IntHashMap,877,setup_197,76805,7,1,1
IntHashMap,877,setup_197,76965,8,2,1
IntHashMap,877,setup_197,77311,11,3,1
IntHashMap,877,setup_197,77577,13,1,1
IntHashMap,877,setup_197,77819,14,1,1
IntHashMap,877,setup_197,77838,15,1,1
IntHashMap,877,setup_197,78109,16,1,1
IntHashMap,877,setup_197,78348,17,1,1
IntHashMap,878,setup_202,77073,14,1,1
IntHashMap,878,setup_202,76785,8,2,1
IntHashMap,878,setup_202,76884,11,2,1
IntHashMap,878,setup_202,77056,13,1,1
IntHashMap,878,setup_202,76602,1,1,1
IntHashMap,878,setup_202,76604,2,1,1
IntHashMap,878,setup_202,76622,3,1,1
IntHashMap,878,setup_202,76641,4,1,1
IntHashMap,878,setup_202,76643,5,1,1
IntHashMap,878,setup_202,76645,6,1,1
IntHashMap,878,setup_202,76751,7,1,2
IntHashMap,878,setup_202,76857,9,2,3
IntHashMap,878,setup_202,76881,10,2,2
IntHashMap,878,setup_202,76933,12,1,2
IntHashMap,878,setup_202,77160,15,3,1
IntHashMap,878,setup_202,77263,16,3,4
IntHashMap,878,setup_202,77330,17,3,1
IntHashMap,878,setup_202,77396,18,2,3
IntHashMap,878,setup_202,77525,19,2,1
IntHashMap,879,setup_203,77287,9,3,1
IntHashMap,879,setup_203,77507,11,2,1
IntHashMap,879,setup_203,77554,12,1,1
IntHashMap,879,setup_203,77594,13,2,1
IntHashMap,879,setup_203,77798,16,2,1
IntHashMap,879,setup_203,78011,17,1,1
IntHashMap,879,setup_203,76948,1,1,1
IntHashMap,879,setup_203,77124,2,1,1
IntHashMap,879,setup_203,77154,3,1,1
IntHashMap,879,setup_203,77185,4,1,1
IntHashMap,879,setup_203,77193,5,1,1
IntHashMap,879,setup_203,77210,6,1,1
IntHashMap,879,setup_203,77249,8,1,1
IntHashMap,879,setup_203,77247,7,1,1
IntHashMap,879,setup_203,77779,15,2,1
IntHashMap,879,setup_203,78281,18,2,1
IntHashMap,880,setup_204,77984,11,1,3
IntHashMap,880,setup_204,77219,1,2,3
IntHashMap,880,setup_204,77492,4,2,3
IntHashMap,880,setup_204,77543,5,1,3
IntHashMap,880,setup_204,77716,7,2,1
IntHashMap,880,setup_204,77803,8,1,4
IntHashMap,880,setup_204,77918,9,3,2
IntHashMap,880,setup_204,77959,10,1,3
IntHashMap,880,setup_204,78057,12,1,3
IntHashMap,880,setup_204,78157,14,1,1
IntHashMap,880,setup_204,78169,15,1,1
IntHashMap,880,setup_204,78136,13,2,3
IntHashMap,880,setup_204,78258,16,2,3
IntHashMap,881,setup_205,77357,1,1,3
IntHashMap,881,setup_205,77440,2,2,1
IntHashMap,881,setup_205,77564,3,2,4
IntHashMap,881,setup_205,77643,4,2,4
IntHashMap,881,setup_205,77864,6,2,4
IntHashMap,881,setup_205,77905,7,1,1
IntHashMap,881,setup_205,77966,8,1,1
IntHashMap,881,setup_205,78031,9,2,3
IntHashMap,881,setup_205,78093,10,1,2
IntHashMap,881,setup_205,78187,11,1,2
IntHashMap,881,setup_205,78264,12,1,1
IntHashMap,881,setup_205,78329,13,1,1
IntHashMap,881,setup_205,78345,14,1,1
IntHashMap,881,setup_205,78621,17,3,2
IntHashMap,882,setup_206,77633,1,1,5
IntHashMap,882,setup_206,77736,2,3,3
IntHashMap,882,setup_206,77849,3,2,5
IntHashMap,882,setup_206,77893,4,1,2
IntHashMap,882,setup_206,78050,6,1,4
IntHashMap,882,setup_206,78074,7,1,2
IntHashMap,882,setup_206,78129,8,2,3
IntHashMap,882,setup_206,78153,9,1,4
IntHashMap,882,setup_206,78220,10,1,1
IntHashMap,882,setup_206,78232,11,1,1
IntHashMap,882,setup_206,78246,12,1,2
IntHashMap,882,setup_206,78300,13,1,4
IntHashMap,882,setup_206,78490,15,2,3
IntHashMap,883,setup_207,78501,14,1,1
IntHashMap,883,setup_207,78509,15,1,1
IntHashMap,883,setup_207,77709,1,3,5
IntHashMap,883,setup_207,77741,2,1,3
IntHashMap,883,setup_207,77792,3,1,3
IntHashMap,883,setup_207,77836,4,1,2
IntHashMap,883,setup_207,77962,6,1,2
IntHashMap,883,setup_207,78234,9,1,1
IntHashMap,883,setup_207,78314,10,2,3
IntHashMap,883,setup_207,78371,11,2,2
IntHashMap,883,setup_207,78404,12,1,2
IntHashMap,883,setup_207,78460,13,1,5
IntHashMap,883,setup_207,78580,16,2,4
ByteVector,890,setup_220,79050,5,1,1
CaseInsensitiveString,914,setup_292,81239,15,3,2
CaseInsensitiveString,914,setup_292,80346,1,1,1
CaseInsensitiveString,914,setup_292,80367,2,1,1
CaseInsensitiveString,914,setup_292,80458,3,1,1
CaseInsensitiveString,914,setup_292,80502,4,2,2
CaseInsensitiveString,914,setup_292,80535,5,2,1
CaseInsensitiveString,914,setup_292,80709,6,1,1
CaseInsensitiveString,914,setup_292,80790,7,1,4
CaseInsensitiveString,914,setup_292,80982,8,2,2
CaseInsensitiveString,914,setup_292,81116,12,1,1
CaseInsensitiveString,914,setup_292,81148,13,3,1
CaseInsensitiveString,914,setup_292,81194,14,2,1
CaseInsensitiveString,914,setup_292,81308,16,3,1
CaseInsensitiveString,914,setup_292,81400,17,1,1
CharRange,915,setup_275,80329,1,1,1
CharRange,915,setup_275,80341,2,1,1
CharRange,916,setup_274,80325,1,1,1
CharRange,916,setup_274,80430,7,2,1
CharRange,916,setup_274,80473,9,3,1
CharRange,916,setup_274,80492,10,1,1
CharRange,918,setup_269,80353,1,1,1
CharRange,918,setup_269,80554,6,1,1
CharRange,918,setup_269,80642,8,3,1
CharRange,918,setup_269,80740,10,1,1
CharRange,918,setup_269,80761,11,2,1
CharRange,920,setup_256,80327,1,1,1
CharRange,920,setup_256,80336,2,1,1
CharRange,920,setup_256,80357,3,1,2
CharRange,920,setup_256,80469,6,1,1
CharRange,920,setup_256,80519,7,3,1
CharRange,920,setup_256,80558,8,3,1
CharRange,920,setup_256,80727,13,3,1
CharRange,920,setup_256,80809,16,3,1
CharRange,920,setup_256,80887,17,2,1
CharRange,920,setup_256,80895,18,1,1
CharRange,920,setup_256,80942,19,2,1
CharRange,921,setup_268,80334,1,1,1
CharRange,921,setup_268,80351,2,1,1
CharRange,921,setup_268,80369,3,1,1
CharRange,921,setup_268,80402,4,3,1
CharRange,921,setup_268,80893,16,1,1
CaseInsensitiveString,924,setup_304,81348,17,3,1
CaseInsensitiveString,924,setup_304,81380,18,3,1
CaseInsensitiveString,924,setup_304,81477,20,2,1
CaseInsensitiveString,924,setup_304,80817,1,1,1
CaseInsensitiveString,924,setup_304,80860,2,1,2
CaseInsensitiveString,924,setup_304,81284,15,2,1
CaseInsensitiveString,924,setup_304,81296,16,3,1
CaseInsensitiveString,943,setup_310,81663,7,2,1
CaseInsensitiveString,943,setup_310,81748,10,2,1
CaseInsensitiveString,943,setup_310,81801,12,1,1
CaseInsensitiveString,943,setup_310,81828,13,1,1
CaseInsensitiveString,943,setup_310,81535,1,1,1
CaseInsensitiveString,943,setup_310,81537,2,1,1
CaseInsensitiveString,943,setup_310,81540,3,1,1
CaseInsensitiveString,943,setup_310,81586,4,1,1
CaseInsensitiveString,943,setup_310,81601,5,1,1
CaseInsensitiveString,943,setup_310,81645,6,1,1
CaseInsensitiveString,943,setup_310,81674,8,1,1
CaseInsensitiveString,943,setup_310,81731,9,2,1
CaseInsensitiveString,943,setup_310,81766,11,1,5
CaseInsensitiveString,943,setup_310,81868,15,2,3
Document,947,setup_328,82098,1,1,2
Document,947,setup_328,82238,2,1,1
Document,947,setup_328,82446,3,1,1
Document,947,setup_328,82543,4,1,1
Document,947,setup_328,82762,5,1,1
Document,947,setup_328,82982,6,1,1
Document,947,setup_328,83087,7,1,1
Document,947,setup_328,83174,8,1,1
Document,947,setup_328,83284,9,1,1
Document,947,setup_328,83376,10,1,1
Document,947,setup_328,83564,11,1,1
Document,947,setup_328,83646,12,1,1
Document,947,setup_328,83746,13,1,1
Document,947,setup_328,83817,14,1,1
Document,947,setup_328,83856,15,2,1
Document,947,setup_328,83942,16,1,1
Document,947,setup_328,84012,17,2,1
Document,947,setup_328,84076,18,1,1
Document,947,setup_328,84141,19,1,1
Document,947,setup_328,84174,20,1,2
CharRange,948,setup_257,82031,1,1,1
CharRange,948,setup_257,82063,2,2,1
CharRange,948,setup_257,82189,4,3,1
CharRange,948,setup_257,82254,5,1,1
CharRange,948,setup_257,82318,7,2,1
CharRange,948,setup_257,82405,8,3,1
CharRange,948,setup_257,82600,9,1,1
CharRange,948,setup_257,82738,12,2,2
CharRange,948,setup_257,82917,15,3,2
CharRange,948,setup_257,83104,16,2,1
CharRange,948,setup_257,83134,17,1,1
CharRange,948,setup_257,83169,18,2,1
CharRange,948,setup_257,83338,19,1,1
CaseInsensitiveString,949,setup_311,82705,7,1,1
CaseInsensitiveString,949,setup_311,82831,8,1,1
CaseInsensitiveString,949,setup_311,82864,9,1,1
CaseInsensitiveString,949,setup_311,83141,11,1,1
CaseInsensitiveString,949,setup_311,83316,13,1,1
CaseInsensitiveString,949,setup_311,83548,15,1,1
CaseInsensitiveString,949,setup_311,82036,1,1,1
CaseInsensitiveString,949,setup_311,82068,2,1,1
CaseInsensitiveString,949,setup_311,82148,3,2,1
CaseInsensitiveString,949,setup_311,82199,4,1,1
CaseInsensitiveString,949,setup_311,82340,5,1,1
CaseInsensitiveString,949,setup_311,82462,6,1,1
CaseInsensitiveString,949,setup_311,83419,14,3,1
CaseInsensitiveString,949,setup_311,83603,16,1,1
CaseInsensitiveString,949,setup_311,83002,10,2,1
CaseInsensitiveString,949,setup_311,83251,12,1,2
CaseInsensitiveString,949,setup_311,83693,17,2,2
CaseInsensitiveString,949,setup_311,83727,18,1,2
CaseInsensitiveString,949,setup_311,83796,19,3,1
Document,950,setup_340,82079,1,1,1
Document,950,setup_340,82206,2,1,1
Document,950,setup_340,82324,3,2,1
Document,950,setup_340,82508,4,1,1
Document,950,setup_340,82641,5,1,1
Document,950,setup_340,82782,6,2,1
Document,950,setup_340,82887,7,1,1
Document,950,setup_340,82947,8,1,1
Document,950,setup_340,83108,9,1,1
Document,950,setup_340,83228,10,2,1
Document,950,setup_340,83433,13,3,1
Document,950,setup_340,83526,14,3,1
Document,950,setup_340,83630,15,1,1
Document,950,setup_340,83710,16,2,1
Document,950,setup_340,83801,17,1,1
Document,950,setup_340,83873,18,2,1
Document,950,setup_340,83926,19,3,1
Document,950,setup_340,83976,20,1,1
Document,951,setup_341,82111,1,1,1
Document,951,setup_341,82257,2,1,1
Document,951,setup_341,82369,3,1,1
Document,951,setup_341,82524,4,1,1
Document,951,setup_341,82689,5,3,1
Document,951,setup_341,82871,6,3,1
Document,951,setup_341,83018,7,1,1
Document,951,setup_341,83190,8,1,1
Document,951,setup_341,83300,9,1,1
Document,951,setup_341,83399,10,2,1
Document,951,setup_341,83502,11,2,1
Document,951,setup_341,83614,12,3,1
Document,951,setup_341,83658,13,1,1
Document,951,setup_341,83762,14,1,1
Document,951,setup_341,83839,15,1,1
Document,951,setup_341,83960,16,3,1
Document,951,setup_341,84028,18,1,1
Document,951,setup_341,84060,19,1,1
Document,951,setup_341,84109,20,1,1
CaseInsensitiveString,952,setup_305,82029,1,1,1
CaseInsensitiveString,952,setup_305,82040,2,1,1
CaseInsensitiveString,952,setup_305,82095,3,1,1
CaseInsensitiveString,952,setup_305,82276,6,1,1
CaseInsensitiveString,952,setup_305,82443,8,3,1
CaseInsensitiveString,953,setup_293,82034,1,1,1
CaseInsensitiveString,953,setup_293,82171,2,1,1
CaseInsensitiveString,953,setup_293,82353,3,2,1
CaseInsensitiveString,953,setup_293,82492,4,1,1
CaseInsensitiveString,953,setup_293,82575,5,1,1
CaseInsensitiveString,953,setup_293,82743,6,1,1
CaseInsensitiveString,953,setup_293,82903,7,1,1
CaseInsensitiveString,953,setup_293,83069,9,1,1
CaseInsensitiveString,953,setup_293,83050,8,1,1
CaseInsensitiveString,953,setup_293,83157,10,1,1
CaseInsensitiveString,953,setup_293,83206,11,1,1
CaseInsensitiveString,953,setup_293,83247,12,1,1
CaseInsensitiveString,953,setup_293,83449,13,1,1
CaseInsensitiveString,953,setup_293,83730,19,2,1
CaseInsensitiveString,953,setup_293,83891,20,3,1
Document,954,setup_329,82131,1,1,1
Document,954,setup_329,82279,2,1,1
Document,954,setup_329,82425,3,1,1
Document,954,setup_329,82584,4,1,1
Document,954,setup_329,82815,5,1,2
Document,954,setup_329,82963,6,1,1
Document,954,setup_329,83071,7,1,1
Document,954,setup_329,83137,8,1,2
Document,954,setup_329,83265,9,1,1
Document,954,setup_329,83357,10,1,1
Document,954,setup_329,83485,11,2,1
Document,954,setup_329,83587,12,1,2
Document,954,setup_329,83675,13,2,1
Document,954,setup_329,83778,14,1,1
Document,954,setup_329,83908,15,2,1
Document,954,setup_329,83992,16,1,1
Document,954,setup_329,84044,17,1,1
Document,954,setup_329,84093,18,1,2
Document,954,setup_329,84125,19,1,1
Document,954,setup_329,84157,20,1,1
Document,955,setup_347,82152,1,1,1
Document,955,setup_347,82195,2,1,1
Document,955,setup_347,82301,3,1,1
Document,955,setup_347,82407,4,1,1
Document,955,setup_347,82619,5,1,1
Document,955,setup_347,82657,6,1,1
Document,955,setup_347,82848,8,2,1
Document,955,setup_347,83021,9,1,1
Document,955,setup_347,83211,11,1,1
Document,955,setup_347,83322,13,2,1
Document,955,setup_347,83468,17,1,1
Document,956,setup_346,82046,1,1,1
Document,956,setup_346,82217,3,1,1
Document,956,setup_346,82387,5,3,1
Document,956,setup_346,82423,6,1,1
Document,956,setup_346,82476,7,1,1
Document,956,setup_346,82559,8,1,1
Document,956,setup_346,82659,9,1,1
Document,956,setup_346,82925,17,2,1
IntHashMap,963,setup_209,85648,12,1,1
IntHashMap,963,setup_209,85454,11,1,1
IntHashMap,963,setup_209,84333,1,2,3
IntHashMap,963,setup_209,84778,3,3,5
IntHashMap,963,setup_209,84851,4,1,1
IntHashMap,963,setup_209,84920,5,1,5
IntHashMap,963,setup_209,84984,6,2,2
IntHashMap,963,setup_209,85055,7,2,2
IntHashMap,963,setup_209,85145,8,1,3
IntHashMap,963,setup_209,85272,9,2,3
IntHashMap,963,setup_209,85367,10,1,1
IntHashMap,963,setup_209,85827,14,1,4
IntHashMap,963,setup_209,86171,16,1,5
IntHashMap,963,setup_209,86639,19,2,4
IntHashMap,964,setup_208,85105,8,1,1
IntHashMap,964,setup_208,84190,1,1,1
IntHashMap,964,setup_208,84221,2,2,1
IntHashMap,964,setup_208,84703,4,3,1
IntHashMap,964,setup_208,84848,5,2,5
IntHashMap,964,setup_208,84946,6,2,5
IntHashMap,964,setup_208,85032,7,2,1
IntHashMap,964,setup_208,85160,9,3,4
IntHashMap,964,setup_208,85251,10,1,3
IntHashMap,964,setup_208,85335,11,2,4
IntHashMap,964,setup_208,85377,12,1,2
IntHashMap,964,setup_208,85611,14,3,1
IntHashMap,964,setup_208,85631,15,1,4
IntHashMap,965,setup_214,87007,20,3,4
IntHashMap,968,setup_210,84996,6,2,5
IntHashMap,968,setup_210,85770,11,2,1
IntHashMap,969,setup_212,84194,1,1,3
IntHashMap,969,setup_212,84309,2,2,3
IntHashMap,969,setup_212,84553,4,3,1
IntHashMap,970,setup_211,86027,13,1,3
IntHashMap,972,setup_213,86823,18,1,2
IntHashMap,972,setup_213,86858,19,1,2
CharRange,985,setup_280,89166,1,1,1
CharRange,985,setup_280,89304,2,2,4
CharRange,985,setup_280,89338,3,1,3
CharRange,985,setup_280,89351,4,1,2
CharRange,985,setup_280,89392,5,1,1
CharRange,985,setup_280,89677,8,2,1
CharRange,985,setup_280,89713,9,2,1
CharRange,985,setup_280,89958,12,1,1
CharRange,985,setup_280,89999,14,1,1
CharRange,985,setup_280,90258,17,2,2
CharRange,986,setup_281,89168,1,1,1
CharRange,986,setup_281,89175,2,1,1
CharRange,986,setup_281,89232,3,3,1
CharRange,986,setup_281,89272,4,1,2
CharRange,986,setup_281,89329,5,1,1
CharRange,986,setup_281,89331,6,1,1
CharRange,986,setup_281,89569,9,1,2
CharRange,986,setup_281,89640,10,3,1
CharRange,986,setup_281,89710,11,3,1
CharRange,986,setup_281,89796,13,3,1
CharRange,986,setup_281,89909,14,1,2
CharRange,986,setup_281,90088,18,3,3
CharRange,987,setup_278,89203,1,1,3
CharRange,987,setup_278,89309,2,1,3
CharRange,987,setup_278,89342,3,1,3
CharRange,987,setup_278,89361,4,1,1
CharRange,987,setup_278,89412,5,1,3
CharRange,987,setup_278,89620,7,2,1
CharRange,987,setup_278,89737,8,3,2
CharRange,987,setup_278,89816,9,2,2
CharRange,987,setup_278,90207,13,2,1
CharRange,987,setup_278,90266,14,3,3
CharRange,987,setup_278,90613,19,1,2
CharRange,988,setup_279,89173,1,1,2
CharRange,988,setup_279,89177,2,1,1
CharRange,988,setup_279,89427,5,1,4
CharRange,988,setup_279,89564,6,1,2
CharRange,988,setup_279,89605,7,3,1
CharRange,988,setup_279,89662,8,3,1
CharRange,988,setup_279,89716,9,1,2
CharRange,988,setup_279,89754,10,2,2
CharRange,988,setup_279,90405,19,1,2
CharRange,988,setup_279,90458,20,1,2
CharRange,991,setup_282,89180,1,1,2
CharRange,991,setup_282,89274,2,1,1
CharRange,991,setup_282,89383,3,1,3
CharRange,991,setup_282,89702,5,2,3
CharRange,991,setup_282,89960,7,1,1
CharRange,991,setup_282,90081,9,2,1
CharRange,991,setup_282,90348,12,1,5
CharRange,991,setup_282,90434,13,2,1
CharRange,991,setup_282,90627,14,3,4
CharRange,991,setup_282,91000,17,1,4
CharRange,991,setup_282,91430,19,2,3
CharRange,993,setup_284,89170,1,1,1
CharRange,993,setup_284,89257,2,1,3
CharRange,993,setup_284,89269,3,1,1
CharRange,993,setup_284,89419,4,2,4
CharRange,993,setup_284,89458,5,1,1
CharRange,993,setup_284,89610,6,2,1
CharRange,993,setup_284,89680,7,1,2
CharRange,993,setup_284,89996,10,3,2
CharRange,993,setup_284,90588,14,2,1
CharRange,995,setup_283,89234,1,1,1
CharRange,995,setup_283,89434,2,2,1
CharRange,995,setup_283,89598,3,1,4
CharRange,995,setup_283,89750,4,3,1
CharRange,995,setup_283,89906,5,1,4
CharRange,995,setup_283,89954,6,1,2
CharRange,995,setup_283,89971,7,1,2
CharRange,995,setup_283,91463,19,2,5
CharRange,995,setup_283,91600,20,2,4
CharRange,997,setup_276,89185,1,1,1
CharRange,997,setup_276,89250,2,1,1
CharRange,997,setup_276,89291,3,1,2
CharRange,997,setup_276,89368,4,2,2
CharRange,997,setup_276,89515,5,3,1
CharRange,997,setup_276,89648,6,3,2
CharRange,997,setup_276,89690,7,1,1
CharRange,997,setup_276,89945,9,3,3
CharRange,997,setup_276,89975,10,2,2
CharRange,997,setup_276,90116,12,1,2
CharRange,997,setup_276,90236,13,3,2
CharRange,997,setup_276,90487,16,3,3
CharRange,997,setup_276,90566,18,1,1
CharRange,998,setup_285,89669,1,1,2
CharRange,998,setup_285,89728,2,1,3
CharRange,998,setup_285,89761,3,1,1
CharRange,998,setup_285,89885,4,2,2
CharRange,998,setup_285,90231,6,3,1
CharRange,998,setup_285,90246,7,1,1
CharRange,998,setup_285,90272,8,1,2
CharRange,998,setup_285,90954,13,1,1
CharRange,999,setup_286,90481,1,3,1
CharRange,999,setup_286,90571,2,2,2
CharRange,999,setup_286,90593,3,1,2
CharRange,999,setup_286,90821,5,2,1
CharRange,999,setup_286,90918,6,2,4
CharRange,999,setup_286,90952,7,1,1
CharRange,999,setup_286,91115,8,2,5
CharRange,1000,setup_287,90600,1,2,1
CharRange,1000,setup_287,90618,2,1,1
CharRange,1000,setup_287,90673,3,1,2
CharRange,1000,setup_287,90750,4,1,1
CharRange,1000,setup_287,90801,5,1,3
CharRange,1000,setup_287,91275,8,2,1
CharRange,1000,setup_287,91360,9,2,2
CharRange,1000,setup_287,91556,10,2,1
CharRange,1000,setup_287,92551,15,1,3
CharRange,1000,setup_287,93159,19,3,1
CaseInsensitiveString,1001,setup_312,90894,6,1,1
CaseInsensitiveString,1001,setup_312,91067,8,1,1
CaseInsensitiveString,1001,setup_312,91227,11,1,1
CaseInsensitiveString,1001,setup_312,91499,13,1,1
CaseInsensitiveString,1001,setup_312,91608,15,1,1
CaseInsensitiveString,1001,setup_312,91802,17,1,1
CaseInsensitiveString,1001,setup_312,92054,19,1,2
CaseInsensitiveString,1001,setup_312,90553,1,1,2
CaseInsensitiveString,1001,setup_312,90579,2,1,2
CaseInsensitiveString,1001,setup_312,90633,3,1,3
CaseInsensitiveString,1001,setup_312,90727,4,1,1
CaseInsensitiveString,1001,setup_312,90876,5,2,2
CaseInsensitiveString,1001,setup_312,90984,7,1,4
CaseInsensitiveString,1001,setup_312,91133,9,1,2
CaseInsensitiveString,1001,setup_312,91195,10,1,2
CaseInsensitiveString,1001,setup_312,91414,12,3,2
CaseInsensitiveString,1001,setup_312,91574,14,1,3
CaseInsensitiveString,1001,setup_312,91753,16,1,5
CaseInsensitiveString,1001,setup_312,91946,18,2,4
CaseInsensitiveString,1002,setup_313,91142,6,1,1
CaseInsensitiveString,1002,setup_313,92286,16,1,1
CaseInsensitiveString,1002,setup_313,92397,17,1,1
CaseInsensitiveString,1002,setup_313,92426,18,1,1
CaseInsensitiveString,1002,setup_313,91306,8,3,1
CaseInsensitiveString,1002,setup_313,91908,13,1,1
CaseInsensitiveString,1002,setup_313,90829,1,1,1
CaseInsensitiveString,1002,setup_313,90860,2,1,1
CaseInsensitiveString,1002,setup_313,90927,3,1,2
CaseInsensitiveString,1002,setup_313,90973,4,1,1
CaseInsensitiveString,1002,setup_313,91094,5,1,1
CaseInsensitiveString,1002,setup_313,91237,7,1,2
CaseInsensitiveString,1002,setup_313,91441,9,1,2
CaseInsensitiveString,1002,setup_313,91540,10,1,2
CaseInsensitiveString,1002,setup_313,91631,11,1,5
CaseInsensitiveString,1002,setup_313,91840,12,2,2
CaseInsensitiveString,1002,setup_313,92105,14,1,2
CaseInsensitiveString,1002,setup_313,92190,15,1,3
CaseInsensitiveString,1002,setup_313,92632,19,3,1
CaseInsensitiveString,1002,setup_313,92715,20,1,2
CaseInsensitiveString,1003,setup_314,91168,7,1,1
CaseInsensitiveString,1003,setup_314,91200,8,1,1
CaseInsensitiveString,1003,setup_314,91214,9,1,1
CaseInsensitiveString,1003,setup_314,91565,14,1,1
CaseInsensitiveString,1003,setup_314,91698,16,1,1
CaseInsensitiveString,1003,setup_314,91662,15,1,5
CaseInsensitiveString,1003,setup_314,90790,1,1,2
CaseInsensitiveString,1003,setup_314,90851,2,1,1
CaseInsensitiveString,1003,setup_314,90907,3,1,4
CaseInsensitiveString,1003,setup_314,90943,4,1,1
CaseInsensitiveString,1003,setup_314,90969,5,1,2
CaseInsensitiveString,1003,setup_314,91083,6,1,4
CaseInsensitiveString,1003,setup_314,91295,10,3,1
CaseInsensitiveString,1003,setup_314,91395,11,2,2
CaseInsensitiveString,1003,setup_314,91494,12,1,2
CaseInsensitiveString,1003,setup_314,91527,13,1,2
CaseInsensitiveString,1003,setup_314,91927,18,3,1
CaseInsensitiveString,1003,setup_314,92038,19,1,3
CaseInsensitiveString,1003,setup_314,92271,20,3,4
CaseInsensitiveString,1004,setup_315,93221,20,1,1
CaseInsensitiveString,1004,setup_315,92817,16,1,1
CaseInsensitiveString,1004,setup_315,93032,18,1,1
CaseInsensitiveString,1004,setup_315,93127,19,2,3
CaseInsensitiveString,1004,setup_315,91885,6,1,1
CaseInsensitiveString,1004,setup_315,91618,1,1,1
CaseInsensitiveString,1004,setup_315,91684,2,1,2
CaseInsensitiveString,1004,setup_315,91726,3,1,1
CaseInsensitiveString,1004,setup_315,91794,4,1,1
CaseInsensitiveString,1004,setup_315,91861,5,2,1
CaseInsensitiveString,1004,setup_315,91906,7,1,2
CaseInsensitiveString,1004,setup_315,91988,8,3,2
CaseInsensitiveString,1004,setup_315,92150,9,2,2
CaseInsensitiveString,1004,setup_315,92220,10,2,2
CaseInsensitiveString,1004,setup_315,92320,11,1,2
CaseInsensitiveString,1004,setup_315,92433,12,2,1
CaseInsensitiveString,1004,setup_315,92513,13,1,4
CaseInsensitiveString,1004,setup_315,92660,14,1,5
CaseInsensitiveString,1004,setup_315,92768,15,1,5
CaseInsensitiveString,1004,setup_315,92926,17,2,3
CaseInsensitiveString,1005,setup_316,93207,17,1,1
CaseInsensitiveString,1005,setup_316,92121,6,1,1
CaseInsensitiveString,1005,setup_316,92225,8,1,1
CaseInsensitiveString,1005,setup_316,92243,9,1,1
CaseInsensitiveString,1005,setup_316,92602,11,2,1
CaseInsensitiveString,1005,setup_316,93594,20,1,2
CaseInsensitiveString,1005,setup_316,91652,1,1,1
CaseInsensitiveString,1005,setup_316,91765,2,1,1
CaseInsensitiveString,1005,setup_316,91817,3,1,3
CaseInsensitiveString,1005,setup_316,91872,4,1,2
CaseInsensitiveString,1005,setup_316,92090,5,1,2
CaseInsensitiveString,1005,setup_316,92572,10,2,1
CaseInsensitiveString,1005,setup_316,92740,12,2,1
CaseInsensitiveString,1005,setup_316,92762,13,1,2
CaseInsensitiveString,1005,setup_316,92898,14,2,5
CaseInsensitiveString,1005,setup_316,93163,16,1,3
CaseInsensitiveString,1005,setup_316,93352,18,2,3
CaseInsensitiveString,1005,setup_316,93487,19,3,5
CaseInsensitiveString,1006,setup_317,92162,7,1,1
CaseInsensitiveString,1006,setup_317,92266,9,1,1
CaseInsensitiveString,1006,setup_317,92676,12,1,1
CaseInsensitiveString,1006,setup_317,92887,15,1,1
CaseInsensitiveString,1006,setup_317,91883,5,2,1
CaseInsensitiveString,1006,setup_317,91656,1,1,2
CaseInsensitiveString,1006,setup_317,91696,2,1,1
CaseInsensitiveString,1006,setup_317,91792,3,1,5
CaseInsensitiveString,1006,setup_317,91857,4,1,2
CaseInsensitiveString,1006,setup_317,91903,6,1,2
CaseInsensitiveString,1006,setup_317,92229,8,1,3
CaseInsensitiveString,1006,setup_317,92524,10,3,4
CaseInsensitiveString,1006,setup_317,92654,11,3,1
CaseInsensitiveString,1006,setup_317,92851,14,1,2
CaseInsensitiveString,1006,setup_317,93217,17,3,4
CaseInsensitiveString,1006,setup_317,93378,18,1,2
CaseInsensitiveString,1006,setup_317,93541,20,1,4
CaseInsensitiveString,1007,setup_318,92413,7,1,1
CaseInsensitiveString,1007,setup_318,92480,8,1,1
CaseInsensitiveString,1007,setup_318,92796,9,2,5
CaseInsensitiveString,1007,setup_318,94315,18,3,1
CaseInsensitiveString,1007,setup_318,91990,1,1,1
CaseInsensitiveString,1007,setup_318,92033,2,1,1
CaseInsensitiveString,1007,setup_318,92085,3,1,1
CaseInsensitiveString,1007,setup_318,92160,4,3,1
CaseInsensitiveString,1007,setup_318,92232,5,1,2
CaseInsensitiveString,1007,setup_318,92337,6,1,2
CaseInsensitiveString,1007,setup_318,93018,10,2,3
CaseInsensitiveString,1007,setup_318,93638,13,2,4
CaseInsensitiveString,1007,setup_318,93692,14,1,3
CaseInsensitiveString,1007,setup_318,94002,16,2,4
CaseInsensitiveString,1007,setup_318,94405,19,1,3
CaseInsensitiveString,1008,setup_319,93180,8,1,1
CaseInsensitiveString,1008,setup_319,92359,1,1,5
CaseInsensitiveString,1008,setup_319,92494,2,1,3
CaseInsensitiveString,1008,setup_319,92588,3,1,1
CaseInsensitiveString,1008,setup_319,92719,4,1,1
CaseInsensitiveString,1008,setup_319,92834,5,1,1
CaseInsensitiveString,1008,setup_319,92901,6,1,1
CaseInsensitiveString,1008,setup_319,93062,7,1,2
CaseInsensitiveString,1008,setup_319,93268,9,1,2
CaseInsensitiveString,1008,setup_319,93869,12,2,2
CaseInsensitiveString,1008,setup_319,94079,13,3,4
CaseInsensitiveString,1008,setup_319,94416,15,2,1
CaseInsensitiveString,1008,setup_319,94531,16,2,1
CaseInsensitiveString,1008,setup_319,94872,19,2,5
CaseInsensitiveString,1008,setup_319,94950,20,3,4
CaseInsensitiveString,1009,setup_320,93723,14,1,1
CaseInsensitiveString,1009,setup_320,92678,7,1,1
CaseInsensitiveString,1009,setup_320,92742,8,1,1
CaseInsensitiveString,1009,setup_320,92302,1,1,1
CaseInsensitiveString,1009,setup_320,92350,2,1,1
CaseInsensitiveString,1009,setup_320,92392,3,1,1
CaseInsensitiveString,1009,setup_320,92451,4,1,1
CaseInsensitiveString,1009,setup_320,92533,5,2,1
CaseInsensitiveString,1009,setup_320,92590,6,1,1
CaseInsensitiveString,1009,setup_320,92988,9,3,1
CaseInsensitiveString,1009,setup_320,93134,10,1,3
CaseInsensitiveString,1009,setup_320,93293,11,2,1
CaseInsensitiveString,1009,setup_320,93770,15,1,2
CaseInsensitiveString,1010,setup_321,93576,10,1,1
CaseInsensitiveString,1010,setup_321,92807,1,1,3
CaseInsensitiveString,1010,setup_321,92877,2,1,1
CaseInsensitiveString,1010,setup_321,92950,3,2,2
CaseInsensitiveString,1010,setup_321,92976,4,1,1
CaseInsensitiveString,1010,setup_321,93078,5,1,1
CaseInsensitiveString,1010,setup_321,93130,6,1,2
CaseInsensitiveString,1010,setup_321,93366,8,1,3
CaseInsensitiveString,1010,setup_321,93572,9,3,2
CaseInsensitiveString,1010,setup_321,94271,14,2,2
CaseInsensitiveString,1010,setup_321,94649,17,2,1
CaseInsensitiveString,1010,setup_321,94895,20,2,3
CaseInsensitiveString,1011,setup_322,94090,11,1,1
CaseInsensitiveString,1011,setup_322,93646,7,1,3
CaseInsensitiveString,1011,setup_322,93219,1,1,1
CaseInsensitiveString,1011,setup_322,93249,2,1,1
CaseInsensitiveString,1011,setup_322,93258,3,1,1
CaseInsensitiveString,1011,setup_322,93286,4,1,1
CaseInsensitiveString,1011,setup_322,93493,5,1,5
CaseInsensitiveString,1011,setup_322,93559,6,1,2
CaseInsensitiveString,1011,setup_322,94306,13,1,5
CaseInsensitiveString,1011,setup_322,94401,14,1,5
CaseInsensitiveString,1011,setup_322,94474,15,1,2
CaseInsensitiveString,1011,setup_322,94549,16,1,3
CaseInsensitiveString,1011,setup_322,94722,17,3,4
CaseInsensitiveString,1012,setup_323,93447,6,1,1
CaseInsensitiveString,1012,setup_323,93678,7,1,1
CaseInsensitiveString,1012,setup_323,94446,11,2,3
CaseInsensitiveString,1012,setup_323,94849,15,2,3
CaseInsensitiveString,1012,setup_323,93256,1,1,1
CaseInsensitiveString,1012,setup_323,93284,2,1,1
CaseInsensitiveString,1012,setup_323,93335,3,1,1
CaseInsensitiveString,1012,setup_323,93417,4,1,2
CaseInsensitiveString,1012,setup_323,93445,5,2,1
CaseInsensitiveString,1012,setup_323,93720,8,1,3
CaseInsensitiveString,1012,setup_323,94509,12,2,1
CaseInsensitiveString,1012,setup_323,94697,13,3,5
CaseInsensitiveString,1012,setup_323,94794,14,3,4
CaseInsensitiveString,1012,setup_323,94922,16,3,2
CaseInsensitiveString,1012,setup_323,94977,18,2,1
Document,1013,setup_359,95555,1,1,1
Document,1013,setup_359,96014,2,2,1
Document,1013,setup_359,96545,3,1,1
Document,1013,setup_359,97269,6,3,1
Document,1013,setup_359,97734,7,1,1
Document,1013,setup_359,98013,8,1,1
Document,1013,setup_359,98222,9,3,1
Document,1013,setup_359,98498,16,3,1
Document,1013,setup_359,98579,20,3,3
Document,1014,setup_353,95376,1,1,3
Document,1014,setup_353,95848,2,1,2
Document,1014,setup_353,96157,3,1,1
Document,1014,setup_353,96747,4,1,1
Document,1014,setup_353,97170,5,1,1
Document,1014,setup_353,97720,6,1,1
Document,1014,setup_353,97944,7,1,1
Document,1014,setup_353,98139,8,1,1
Document,1014,setup_353,98289,9,1,1
Document,1014,setup_353,98347,10,1,2
Document,1014,setup_353,98455,11,1,2
Document,1014,setup_353,98520,12,1,3
Document,1014,setup_353,98559,13,1,2
Document,1014,setup_353,98595,14,1,1
Document,1014,setup_353,98612,15,1,2
Document,1014,setup_353,98628,16,1,1
Document,1014,setup_353,98644,17,1,1
Document,1014,setup_353,98660,18,1,1
Document,1014,setup_353,98676,19,1,1
Document,1014,setup_353,98693,20,1,2
Document,1015,setup_352,95154,1,1,2
Document,1015,setup_352,95408,2,1,1
Document,1015,setup_352,95704,3,1,3
Document,1015,setup_352,95936,4,1,1
Document,1015,setup_352,96169,5,1,1
Document,1015,setup_352,96408,6,1,1
Document,1015,setup_352,96600,7,1,1
Document,1015,setup_352,96892,8,1,1
Document,1015,setup_352,97154,9,1,1
Document,1015,setup_352,97398,10,1,1
Document,1015,setup_352,97623,11,1,2
Document,1015,setup_352,97859,12,1,1
Document,1015,setup_352,97992,13,1,1
Document,1015,setup_352,98103,14,1,1
Document,1015,setup_352,98205,15,1,2
Document,1015,setup_352,98306,16,1,2
Document,1015,setup_352,98333,17,1,1
Document,1015,setup_352,98381,18,1,1
Document,1015,setup_352,98430,19,1,1
Document,1015,setup_352,98479,20,2,1
Document,1016,setup_358,95170,1,1,1
Document,1016,setup_358,95486,2,1,1
Document,1016,setup_358,95904,3,3,1
Document,1016,setup_358,96141,4,2,1
Document,1016,setup_358,96471,5,2,1
Document,1016,setup_358,96780,6,1,1
Document,1016,setup_358,96996,7,1,1
Document,1016,setup_358,97431,8,2,1
Document,1016,setup_358,97686,9,3,1
Document,1016,setup_358,97960,11,1,1
Document,1016,setup_358,98155,12,1,1
Document,1016,setup_358,98273,14,3,1
Document,1016,setup_358,98365,16,3,2
Document,1017,setup_348,95047,1,1,1
Document,1017,setup_348,95258,2,1,3
Document,1017,setup_348,95424,3,1,1
Document,1017,setup_348,95516,4,1,2
Document,1017,setup_348,95722,5,1,3
Document,1017,setup_348,95832,6,1,1
Document,1017,setup_348,95952,7,1,1
Document,1017,setup_348,96102,8,1,1
Document,1017,setup_348,96300,9,1,1
Document,1017,setup_348,96359,10,1,1
Document,1017,setup_348,96461,11,1,1
Document,1017,setup_348,96536,12,1,1
Document,1017,setup_348,96659,13,1,1
Document,1017,setup_348,96700,14,1,1
Document,1017,setup_348,96860,15,1,1
Document,1017,setup_348,97012,16,1,1
Document,1017,setup_348,97140,17,1,2
Document,1017,setup_348,97289,18,1,1
Document,1017,setup_348,97390,19,1,1
Document,1017,setup_348,97487,20,1,1
Document,1018,setup_351,95093,1,1,2
Document,1018,setup_351,95229,2,1,1
Document,1018,setup_351,95326,3,1,1
Document,1018,setup_351,95499,4,1,1
Document,1018,setup_351,95670,5,1,2
Document,1018,setup_351,95814,6,1,2
Document,1018,setup_351,95964,7,1,2
Document,1018,setup_351,96083,8,1,1
Document,1018,setup_351,96284,9,1,1
Document,1018,setup_351,96386,10,1,2
Document,1018,setup_351,96487,11,1,1
Document,1018,setup_351,96616,12,1,1
Document,1018,setup_351,96794,13,1,1
Document,1018,setup_351,96908,14,1,1
Document,1018,setup_351,97090,15,1,2
Document,1018,setup_351,97236,16,1,2
Document,1018,setup_351,97354,17,1,1
Document,1018,setup_351,97549,18,1,3
Document,1018,setup_351,97656,19,1,1
Document,1018,setup_351,97786,20,1,1
CharRange,1019,setup_277,95107,1,1,5
CharRange,1019,setup_277,95246,2,1,2
CharRange,1019,setup_277,95306,3,2,2
CharRange,1019,setup_277,95539,4,1,2
CharRange,1019,setup_277,95663,5,1,3
CharRange,1019,setup_277,95735,6,1,2
CharRange,1019,setup_277,95987,7,3,1
CharRange,1019,setup_277,96099,9,1,1
CharRange,1019,setup_277,96810,15,1,1
CharRange,1019,setup_277,97053,17,2,1
CharRange,1019,setup_277,97531,20,3,1
Rational,1020,setup_40,95008,1,1,1
Rational,1020,setup_40,95013,2,1,2
Rational,1020,setup_40,95096,3,1,2
Rational,1020,setup_40,95591,4,3,1
Rational,1020,setup_40,95667,5,1,1
Rational,1020,setup_40,96205,7,1,1
Rational,1020,setup_40,96337,8,3,1
Rational,1020,setup_40,96621,10,2,1
Rational,1020,setup_40,96955,12,1,1
Rational,1020,setup_40,96994,13,1,1
Rational,1020,setup_40,97342,14,2,1
Rational,1020,setup_40,97469,16,1,1
Rational,1020,setup_40,97515,17,1,1
Rational,1020,setup_40,97675,18,1,1
Rational,1020,setup_40,98065,20,2,1
Document,1021,setup_357,95062,1,1,1
Document,1021,setup_357,95213,2,1,1
Document,1021,setup_357,95392,3,1,1
Document,1021,setup_357,95522,4,1,1
Document,1021,setup_357,95686,5,1,1
Document,1021,setup_357,96048,7,1,3
Document,1021,setup_357,96250,8,2,1
Document,1021,setup_357,96764,11,1,2
Document,1021,setup_357,96876,12,1,1
Document,1021,setup_357,97073,13,2,1
Document,1021,setup_357,97308,14,3,2
Document,1021,setup_357,97704,16,3,1
Document,1021,setup_357,97928,18,3,1
Document,1022,setup_356,95137,1,1,2
Document,1022,setup_356,95310,2,1,3
Document,1022,setup_356,95610,3,3,2
Document,1022,setup_356,95737,4,1,1
Document,1022,setup_356,96268,7,2,1
Document,1022,setup_356,96507,8,3,1
Document,1022,setup_356,96671,9,1,1
Document,1022,setup_356,96844,10,1,2
Document,1022,setup_356,97056,11,1,2
Document,1022,setup_356,97219,12,1,1
Document,1022,setup_356,97567,14,3,1
Document,1022,setup_356,97894,16,2,3
Document,1022,setup_356,98048,17,2,1
Document,1022,setup_356,98241,20,3,2
Document,1023,setup_354,95078,1,1,1
Document,1023,setup_354,95276,2,1,3
Document,1023,setup_354,95441,3,2,1
Document,1023,setup_354,95647,4,2,1
Document,1023,setup_354,95885,5,2,1
Document,1023,setup_354,96526,8,1,4
Document,1023,setup_354,96741,10,2,1
Document,1023,setup_354,97036,11,3,2
Document,1023,setup_354,97253,12,2,1
Document,1023,setup_354,97414,13,1,1
Document,1023,setup_354,97615,15,1,1
Document,1023,setup_354,97879,17,2,1
Document,1023,setup_354,98122,19,3,1
Rational,1024,setup_41,95010,1,1,1
Rational,1024,setup_41,95755,2,2,1
Rational,1024,setup_41,95830,3,1,1
Rational,1024,setup_41,95881,4,1,1
Rational,1024,setup_41,96220,5,1,1
Rational,1024,setup_41,96355,6,3,1
Rational,1024,setup_41,96924,8,1,1
Rational,1024,setup_41,97770,10,2,2
Rational,1024,setup_41,98089,13,1,1
Rational,1024,setup_41,98260,15,1,1
Rational,1024,setup_41,98402,16,1,1
Rational,1024,setup_41,98422,17,2,1
Rational,1024,setup_41,98428,18,2,1
Rational,1024,setup_41,98542,20,1,1
Document,1025,setup_349,95015,1,1,1
Document,1025,setup_349,95181,2,1,1
Document,1025,setup_349,95358,3,1,1
Document,1025,setup_349,95572,4,1,2
Document,1025,setup_349,95797,5,1,3
Document,1025,setup_349,95994,6,1,2
Document,1025,setup_349,96119,7,1,1
Document,1025,setup_349,96315,8,1,1
Document,1025,setup_349,96420,9,1,1
Document,1025,setup_349,96643,10,1,2
Document,1025,setup_349,96824,11,2,1
Document,1025,setup_349,96970,12,1,2
Document,1025,setup_349,97126,13,1,1
Document,1025,setup_349,97325,14,1,2
Document,1025,setup_349,97471,15,1,1
Document,1025,setup_349,97599,16,1,1
Document,1025,setup_349,97752,17,1,1
Document,1025,setup_349,97843,18,1,1
Document,1025,setup_349,97910,19,1,1
Document,1025,setup_349,98030,20,1,2
Document,1026,setup_355,95120,1,1,1
Document,1026,setup_355,95288,2,1,1
Document,1026,setup_355,95454,3,1,1
Document,1026,setup_355,95865,5,2,1
Document,1026,setup_355,96030,6,1,1
Document,1026,setup_355,96228,7,1,1
Document,1026,setup_355,96581,9,1,2
Document,1026,setup_355,96724,10,1,1
Document,1026,setup_355,97187,13,1,2
Document,1026,setup_355,97453,14,3,1
Document,1026,setup_355,97583,15,1,1
Document,1026,setup_355,97976,18,1,1
Document,1026,setup_355,98174,20,1,1
Document,1027,setup_350,95031,1,1,1
Document,1027,setup_350,95197,2,1,1
Document,1027,setup_350,95342,3,1,1
Document,1027,setup_350,95470,4,1,1
Document,1027,setup_350,95626,5,1,1
Document,1027,setup_350,95771,6,1,1
Document,1027,setup_350,95920,7,1,1
Document,1027,setup_350,96064,8,1,1
Document,1027,setup_350,96189,9,1,1
Document,1027,setup_350,96339,10,1,1
Document,1027,setup_350,96439,11,1,1
Document,1027,setup_350,96564,12,1,1
Document,1027,setup_350,96703,13,1,2
Document,1027,setup_350,96939,14,1,4
Document,1027,setup_350,97106,15,1,1
Document,1027,setup_350,97203,16,1,1
Document,1027,setup_350,97374,17,1,1
Document,1027,setup_350,97499,18,1,1
Document,1027,setup_350,97640,19,1,2
Document,1027,setup_350,97803,20,1,2
Rational,1028,setup_65,98783,1,3,2
Rational,1028,setup_65,98830,2,1,2
Rational,1028,setup_65,99012,3,3,5
Rational,1028,setup_65,99118,4,2,3
Rational,1028,setup_65,99278,5,3,5
Rational,1028,setup_65,99391,6,2,4
Rational,1028,setup_65,100013,11,3,2
Rational,1028,setup_65,100060,12,1,2
Rational,1028,setup_65,100480,15,3,4
Rational,1028,setup_65,100790,17,2,4
Rational,1029,setup_64,98722,1,1,4
Rational,1029,setup_64,99099,4,2,2
Rational,1029,setup_64,99179,5,2,2
Rational,1029,setup_64,99544,8,1,4
Rational,1029,setup_64,99620,9,2,2
Rational,1029,setup_64,99719,10,2,3
Rational,1029,setup_64,100000,12,3,4
Rational,1029,setup_64,100002,13,1,1
Rational,1029,setup_64,100307,16,2,5
Rational,1030,setup_59,98712,1,1,1
Rational,1030,setup_59,98882,3,3,1
Rational,1030,setup_59,98912,4,1,1
Rational,1030,setup_59,98993,7,3,1
Rational,1030,setup_59,99146,12,1,1
Rational,1030,setup_59,99309,14,3,1
Rational,1030,setup_59,99581,15,1,1
Rational,1030,setup_59,99609,16,2,1
Rational,1031,setup_52,98714,1,1,1
Rational,1031,setup_52,98737,2,2,1
Rational,1031,setup_52,98752,3,1,1
Rational,1031,setup_52,98937,4,2,1
Rational,1031,setup_52,98973,5,1,1
Rational,1031,setup_52,99102,6,2,1
Rational,1031,setup_52,99171,7,3,1
Rational,1031,setup_52,99300,10,1,1
Rational,1031,setup_52,99350,11,1,1
Rational,1031,setup_52,99724,17,1,1
Rational,1031,setup_52,99891,19,2,1
Rational,1031,setup_52,100098,20,2,1
Rational,1032,setup_58,98709,1,1,1
Rational,1032,setup_58,98724,2,1,1
Rational,1032,setup_58,98745,3,1,1
Rational,1032,setup_58,98750,5,1,1
Rational,1032,setup_58,98827,8,1,1
Rational,1032,setup_58,98862,10,3,1
Rational,1032,setup_58,98915,12,2,1
Rational,1032,setup_58,99184,17,1,1
Rational,1033,setup_62,98767,1,3,1
Rational,1033,setup_62,98908,2,3,2
Rational,1033,setup_62,99364,5,3,2
Rational,1033,setup_62,99452,6,3,2
Rational,1033,setup_62,99505,7,1,4
Rational,1033,setup_62,99873,10,3,1
Rational,1033,setup_62,100026,11,3,2
Rational,1033,setup_62,100466,15,2,1
Rational,1034,setup_60,98817,1,3,2
Rational,1034,setup_60,98851,2,1,2
Rational,1034,setup_60,99075,4,1,1
Rational,1034,setup_60,99253,6,1,1
Rational,1034,setup_60,99297,7,1,3
Rational,1034,setup_60,99475,9,1,2
Rational,1034,setup_60,99743,11,3,1
Rational,1034,setup_60,99969,13,3,1
Rational,1034,setup_60,100250,15,3,2
Rational,1034,setup_60,100850,20,3,4
Rational,1035,setup_53,98727,1,1,1
Rational,1035,setup_53,98975,2,1,1
Rational,1035,setup_53,99054,3,2,1
Rational,1035,setup_53,99091,4,1,1
Rational,1035,setup_53,99182,6,2,1
Rational,1035,setup_53,99207,7,2,1
Rational,1035,setup_53,99523,8,2,1
Rational,1035,setup_53,99539,9,1,1
Rational,1035,setup_53,99625,10,3,1
Rational,1035,setup_53,99819,15,1,1
Rational,1035,setup_53,100030,16,3,1
Rational,1035,setup_53,100130,18,2,1
Rational,1036,setup_61,98734,1,1,5
Rational,1036,setup_61,98790,2,1,3
Rational,1036,setup_61,98971,4,1,1
Rational,1036,setup_61,99130,5,2,3
Rational,1036,setup_61,99334,7,1,2
Rational,1036,setup_61,99458,8,1,5
Rational,1036,setup_61,99565,9,1,3
Rational,1036,setup_61,99659,10,1,3
Rational,1036,setup_61,100072,13,3,1
Rational,1036,setup_61,100087,14,1,2
Rational,1036,setup_61,100296,16,2,2
Rational,1036,setup_61,100338,17,1,3
Rational,1036,setup_61,100445,18,2,4
Rational,1036,setup_61,100568,19,1,3
Rational,1036,setup_61,100606,20,1,2
Rational,1037,setup_63,98743,1,1,5
Rational,1037,setup_63,98966,3,2,4
Rational,1037,setup_63,99251,5,3,2
Rational,1037,setup_63,99692,8,3,4
Rational,1037,setup_63,100222,12,3,3
Rational,1037,setup_63,101135,20,2,2
Rational,1038,setup_66,99371,1,1,4
Rational,1038,setup_66,99412,2,1,2
Rational,1038,setup_66,99510,3,1,2
Rational,1038,setup_66,99702,4,2,4
Rational,1038,setup_66,99707,5,1,1
Rational,1038,setup_66,99772,6,1,3
Rational,1038,setup_66,99976,8,1,1
Rational,1038,setup_66,100731,13,1,3
Rational,1038,setup_66,101039,16,1,2
Rational,1039,setup_67,99768,1,1,3
Rational,1039,setup_67,99941,2,2,5
Rational,1039,setup_67,100043,3,1,2
Rational,1039,setup_67,100310,5,1,2
Rational,1039,setup_67,100410,6,2,4
Rational,1039,setup_67,100535,7,2,4
Rational,1039,setup_67,100584,8,1,1
Rational,1039,setup_67,100691,9,2,1
Rational,1039,setup_67,101015,12,2,3
Rational,1039,setup_67,101106,13,2,1
Rational,1040,setup_68,100192,1,1,5
Rational,1040,setup_68,100502,3,2,1
Rational,1040,setup_68,100591,4,1,5
Rational,1040,setup_68,101202,9,1,2
Rational,1040,setup_68,101240,10,2,1
Rational,1040,setup_68,101392,12,3,4
Rational,1040,setup_68,101484,13,3,4
Rational,1040,setup_68,101668,18,2,1
Rational,1041,setup_69,100319,1,2,1
Rational,1041,setup_69,100682,3,3,3
Rational,1041,setup_69,100806,4,2,5
Rational,1041,setup_69,100924,5,3,3
Rational,1041,setup_69,101406,10,3,4
Rational,1041,setup_69,101521,13,2,1
Rational,1041,setup_69,101735,17,3,1
Rational,1042,setup_70,100701,1,2,4
Rational,1042,setup_70,100815,2,2,1
Rational,1042,setup_70,101072,3,3,3
Rational,1042,setup_70,101099,4,1,1
Rational,1042,setup_70,101126,5,1,4
Rational,1042,setup_70,101296,7,2,1
Rational,1042,setup_70,101371,9,1,1
Rational,1042,setup_70,101448,11,3,2
Rational,1042,setup_70,101679,15,2,5
Rational,1043,setup_71,100778,1,1,2
Rational,1043,setup_71,100873,2,1,3
Rational,1043,setup_71,100887,3,2,2
Rational,1043,setup_71,101058,4,3,5
Rational,1043,setup_71,101164,6,1,1
Rational,1043,setup_71,101225,7,2,3
Rational,1043,setup_71,101289,8,2,3
Rational,1043,setup_71,101368,9,3,4
Rational,1043,setup_71,101496,12,1,1
Rational,1043,setup_71,101573,14,2,1
Rational,1043,setup_71,101724,17,3,4
